1000015;HYDROFLEX
1000015;HYDROFLEX
1000015;HYDROFLEX
ABE000001;ABEL AUTO
ABE000001;ABEL AUTO
ABE000001;ABEL AUTO
ABE000002;ABEL AUTO
ABE000002;ABEL AUTO
ABE000002;ABEL AUTO
ABE000004;ABEL AUTO
ABE000004;ABEL AUTO
ABE000004;ABEL AUTO
ABE000005;ABEL AUTO
ABE000005;ABEL AUTO
ABE000005;ABEL AUTO
ABE000006;ABEL AUTO
ABE000006;ABEL AUTO
ABE000006;ABEL AUTO
ABE000007;ABEL AUTO
ABE000007;ABEL AUTO
ABE000007;ABEL AUTO
ABE000009;ABEL AUTO
ABE000009;ABEL AUTO
ABE000009;ABEL AUTO
ABE000010;ABEL AUTO
ABE000010;ABEL AUTO
ABE000010;ABEL AUTO
ABE000013;ABEL AUTO
ABE000013;ABEL AUTO
ABE000013;ABEL AUTO
ABE000016;ABEL AUTO
ABE000016;ABEL AUTO
ABE000016;ABEL AUTO
ABE000019;ABEL AUTO
ABE000019;ABEL AUTO
ABE000019;ABEL AUTO
ABE000021;ABEL AUTO
ABE000021;ABEL AUTO
ABE000021;ABEL AUTO
ADB000001;ADBL
ADB000001;ADBL
ADB000001;ADBL
ADB000002;ADBL
ADB000002;ADBL
ADB000002;ADBL
ADB000003;ADBL
ADB000003;ADBL
ADB000003;ADBL
ADB000004;ADBL
ADB000004;ADBL
ADB000004;ADBL
ADB000005;ADBL
ADB000005;ADBL
ADB000005;ADBL
ADB000006;ADBL
ADB000006;ADBL
ADB000006;ADBL
ADB000007;ADBL
ADB000007;ADBL
ADB000007;ADBL
ADB000008;ADBL
ADB000008;ADBL
ADB000008;ADBL
ADB000009;ADBL
ADB000009;ADBL
ADB000009;ADBL
ADB000010;ADBL
ADB000010;ADBL
ADB000010;ADBL
ADB000011;ADBL
ADB000011;ADBL
ADB000011;ADBL
ADB000012;ADBL
ADB000012;ADBL
ADB000012;ADBL
ADB000013;ADBL
ADB000013;ADBL
ADB000013;ADBL
ADB000014;ADBL
ADB000014;ADBL
ADB000014;ADBL
ADB000015;ADBL
ADB000015;ADBL
ADB000015;ADBL
ADB000016;ADBL
ADB000016;ADBL
ADB000016;ADBL
ADB000017;ADBL
ADB000017;ADBL
ADB000017;ADBL
ADB000018;ADBL
ADB000018;ADBL
ADB000018;ADBL
ADB000019;ADBL
ADB000019;ADBL
ADB000019;ADBL
ADB000020;ADBL
ADB000020;ADBL
ADB000020;ADBL
ADB000021;ADBL
ADB000021;ADBL
ADB000021;ADBL
ADB000022;ADBL
ADB000022;ADBL
ADB000022;ADBL
ADB000023;ADBL
ADB000023;ADBL
ADB000023;ADBL
ADB000024;ADBL
ADB000024;ADBL
ADB000024;ADBL
ADB000025;ADBL
ADB000025;ADBL
ADB000025;ADBL
ADB000026;ADBL
ADB000026;ADBL
ADB000026;ADBL
ADB000027;ADBL
ADB000027;ADBL
ADB000027;ADBL
ADB000028;ADBL
ADB000028;ADBL
ADB000028;ADBL
ADB000029;ADBL
ADB000029;ADBL
ADB000029;ADBL
ADB000030;ADBL
ADB000030;ADBL
ADB000030;ADBL
ADB000031;ADBL
ADB000031;ADBL
ADB000031;ADBL
ADB000032;ADBL
ADB000032;ADBL
ADB000032;ADBL
ADB000033;ADBL
ADB000033;ADBL
ADB000033;ADBL
ADB000034;ADBL
ADB000034;ADBL
ADB000034;ADBL
ADB000035;ADBL
ADB000035;ADBL
ADB000035;ADBL
ADB000036;ADBL
ADB000036;ADBL
ADB000036;ADBL
ADB000037;ADBL
ADB000037;ADBL
ADB000037;ADBL
ADB000038;ADBL
ADB000038;ADBL
ADB000038;ADBL
ADB000039;ADBL
ADB000039;ADBL
ADB000039;ADBL
ADB000040;ADBL
ADB000040;ADBL
ADB000040;ADBL
ADB000041;ADBL
ADB000041;ADBL
ADB000041;ADBL
ADB000042;ADBL
ADB000042;ADBL
ADB000042;ADBL
Ald000001;Aldis
Ald000001;Aldis
Ald000001;Aldis
Ald000002;Aldis
Ald000002;Aldis
Ald000002;Aldis
Ald000003;Aldis
Ald000003;Aldis
Ald000003;Aldis
Ald000004;Aldis
Ald000004;Aldis
Ald000004;Aldis
Ald000005;Aldis
Ald000005;Aldis
Ald000005;Aldis
Ald000006;Aldis
Ald000006;Aldis
Ald000006;Aldis
Ald000007;Aldis
Ald000007;Aldis
Ald000007;Aldis
Ald000008;Aldis
Ald000008;Aldis
Ald000008;Aldis
Ald000009;Aldis
Ald000009;Aldis
Ald000009;Aldis
Ald000010;Aldis
Ald000010;Aldis
Ald000010;Aldis
Ald000011;Aldis
Ald000011;Aldis
Ald000011;Aldis
Ald000012;Aldis
Ald000012;Aldis
Ald000012;Aldis
Ald000013;Aldis
Ald000013;Aldis
Ald000013;Aldis
Ald000014;Aldis
Ald000014;Aldis
Ald000014;Aldis
Ald000016;Aldis
Ald000016;Aldis
Ald000016;Aldis
Ald000017;Aldis
Ald000017;Aldis
Ald000017;Aldis
Ald000018;Aldis
Ald000018;Aldis
Ald000018;Aldis
Ald000019;Aldis
Ald000019;Aldis
Ald000019;Aldis
Ald000020;Aldis
Ald000020;Aldis
Ald000020;Aldis
Ald000021;Aldis
Ald000021;Aldis
Ald000021;Aldis
Ald000023;Aldis
Ald000023;Aldis
Ald000023;Aldis
Ald000024;Aldis
Ald000024;Aldis
Ald000024;Aldis
Aro000001;Aroma
Aro000001;Aroma
Aro000001;Aroma
Aro000002;Aroma
Aro000002;Aroma
Aro000002;Aroma
Aro000003;Aroma
Aro000003;Aroma
Aro000003;Aroma
Aro000004;Aroma
Aro000004;Aroma
Aro000004;Aroma
Aro000005;Aroma
Aro000005;Aroma
Aro000005;Aroma
Aro000006;Aroma
Aro000006;Aroma
Aro000006;Aroma
Aro000007;Aroma
Aro000007;Aroma
Aro000007;Aroma
Aro000008;Aroma
Aro000008;Aroma
Aro000008;Aroma
Aro000009;Aroma
Aro000009;Aroma
Aro000009;Aroma
Aro000010;Aroma
Aro000010;Aroma
Aro000010;Aroma
Aro000011;Aroma
Aro000011;Aroma
Aro000011;Aroma
Aro000012;Aroma
Aro000012;Aroma
Aro000012;Aroma
Aro000013;Aroma
Aro000013;Aroma
Aro000013;Aroma
Aro000014;Aroma
Aro000014;Aroma
Aro000014;Aroma
Aro000015;Aroma
Aro000015;Aroma
Aro000015;Aroma
Aro000016;Aroma
Aro000016;Aroma
Aro000016;Aroma
Aro000017;Aroma
Aro000017;Aroma
Aro000017;Aroma
Aro000018;Aroma
Aro000018;Aroma
Aro000018;Aroma
Aro000019;Aroma
Aro000019;Aroma
Aro000019;Aroma
Aro000020;Aroma
Aro000020;Aroma
Aro000020;Aroma
Aro000021;Aroma
Aro000021;Aroma
Aro000021;Aroma
Aro000022;Aroma
Aro000022;Aroma
Aro000022;Aroma
Aro000023;Aroma
Aro000023;Aroma
Aro000023;Aroma
Aro000024;Aroma
Aro000024;Aroma
Aro000024;Aroma
Aro000025;Aroma
Aro000025;Aroma
Aro000025;Aroma
Aro000026;Aroma
Aro000026;Aroma
Aro000026;Aroma
Aro000027;Aroma
Aro000027;Aroma
Aro000027;Aroma
Aro000028;Aroma
Aro000028;Aroma
Aro000028;Aroma
Aro000029;Aroma
Aro000029;Aroma
Aro000029;Aroma
Aro000030;Aroma
Aro000030;Aroma
Aro000030;Aroma
Aro000031;Aroma
Aro000031;Aroma
Aro000031;Aroma
Aro000032;Aroma
Aro000032;Aroma
Aro000032;Aroma
Aro000033;Aroma
Aro000033;Aroma
Aro000033;Aroma
Aro000034;Aroma
Aro000034;Aroma
Aro000034;Aroma
Aro000035;Aroma
Aro000035;Aroma
Aro000035;Aroma
Aro000036;Aroma
Aro000036;Aroma
Aro000036;Aroma
Aro000037;Aroma
Aro000037;Aroma
Aro000037;Aroma
Aro000038;Aroma
Aro000038;Aroma
Aro000038;Aroma
Aro000039;Aroma
Aro000039;Aroma
Aro000039;Aroma
Aro000040;Aroma
Aro000040;Aroma
Aro000040;Aroma
Aro000041;Aroma
Aro000041;Aroma
Aro000041;Aroma
Aro000042;Aroma
Aro000042;Aroma
Aro000042;Aroma
Aro000043;Aroma
Aro000043;Aroma
Aro000043;Aroma
Aro000044;Aroma
Aro000044;Aroma
Aro000044;Aroma
Aro000045;Aroma
Aro000045;Aroma
Aro000045;Aroma
Aro000046;Aroma
Aro000046;Aroma
Aro000046;Aroma
Aro000047;Aroma
Aro000047;Aroma
Aro000047;Aroma
Aro000048;Aroma
Aro000048;Aroma
Aro000048;Aroma
Aro000049;Aroma
Aro000049;Aroma
Aro000049;Aroma
Aro000050;Aroma
Aro000050;Aroma
Aro000050;Aroma
Aro000051;Aroma
Aro000051;Aroma
Aro000051;Aroma
Aro000052;Aroma
Aro000052;Aroma
Aro000052;Aroma
Aro000053;Aroma
Aro000053;Aroma
Aro000053;Aroma
Aro000054;Aroma
Aro000054;Aroma
Aro000054;Aroma
Aro000055;Aroma
Aro000055;Aroma
Aro000055;Aroma
Aro000056;Aroma
Aro000056;Aroma
Aro000056;Aroma
Aro000057;Aroma
Aro000057;Aroma
Aro000057;Aroma
Aro000058;Aroma
Aro000058;Aroma
Aro000058;Aroma
Aro000059;Aroma
Aro000059;Aroma
Aro000059;Aroma
Aro000060;Aroma
Aro000060;Aroma
Aro000060;Aroma
Aro000061;Aroma
Aro000061;Aroma
Aro000061;Aroma
Aro000062;Aroma
Aro000062;Aroma
Aro000062;Aroma
Aro000063;Aroma
Aro000063;Aroma
Aro000063;Aroma
Aro000064;Aroma
Aro000064;Aroma
Aro000064;Aroma
Aro000065;Aroma
Aro000065;Aroma
Aro000065;Aroma
Aro000066;Aroma
Aro000066;Aroma
Aro000066;Aroma
Aro000067;Aroma
Aro000067;Aroma
Aro000067;Aroma
Aro000068;Aroma
Aro000068;Aroma
Aro000068;Aroma
Aro000069;Aroma
Aro000069;Aroma
Aro000069;Aroma
Aro000070;Aroma
Aro000070;Aroma
Aro000070;Aroma
Aro000071;Aroma
Aro000071;Aroma
Aro000071;Aroma
Aro000072;Aroma
Aro000072;Aroma
Aro000072;Aroma
Aro000073;Aroma
Aro000073;Aroma
Aro000073;Aroma
Aro000074;Aroma
Aro000074;Aroma
Aro000074;Aroma
Aro000075;Aroma
Aro000075;Aroma
Aro000075;Aroma
Aro000076;Aroma
Aro000076;Aroma
Aro000076;Aroma
Aro000077;Aroma
Aro000077;Aroma
Aro000077;Aroma
Aro000078;Aroma
Aro000078;Aroma
Aro000078;Aroma
Aro000079;Aroma
Aro000079;Aroma
Aro000079;Aroma
Aro000080;Aroma
Aro000080;Aroma
Aro000080;Aroma
Aro000081;Aroma
Aro000081;Aroma
Aro000081;Aroma
Aro000082;Aroma
Aro000082;Aroma
Aro000082;Aroma
Aro000083;Aroma
Aro000083;Aroma
Aro000083;Aroma
Aro000084;Aroma
Aro000084;Aroma
Aro000084;Aroma
Aro000085;Aroma
Aro000085;Aroma
Aro000085;Aroma
Aro000086;Aroma
Aro000086;Aroma
Aro000086;Aroma
Aro000087;Aroma
Aro000087;Aroma
Aro000087;Aroma
Aro000088;Aroma
Aro000088;Aroma
Aro000088;Aroma
Aro000089;Aroma
Aro000089;Aroma
Aro000089;Aroma
Aro000090;Aroma
Aro000090;Aroma
Aro000090;Aroma
Aro000091;Aroma
Aro000091;Aroma
Aro000091;Aroma
Aro000092;Aroma
Aro000092;Aroma
Aro000092;Aroma
Aro000093;Aroma
Aro000093;Aroma
Aro000093;Aroma
Aro000094;Aroma
Aro000094;Aroma
Aro000094;Aroma
Aro000095;Aroma
Aro000095;Aroma
Aro000095;Aroma
Aro000096;Aroma
Aro000096;Aroma
Aro000096;Aroma
Aro000097;Aroma
Aro000097;Aroma
Aro000097;Aroma
Aro000098;Aroma
Aro000098;Aroma
Aro000098;Aroma
Aro000099;Aroma
Aro000099;Aroma
Aro000099;Aroma
Aro000100;Aroma
Aro000100;Aroma
Aro000100;Aroma
Aro000101;Aroma
Aro000101;Aroma
Aro000101;Aroma
Aro000102;Aroma
Aro000102;Aroma
Aro000102;Aroma
Aro000103;Aroma
Aro000103;Aroma
Aro000103;Aroma
Aro000104;Aroma
Aro000104;Aroma
Aro000104;Aroma
Aro000105;Aroma
Aro000105;Aroma
Aro000105;Aroma
Aro000106;Aroma
Aro000106;Aroma
Aro000106;Aroma
Aro000107;Aroma
Aro000107;Aroma
Aro000107;Aroma
Aro000108;Aroma
Aro000108;Aroma
Aro000108;Aroma
Aro000109;Aroma
Aro000109;Aroma
Aro000109;Aroma
Aro000110;Aroma
Aro000110;Aroma
Aro000110;Aroma
Aro000111;Aroma
Aro000111;Aroma
Aro000111;Aroma
Aro000112;Aroma
Aro000112;Aroma
Aro000112;Aroma
Aro000113;Aroma
Aro000113;Aroma
Aro000113;Aroma
Aro000114;Aroma
Aro000114;Aroma
Aro000114;Aroma
Aro000115;Aroma
Aro000115;Aroma
Aro000115;Aroma
Aro000116;Aroma
Aro000116;Aroma
Aro000116;Aroma
Aro000117;Aroma
Aro000117;Aroma
Aro000117;Aroma
Aro000118;Aroma
Aro000118;Aroma
Aro000118;Aroma
Aro000119;Aroma
Aro000119;Aroma
Aro000119;Aroma
Aro000120;Aroma
Aro000120;Aroma
Aro000120;Aroma
Aro000121;Aroma
Aro000121;Aroma
Aro000121;Aroma
Aro000122;Aroma
Aro000122;Aroma
Aro000122;Aroma
ATAS0001;ATAS
ATAS0001;ATAS
ATAS0001;ATAS
ATAS0002;ATAS
ATAS0002;ATAS
ATAS0002;ATAS
ATAS0003;ATAS
ATAS0003;ATAS
ATAS0003;ATAS
ATAS0004;ATAS
ATAS0004;ATAS
ATAS0004;ATAS
ATAS0005;ATAS
ATAS0005;ATAS
ATAS0005;ATAS
ATAS0006;ATAS
ATAS0006;ATAS
ATAS0006;ATAS
ATAS0008;ATAS
ATAS0008;ATAS
ATAS0008;ATAS
ATAS0009;ATAS
ATAS0009;ATAS
ATAS0009;ATAS
ATAS0011;ATAS
ATAS0011;ATAS
ATAS0011;ATAS
ATAS0012;ATAS
ATAS0012;ATAS
ATAS0012;ATAS
ATAS0017;ATAS
ATAS0017;ATAS
ATAS0017;ATAS
ATAS0022;ATAS
ATAS0022;ATAS
ATAS0022;ATAS
ATAS0025;ATAS
ATAS0025;ATAS
ATAS0025;ATAS
ATAS0028;ATAS
ATAS0028;ATAS
ATAS0028;ATAS
ATAS0029;ATAS
ATAS0029;ATAS
ATAS0029;ATAS
ATAS0030;ATAS
ATAS0030;ATAS
ATAS0030;ATAS
ATAS0031;ATAS
ATAS0031;ATAS
ATAS0031;ATAS
ATAS0032;ATAS
ATAS0032;ATAS
ATAS0032;ATAS
ATAS0033;ATAS
ATAS0033;ATAS
ATAS0033;ATAS
ATAS0034;ATAS
ATAS0034;ATAS
ATAS0034;ATAS
ATAS0035;ATAS
ATAS0035;ATAS
ATAS0035;ATAS
ATAS0036;ATAS
ATAS0036;ATAS
ATAS0036;ATAS
ATAS0037;ATAS
ATAS0037;ATAS
ATAS0037;ATAS
ATAS0038;ATAS
ATAS0038;ATAS
ATAS0038;ATAS
ATAS0039;ATAS
ATAS0039;ATAS
ATAS0039;ATAS
ATAS0040;ATAS
ATAS0040;ATAS
ATAS0040;ATAS
ATAS0041;ATAS
ATAS0041;ATAS
ATAS0041;ATAS
ATAS0042;ATAS
ATAS0042;ATAS
ATAS0042;ATAS
ATAS0043;ATAS
ATAS0043;ATAS
ATAS0043;ATAS
ATAS0044;ATAS
ATAS0044;ATAS
ATAS0044;ATAS
ATAS0045;ATAS
ATAS0045;ATAS
ATAS0045;ATAS
ATAS0046;ATAS
ATAS0046;ATAS
ATAS0046;ATAS
ATAS0047;ATAS
ATAS0047;ATAS
ATAS0047;ATAS
ATAS0048;ATAS
ATAS0048;ATAS
ATAS0048;ATAS
ATAS0049;ATAS
ATAS0049;ATAS
ATAS0049;ATAS
ATAS0050;ATAS
ATAS0050;ATAS
ATAS0050;ATAS
ATAS0051;ATAS
ATAS0051;ATAS
ATAS0051;ATAS
ATAS0052;ATAS
ATAS0052;ATAS
ATAS0052;ATAS
ATAS0053;ATAS
ATAS0053;ATAS
ATAS0053;ATAS
ATAS0055;ATAS
ATAS0055;ATAS
ATAS0055;ATAS
ATAS0056;ATAS
ATAS0056;ATAS
ATAS0056;ATAS
ATAS0057;ATAS
ATAS0057;ATAS
ATAS0057;ATAS
ATAS0058;ATAS
ATAS0058;ATAS
ATAS0058;ATAS
ATAS0059;ATAS
ATAS0059;ATAS
ATAS0059;ATAS
ATAS0060;ATAS
ATAS0060;ATAS
ATAS0060;ATAS
ATAS0061;ATAS
ATAS0061;ATAS
ATAS0061;ATAS
ATAS0062;ATAS
ATAS0062;ATAS
ATAS0062;ATAS
ATAS0063;ATAS
ATAS0063;ATAS
ATAS0063;ATAS
ATAS0064;ATAS
ATAS0064;ATAS
ATAS0064;ATAS
ATAS0067;ATAS
ATAS0067;ATAS
ATAS0067;ATAS
ATAS0068;ATAS
ATAS0068;ATAS
ATAS0068;ATAS
ATAS0069;ATAS
ATAS0069;ATAS
ATAS0069;ATAS
ATAS0070;ATAS
ATAS0070;ATAS
ATAS0070;ATAS
ATAS0071;ATAS
ATAS0071;ATAS
ATAS0071;ATAS
ATAS0072;ATAS
ATAS0072;ATAS
ATAS0072;ATAS
ATAS0073;ATAS
ATAS0073;ATAS
ATAS0073;ATAS
ATAS0074;ATAS
ATAS0074;ATAS
ATAS0074;ATAS
ATAS0075;ATAS
ATAS0075;ATAS
ATAS0075;ATAS
ATAS0076;ATAS
ATAS0076;ATAS
ATAS0076;ATAS
ATAS0077;ATAS
ATAS0077;ATAS
ATAS0077;ATAS
ATAS0078;ATAS
ATAS0078;ATAS
ATAS0078;ATAS
ATAS0079;ATAS
ATAS0079;ATAS
ATAS0079;ATAS
ATAS0080;ATAS
ATAS0080;ATAS
ATAS0080;ATAS
ATAS0081;ATAS
ATAS0081;ATAS
ATAS0081;ATAS
ATAS0082;ATAS
ATAS0082;ATAS
ATAS0082;ATAS
ATAS0083;ATAS
ATAS0083;ATAS
ATAS0083;ATAS
ATAS0084;ATAS
ATAS0084;ATAS
ATAS0084;ATAS
ATAS0085;ATAS
ATAS0085;ATAS
ATAS0085;ATAS
ATAS0086;ATAS
ATAS0086;ATAS
ATAS0086;ATAS
ATAS0087;ATAS
ATAS0087;ATAS
ATAS0087;ATAS
ATAS0088;ATAS
ATAS0088;ATAS
ATAS0088;ATAS
ATAS0089;ATAS
ATAS0089;ATAS
ATAS0089;ATAS
ATAS0090;ATAS
ATAS0090;ATAS
ATAS0090;ATAS
ATAS0091;ATAS
ATAS0091;ATAS
ATAS0091;ATAS
ATAS0092;ATAS
ATAS0092;ATAS
ATAS0092;ATAS
ATAS0093;ATAS
ATAS0093;ATAS
ATAS0093;ATAS
ATAS0094;ATAS
ATAS0094;ATAS
ATAS0094;ATAS
ATAS0095;ATAS
ATAS0095;ATAS
ATAS0095;ATAS
ATAS0096;ATAS
ATAS0096;ATAS
ATAS0096;ATAS
ATAS0097;ATAS
ATAS0097;ATAS
ATAS0097;ATAS
ATAS0098;ATAS
ATAS0098;ATAS
ATAS0098;ATAS
ATAS0099;ATAS
ATAS0099;ATAS
ATAS0099;ATAS
ATAS0100;ATAS
ATAS0100;ATAS
ATAS0100;ATAS
ATAS0101;ATAS
ATAS0101;ATAS
ATAS0101;ATAS
ATAS0102;ATAS
ATAS0102;ATAS
ATAS0102;ATAS
ATAS0103;ATAS
ATAS0103;ATAS
ATAS0103;ATAS
ATAS0104;ATAS
ATAS0104;ATAS
ATAS0104;ATAS
ATAS0105;ATAS
ATAS0105;ATAS
ATAS0105;ATAS
ATAS0106;ATAS
ATAS0106;ATAS
ATAS0106;ATAS
ATAS0107;ATAS
ATAS0107;ATAS
ATAS0107;ATAS
ATAS0108;ATAS
ATAS0108;ATAS
ATAS0108;ATAS
ATAS0109;ATAS
ATAS0109;ATAS
ATAS0109;ATAS
ATAS0110;ATAS
ATAS0110;ATAS
ATAS0110;ATAS
ATAS0111;ATAS
ATAS0111;ATAS
ATAS0111;ATAS
ATAS0112;ATAS
ATAS0112;ATAS
ATAS0112;ATAS
ATAS0113;ATAS
ATAS0113;ATAS
ATAS0113;ATAS
ATAS0114;ATAS
ATAS0114;ATAS
ATAS0114;ATAS
ATAS0115;ATAS
ATAS0115;ATAS
ATAS0115;ATAS
ATAS0116;ATAS
ATAS0116;ATAS
ATAS0116;ATAS
ATAS0117;ATAS
ATAS0117;ATAS
ATAS0117;ATAS
ATAS0118;ATAS
ATAS0118;ATAS
ATAS0118;ATAS
ATAS0119;ATAS
ATAS0119;ATAS
ATAS0119;ATAS
ATAS0120;ATAS
ATAS0120;ATAS
ATAS0120;ATAS
ATAS0122;ATAS
ATAS0122;ATAS
ATAS0122;ATAS
ATAS0123;ATAS
ATAS0123;ATAS
ATAS0123;ATAS
ATAS0124;ATAS
ATAS0124;ATAS
ATAS0124;ATAS
ATAS0125;ATAS
ATAS0125;ATAS
ATAS0125;ATAS
ATAS0126;ATAS
ATAS0126;ATAS
ATAS0126;ATAS
ATAS0127;ATAS
ATAS0127;ATAS
ATAS0127;ATAS
ATAS0129;ATAS
ATAS0129;ATAS
ATAS0129;ATAS
ATAS0130;ATAS
ATAS0130;ATAS
ATAS0130;ATAS
ATAS0132;ATAS
ATAS0132;ATAS
ATAS0132;ATAS
ATAS0133;ATAS
ATAS0133;ATAS
ATAS0133;ATAS
ATAS0134;ATAS
ATAS0134;ATAS
ATAS0134;ATAS
ATAS0135;ATAS
ATAS0135;ATAS
ATAS0135;ATAS
ATAS0136;ATAS
ATAS0136;ATAS
ATAS0136;ATAS
ATAS0137;ATAS
ATAS0137;ATAS
ATAS0137;ATAS
ATAS0138;ATAS
ATAS0138;ATAS
ATAS0138;ATAS
ATAS0139;ATAS
ATAS0139;ATAS
ATAS0139;ATAS
ATAS0140;ATAS
ATAS0140;ATAS
ATAS0140;ATAS
ATAS0141;ATAS
ATAS0141;ATAS
ATAS0141;ATAS
ATAS0142;ATAS
ATAS0142;ATAS
ATAS0142;ATAS
ATAS0143;ATAS
ATAS0143;ATAS
ATAS0143;ATAS
ATAS0144;ATAS
ATAS0144;ATAS
ATAS0144;ATAS
ATAS0145;ATAS
ATAS0145;ATAS
ATAS0145;ATAS
ATAS0146;ATAS
ATAS0146;ATAS
ATAS0146;ATAS
ATAS0147;ATAS
ATAS0147;ATAS
ATAS0147;ATAS
ATAS0148;ATAS
ATAS0148;ATAS
ATAS0148;ATAS
ATAS0149;ATAS
ATAS0149;ATAS
ATAS0149;ATAS
ATAS0150;ATAS
ATAS0150;ATAS
ATAS0150;ATAS
ATAS0151;ATAS
ATAS0151;ATAS
ATAS0151;ATAS
ATAS0152;ATAS
ATAS0152;ATAS
ATAS0152;ATAS
ATAS0153;ATAS
ATAS0153;ATAS
ATAS0153;ATAS
ATAS0154;ATAS
ATAS0154;ATAS
ATAS0154;ATAS
ATAS0155;ATAS
ATAS0155;ATAS
ATAS0155;ATAS
ATAS0156;ATAS
ATAS0156;ATAS
ATAS0156;ATAS
ATAS0157;ATAS
ATAS0157;ATAS
ATAS0157;ATAS
ATAS0158;ATAS
ATAS0158;ATAS
ATAS0158;ATAS
ATAS0159;ATAS
ATAS0159;ATAS
ATAS0159;ATAS
ATAS0160;ATAS
ATAS0160;ATAS
ATAS0160;ATAS
ATAS0161;ATAS
ATAS0161;ATAS
ATAS0161;ATAS
ATAS0162;ATAS
ATAS0162;ATAS
ATAS0162;ATAS
ATAS0163;ATAS
ATAS0163;ATAS
ATAS0163;ATAS
ATAS0164;ATAS
ATAS0164;ATAS
ATAS0164;ATAS
ATAS0165;ATAS
ATAS0165;ATAS
ATAS0165;ATAS
ATAS0166;ATAS
ATAS0166;ATAS
ATAS0166;ATAS
ATAS0167;ATAS
ATAS0167;ATAS
ATAS0167;ATAS
ATAS0168;ATAS
ATAS0168;ATAS
ATAS0168;ATAS
ATAS0169;ATAS
ATAS0169;ATAS
ATAS0169;ATAS
ATAS0170;ATAS
ATAS0170;ATAS
ATAS0170;ATAS
ATAS0171;ATAS
ATAS0171;ATAS
ATAS0171;ATAS
ATAS0172;ATAS
ATAS0172;ATAS
ATAS0172;ATAS
ATAS0173;ATAS
ATAS0173;ATAS
ATAS0173;ATAS
ATAS0174;ATAS
ATAS0174;ATAS
ATAS0174;ATAS
ATAS0175;ATAS
ATAS0175;ATAS
ATAS0175;ATAS
ATAS0176;ATAS
ATAS0176;ATAS
ATAS0176;ATAS
ATAS0177;ATAS
ATAS0177;ATAS
ATAS0177;ATAS
ATAS0178;ATAS
ATAS0178;ATAS
ATAS0178;ATAS
ATAS0179;ATAS
ATAS0179;ATAS
ATAS0179;ATAS
ATAS0180;ATAS
ATAS0180;ATAS
ATAS0180;ATAS
ATAS0181;ATAS
ATAS0181;ATAS
ATAS0181;ATAS
ATAS0182;ATAS
ATAS0182;ATAS
ATAS0182;ATAS
ATAS0183;ATAS
ATAS0183;ATAS
ATAS0183;ATAS
ATAS0184;ATAS
ATAS0184;ATAS
ATAS0184;ATAS
ATAS0185;ATAS
ATAS0185;ATAS
ATAS0185;ATAS
ATAS0186;ATAS
ATAS0186;ATAS
ATAS0186;ATAS
ATAS0187;ATAS
ATAS0187;ATAS
ATAS0187;ATAS
ATAS0188;ATAS
ATAS0188;ATAS
ATAS0188;ATAS
ATAS0189;ATAS
ATAS0189;ATAS
ATAS0189;ATAS
ATAS0190;ATAS
ATAS0190;ATAS
ATAS0190;ATAS
ATAS0191;ATAS
ATAS0191;ATAS
ATAS0191;ATAS
ATAS0192;ATAS
ATAS0192;ATAS
ATAS0192;ATAS
ATAS0193;ATAS
ATAS0193;ATAS
ATAS0193;ATAS
ATAS0194;ATAS
ATAS0194;ATAS
ATAS0194;ATAS
ATAS0195;ATAS
ATAS0195;ATAS
ATAS0195;ATAS
ATAS0196;ATAS
ATAS0196;ATAS
ATAS0196;ATAS
ATAS0197;ATAS
ATAS0197;ATAS
ATAS0197;ATAS
ATAS0198;ATAS
ATAS0198;ATAS
ATAS0198;ATAS
ATAS0199;ATAS
ATAS0199;ATAS
ATAS0199;ATAS
ATAS0200;ATAS
ATAS0200;ATAS
ATAS0200;ATAS
ATAS0201;ATAS
ATAS0201;ATAS
ATAS0201;ATAS
ATAS0202;ATAS
ATAS0202;ATAS
ATAS0202;ATAS
BAS000001;BASSAU
BAS000001;BASSAU
BAS000001;BASSAU
BAS000002;BASSAU
BAS000002;BASSAU
BAS000002;BASSAU
BAS000003;BASSAU
BAS000003;BASSAU
BAS000003;BASSAU
BAS000004;BASSAU
BAS000004;BASSAU
BAS000004;BASSAU
BAS000005;BASSAU
BAS000005;BASSAU
BAS000005;BASSAU
BAS000006;BASSAU
BAS000006;BASSAU
BAS000006;BASSAU
BAS000007;BASSAU
BAS000007;BASSAU
BAS000007;BASSAU
BAS000008;BASSAU
BAS000008;BASSAU
BAS000008;BASSAU
BAS000009;BASSAU
BAS000009;BASSAU
BAS000009;BASSAU
BAS000010;BASSAU
BAS000010;BASSAU
BAS000010;BASSAU
BOL000001;BOLL
BOL000001;BOLL
BOL000001;BOLL
CAR000001;CARPET
CAR000001;CARPET
CAR000001;CARPET
CAR000002;CARPET
CAR000002;CARPET
CAR000002;CARPET
CAR000003;CARPET
CAR000003;CARPET
CAR000003;CARPET
CAR000004;CARPET
CAR000004;CARPET
CAR000004;CARPET
CAR000005;CARPET
CAR000005;CARPET
CAR000005;CARPET
CAR000006;CARPET
CAR000006;CARPET
CAR000006;CARPET
CAR000007;CARPET
CAR000007;CARPET
CAR000007;CARPET
CAR000008;CARPET
CAR000008;CARPET
CAR000008;CARPET
CAR000009;CARPET
CAR000009;CARPET
CAR000009;CARPET
CAR000010;CARPET
CAR000010;CARPET
CAR000010;CARPET
CAR000011;CARPET
CAR000011;CARPET
CAR000011;CARPET
CAR000012;CARPET
CAR000012;CARPET
CAR000012;CARPET
CAR000013;CARPET
CAR000013;CARPET
CAR000013;CARPET
CAR000014;CARPET
CAR000014;CARPET
CAR000014;CARPET
CAR000015;CARPET
CAR000015;CARPET
CAR000015;CARPET
CAR000016;CARPET
CAR000016;CARPET
CAR000016;CARPET
CAR000017;CARPET
CAR000017;CARPET
CAR000017;CARPET
CAR000018;CARPET
CAR000018;CARPET
CAR000018;CARPET
CAR000019;CARPET
CAR000019;CARPET
CAR000019;CARPET
CAR000020;CARPET
CAR000020;CARPET
CAR000020;CARPET
CAR000021;CARPET
CAR000021;CARPET
CAR000021;CARPET
CAR000022;CARPET
CAR000022;CARPET
CAR000022;CARPET
CAR000023;CARPET
CAR000023;CARPET
CAR000023;CARPET
CAR000024;CARPET
CAR000024;CARPET
CAR000024;CARPET
CAR000025;CARPET
CAR000025;CARPET
CAR000025;CARPET
CAR000026;CARPET
CAR000026;CARPET
CAR000026;CARPET
CAR000027;CARPET
CAR000027;CARPET
CAR000027;CARPET
CAR000028;CARPET
CAR000028;CARPET
CAR000028;CARPET
CAR000029;CARPET
CAR000029;CARPET
CAR000029;CARPET
CAR000030;CARPET
CAR000030;CARPET
CAR000030;CARPET
CAR000031;CARPET
CAR000031;CARPET
CAR000031;CARPET
CAR000032;CARPET
CAR000032;CARPET
CAR000032;CARPET
CART0001;CARTEC
CART0001;CARTEC
CART0001;CARTEC
CART0002;CARTEC
CART0002;CARTEC
CART0002;CARTEC
CART0003;CARTEC
CART0003;CARTEC
CART0003;CARTEC
CART0004;CARTEC
CART0004;CARTEC
CART0004;CARTEC
CART0005;CARTEC
CART0005;CARTEC
CART0005;CARTEC
CART0006;CARTEC
CART0006;CARTEC
CART0006;CARTEC
CART0007;CARTEC
CART0007;CARTEC
CART0007;CARTEC
CART0008;CARTEC
CART0008;CARTEC
CART0008;CARTEC
CART0009;CARTEC
CART0009;CARTEC
CART0009;CARTEC
CART0010;CARTEC
CART0010;CARTEC
CART0010;CARTEC
CART0011;CARTEC
CART0011;CARTEC
CART0011;CARTEC
CART0012;CARTEC
CART0012;CARTEC
CART0012;CARTEC
CART0013;CARTEC
CART0013;CARTEC
CART0013;CARTEC
CART0014;CARTEC
CART0014;CARTEC
CART0014;CARTEC
CART0015;CARTEC
CART0015;CARTEC
CART0015;CARTEC
CART0016;CARTEC
CART0016;CARTEC
CART0016;CARTEC
CART0017;CARTEC
CART0017;CARTEC
CART0017;CARTEC
CART0018;CARTEC
CART0018;CARTEC
CART0018;CARTEC
CART0019;CARTEC
CART0019;CARTEC
CART0019;CARTEC
CART0020;CARTEC
CART0020;CARTEC
CART0020;CARTEC
CART0021;CARTEC
CART0021;CARTEC
CART0021;CARTEC
CART0022;CARTEC
CART0022;CARTEC
CART0022;CARTEC
CART0023;CARTEC
CART0023;CARTEC
CART0023;CARTEC
CART0025;CARTEC
CART0025;CARTEC
CART0025;CARTEC
CART0026;CARTEC
CART0026;CARTEC
CART0026;CARTEC
CART0027;CARTEC
CART0027;CARTEC
CART0027;CARTEC
CART0028;CARTEC
CART0028;CARTEC
CART0028;CARTEC
CART0029;CARTEC
CART0029;CARTEC
CART0029;CARTEC
CART0030;CARTEC
CART0030;CARTEC
CART0030;CARTEC
CART0031;CARTEC
CART0031;CARTEC
CART0031;CARTEC
CART0032;CARTEC
CART0032;CARTEC
CART0032;CARTEC
CART0033;CARTEC
CART0033;CARTEC
CART0033;CARTEC
CART0034;CARTEC
CART0034;CARTEC
CART0034;CARTEC
CART0035;CARTEC
CART0035;CARTEC
CART0035;CARTEC
CART0036;CARTEC
CART0036;CARTEC
CART0036;CARTEC
CART0037;CARTEC
CART0037;CARTEC
CART0037;CARTEC
CART0038;CARTEC
CART0038;CARTEC
CART0038;CARTEC
CART0039;CARTEC
CART0039;CARTEC
CART0039;CARTEC
CART0040;CARTEC
CART0040;CARTEC
CART0040;CARTEC
CART0041;CARTEC
CART0041;CARTEC
CART0041;CARTEC
CART0042;CARTEC
CART0042;CARTEC
CART0042;CARTEC
CART0043;CARTEC
CART0043;CARTEC
CART0043;CARTEC
CART0044;CARTEC
CART0044;CARTEC
CART0044;CARTEC
CART0045;CARTEC
CART0045;CARTEC
CART0045;CARTEC
CART0046;CARTEC
CART0046;CARTEC
CART0046;CARTEC
CART0047;CARTEC
CART0047;CARTEC
CART0047;CARTEC
CART0048;CARTEC
CART0048;CARTEC
CART0048;CARTEC
CART0049;CARTEC
CART0049;CARTEC
CART0049;CARTEC
CART0050;CARTEC
CART0050;CARTEC
CART0050;CARTEC
CART0051;CARTEC
CART0051;CARTEC
CART0051;CARTEC
CART0052;CARTEC
CART0052;CARTEC
CART0052;CARTEC
CART0053;CARTEC
CART0053;CARTEC
CART0053;CARTEC
CART0054;CARTEC
CART0054;CARTEC
CART0054;CARTEC
CART0055;CARTEC
CART0055;CARTEC
CART0055;CARTEC
CART0056;CARTEC
CART0056;CARTEC
CART0056;CARTEC
CART0057;CARTEC
CART0057;CARTEC
CART0057;CARTEC
CART0058;CARTEC
CART0058;CARTEC
CART0058;CARTEC
CART0059;CARTEC
CART0059;CARTEC
CART0059;CARTEC
CART0060;CARTEC
CART0060;CARTEC
CART0060;CARTEC
CART0061;CARTEC
CART0061;CARTEC
CART0061;CARTEC
CART0062;CARTEC
CART0062;CARTEC
CART0062;CARTEC
CART0063;CARTEC
CART0063;CARTEC
CART0063;CARTEC
CART0064;CARTEC
CART0064;CARTEC
CART0064;CARTEC
CART0065;CARTEC
CART0065;CARTEC
CART0065;CARTEC
CART0066;CARTEC
CART0066;CARTEC
CART0066;CARTEC
CART0067;CARTEC
CART0067;CARTEC
CART0067;CARTEC
CART0068;CARTEC
CART0068;CARTEC
CART0068;CARTEC
CART0069;CARTEC
CART0069;CARTEC
CART0069;CARTEC
CART0070;CARTEC
CART0070;CARTEC
CART0070;CARTEC
CART0071;CARTEC
CART0071;CARTEC
CART0071;CARTEC
CART0072;CARTEC
CART0072;CARTEC
CART0072;CARTEC
CART0073;CARTEC
CART0073;CARTEC
CART0073;CARTEC
CART0074;CARTEC
CART0074;CARTEC
CART0074;CARTEC
CART0075;CARTEC
CART0075;CARTEC
CART0075;CARTEC
CART0076;CARTEC
CART0076;CARTEC
CART0076;CARTEC
CART0077;CARTEC
CART0077;CARTEC
CART0077;CARTEC
CART0078;CARTEC
CART0078;CARTEC
CART0078;CARTEC
CART0079;CARTEC
CART0079;CARTEC
CART0079;CARTEC
CART0080;CARTEC
CART0080;CARTEC
CART0080;CARTEC
CART0081;CARTEC
CART0081;CARTEC
CART0081;CARTEC
CART0082;CARTEC
CART0082;CARTEC
CART0082;CARTEC
CART0083;CARTEC
CART0083;CARTEC
CART0083;CARTEC
CART0084;CARTEC
CART0084;CARTEC
CART0084;CARTEC
CART0085;CARTEC
CART0085;CARTEC
CART0085;CARTEC
CART0086;CARTEC
CART0086;CARTEC
CART0086;CARTEC
CART0088;CARTEC
CART0088;CARTEC
CART0088;CARTEC
CART0089;CARTEC
CART0089;CARTEC
CART0089;CARTEC
CART0090;CARTEC
CART0090;CARTEC
CART0090;CARTEC
CART0091;CARTEC
CART0091;CARTEC
CART0091;CARTEC
CART0092;CARTEC
CART0092;CARTEC
CART0092;CARTEC
CART0093;CARTEC
CART0093;CARTEC
CART0093;CARTEC
CART0094;CARTEC
CART0094;CARTEC
CART0094;CARTEC
CART0095;CARTEC
CART0095;CARTEC
CART0095;CARTEC
CART0096;CARTEC
CART0096;CARTEC
CART0096;CARTEC
CART0097;CARTEC
CART0097;CARTEC
CART0097;CARTEC
CART0098;CARTEC
CART0098;CARTEC
CART0098;CARTEC
CART0099;CARTEC
CART0099;CARTEC
CART0099;CARTEC
CART0100;CARTEC
CART0100;CARTEC
CART0100;CARTEC
CART0101;CARTEC
CART0101;CARTEC
CART0101;CARTEC
CART0102;CARTEC
CART0102;CARTEC
CART0102;CARTEC
CART0103;CARTEC
CART0103;CARTEC
CART0103;CARTEC
CART0104;CARTEC
CART0104;CARTEC
CART0104;CARTEC
CART0105;CARTEC
CART0105;CARTEC
CART0105;CARTEC
CART0106;CARTEC
CART0106;CARTEC
CART0106;CARTEC
CART0107;CARTEC
CART0107;CARTEC
CART0107;CARTEC
CART0108;CARTEC
CART0108;CARTEC
CART0108;CARTEC
CART0109;CARTEC
CART0109;CARTEC
CART0109;CARTEC
CART0110;CARTEC
CART0110;CARTEC
CART0110;CARTEC
CART0111;CARTEC
CART0111;CARTEC
CART0111;CARTEC
CART0112;CARTEC
CART0112;CARTEC
CART0112;CARTEC
CART0113;CARTEC
CART0113;CARTEC
CART0113;CARTEC
CART0114;CARTEC
CART0114;CARTEC
CART0114;CARTEC
CART0115;CARTEC
CART0115;CARTEC
CART0115;CARTEC
CART0116;CARTEC
CART0116;CARTEC
CART0116;CARTEC
CART0117;CARTEC
CART0117;CARTEC
CART0117;CARTEC
CART0118;CARTEC
CART0118;CARTEC
CART0118;CARTEC
CART0119;CARTEC
CART0119;CARTEC
CART0119;CARTEC
CART0120;CARTEC
CART0120;CARTEC
CART0120;CARTEC
CART0121;CARTEC
CART0121;CARTEC
CART0121;CARTEC
CART0122;CARTEC
CART0122;CARTEC
CART0122;CARTEC
CART0123;CARTEC
CART0123;CARTEC
CART0123;CARTEC
CART0124;CARTEC
CART0124;CARTEC
CART0124;CARTEC
CART0125;CARTEC
CART0125;CARTEC
CART0125;CARTEC
CART0126;CARTEC
CART0126;CARTEC
CART0126;CARTEC
CART0127;CARTEC
CART0127;CARTEC
CART0127;CARTEC
CART0128;CARTEC
CART0128;CARTEC
CART0128;CARTEC
CART0129;CARTEC
CART0129;CARTEC
CART0129;CARTEC
CART0130;CARTEC
CART0130;CARTEC
CART0130;CARTEC
CART0131;CARTEC
CART0131;CARTEC
CART0131;CARTEC
CART0132;CARTEC
CART0132;CARTEC
CART0132;CARTEC
CART0133;CARTEC
CART0133;CARTEC
CART0133;CARTEC
CART0134;CARTEC
CART0134;CARTEC
CART0134;CARTEC
CART0135;CARTEC
CART0135;CARTEC
CART0135;CARTEC
CART0136;CARTEC
CART0136;CARTEC
CART0136;CARTEC
CART0137;CARTEC
CART0137;CARTEC
CART0137;CARTEC
CART0138;CARTEC
CART0138;CARTEC
CART0138;CARTEC
CART0139;CARTEC
CART0139;CARTEC
CART0139;CARTEC
CART0140;CARTEC
CART0140;CARTEC
CART0140;CARTEC
CART0141;CARTEC
CART0141;CARTEC
CART0141;CARTEC
CART0142;CARTEC
CART0142;CARTEC
CART0142;CARTEC
CART0143;CARTEC
CART0143;CARTEC
CART0143;CARTEC
CART0144;CARTEC
CART0144;CARTEC
CART0144;CARTEC
CART0145;CARTEC
CART0145;CARTEC
CART0145;CARTEC
CART0146;CARTEC
CART0146;CARTEC
CART0146;CARTEC
CART0151;CARTEC
CART0151;CARTEC
CART0151;CARTEC
CART0153;CARTEC
CART0153;CARTEC
CART0153;CARTEC
CART0156;CARTEC
CART0156;CARTEC
CART0156;CARTEC
CART0157;CARTEC
CART0157;CARTEC
CART0157;CARTEC
CART0158;CARTEC
CART0158;CARTEC
CART0158;CARTEC
CART0159;CARTEC
CART0159;CARTEC
CART0159;CARTEC
CART0160;CARTEC
CART0160;CARTEC
CART0160;CARTEC
CART0161;CARTEC
CART0161;CARTEC
CART0161;CARTEC
CART0162;CARTEC
CART0162;CARTEC
CART0162;CARTEC
CART0163;CARTEC
CART0163;CARTEC
CART0163;CARTEC
CART0165;CARTEC
CART0165;CARTEC
CART0165;CARTEC
CART0168;CARTEC
CART0168;CARTEC
CART0168;CARTEC
CART0169;CARTEC
CART0169;CARTEC
CART0169;CARTEC
CART0170;CARTEC
CART0170;CARTEC
CART0170;CARTEC
CART0171;CARTEC
CART0171;CARTEC
CART0171;CARTEC
CART0172;CARTEC
CART0172;CARTEC
CART0172;CARTEC
CART0174;CARTEC
CART0174;CARTEC
CART0174;CARTEC
CART0175;CARTEC
CART0175;CARTEC
CART0175;CARTEC
CART0176;CARTEC
CART0176;CARTEC
CART0176;CARTEC
CART0177;CARTEC
CART0177;CARTEC
CART0177;CARTEC
CART0178;CARTEC
CART0178;CARTEC
CART0178;CARTEC
CART0181;CARTEC
CART0181;CARTEC
CART0181;CARTEC
CART0183;CARTEC
CART0183;CARTEC
CART0183;CARTEC
CART0184;CARTEC
CART0184;CARTEC
CART0184;CARTEC
CART0186;CARTEC
CART0186;CARTEC
CART0186;CARTEC
CART0190;CARTEC
CART0190;CARTEC
CART0190;CARTEC
CART0191;CARTEC
CART0191;CARTEC
CART0191;CARTEC
CART0193;CARTEC
CART0193;CARTEC
CART0193;CARTEC
CART0194;CARTEC
CART0194;CARTEC
CART0194;CARTEC
CART0197;CARTEC
CART0197;CARTEC
CART0197;CARTEC
CART0199;CARTEC
CART0199;CARTEC
CART0199;CARTEC
CART0200;CARTEC
CART0200;CARTEC
CART0200;CARTEC
CART0201;CARTEC
CART0201;CARTEC
CART0201;CARTEC
CART0202;CARTEC
CART0202;CARTEC
CART0202;CARTEC
CART0203;CARTEC
CART0203;CARTEC
CART0203;CARTEC
CART0204;CARTEC
CART0204;CARTEC
CART0204;CARTEC
CART0205;CARTEC
CART0205;CARTEC
CART0205;CARTEC
CART0206;CARTEC
CART0206;CARTEC
CART0206;CARTEC
CHE000001;CHEMOPAK
CHE000001;CHEMOPAK
CHE000001;CHEMOPAK
CHE000002;CHEMOPAK
CHE000002;CHEMOPAK
CHE000002;CHEMOPAK
CHE000003;CHEMOPAK
CHE000003;CHEMOPAK
CHE000003;CHEMOPAK
CHE000004;CHEMOPAK
CHE000004;CHEMOPAK
CHE000004;CHEMOPAK
CHE000005;CHEMOPAK
CHE000005;CHEMOPAK
CHE000005;CHEMOPAK
CHE000006;CHEMOPAK
CHE000006;CHEMOPAK
CHE000006;CHEMOPAK
CHE000007;CHEMOPAK
CHE000007;CHEMOPAK
CHE000007;CHEMOPAK
CHE000008;CHEMOPAK
CHE000008;CHEMOPAK
CHE000008;CHEMOPAK
CHE000010;CHEMOPAK
CHE000010;CHEMOPAK
CHE000010;CHEMOPAK
CHE000011;CHEMOPAK
CHE000011;CHEMOPAK
CHE000011;CHEMOPAK
CHE000012;CHEMOPAK
CHE000012;CHEMOPAK
CHE000012;CHEMOPAK
Che000013;Chemitech
Che000013;Chemitech
Che000013;Chemitech
CHE000014;CHEMOPAK
CHE000014;CHEMOPAK
CHE000014;CHEMOPAK
Che000015;Chemitech
Che000015;Chemitech
Che000015;Chemitech
CHE000016;CHEMOPAK
CHE000016;CHEMOPAK
CHE000016;CHEMOPAK
Che000017;Chemitech
Che000017;Chemitech
Che000017;Chemitech
Che000018;Chemitech
Che000018;Chemitech
Che000018;Chemitech
Che000019;Chemitech
Che000019;Chemitech
Che000019;Chemitech
Che000020;Chemitech
Che000020;Chemitech
Che000020;Chemitech
Che000021;Chemitech
Che000021;Chemitech
Che000021;Chemitech
Che000022;Chemitech
Che000022;Chemitech
Che000022;Chemitech
Che000023;Chemitech
Che000023;Chemitech
Che000023;Chemitech
Che000024;Chemitech
Che000024;Chemitech
Che000024;Chemitech
Che000025;Chemitech
Che000025;Chemitech
Che000025;Chemitech
CHE000029;CHEMOPAK
CHE000029;CHEMOPAK
CHE000029;CHEMOPAK
CHE000030;CHEMOPAK
CHE000030;CHEMOPAK
CHE000030;CHEMOPAK
CHE000031;CHEMOPAK
CHE000031;CHEMOPAK
CHE000031;CHEMOPAK
CHE000032;CHEMOPAK
CHE000032;CHEMOPAK
CHE000032;CHEMOPAK
CHE000033;CHEMOPAK
CHE000033;CHEMOPAK
CHE000033;CHEMOPAK
CHE000034;CHEMOPAK
CHE000034;CHEMOPAK
CHE000034;CHEMOPAK
CHE000035;CHEMOPAK
CHE000035;CHEMOPAK
CHE000035;CHEMOPAK
CHE000036;CHEMOPAK
CHE000036;CHEMOPAK
CHE000036;CHEMOPAK
CHE000037;CHEMOPAK
CHE000037;CHEMOPAK
CHE000037;CHEMOPAK
CHE000038;CHEMOPAK
CHE000038;CHEMOPAK
CHE000038;CHEMOPAK
CHE000039;CHEMOPAK
CHE000039;CHEMOPAK
CHE000039;CHEMOPAK
CHE000040;CHEMOPAK
CHE000040;CHEMOPAK
CHE000040;CHEMOPAK
Che000041;Chemitech
Che000041;Chemitech
Che000041;Chemitech
CHE000042;CHEMOPAK
CHE000042;CHEMOPAK
CHE000042;CHEMOPAK
CHE000043;CHEMOPAK
CHE000043;CHEMOPAK
CHE000043;CHEMOPAK
CHE000044;CHEMOPAK
CHE000044;CHEMOPAK
CHE000044;CHEMOPAK
CHE000045;CHEMOPAK
CHE000045;CHEMOPAK
CHE000045;CHEMOPAK
CHE000046;CHEMOPAK
CHE000046;CHEMOPAK
CHE000046;CHEMOPAK
CHE000047;CHEMOPAK
CHE000047;CHEMOPAK
CHE000047;CHEMOPAK
CHE000048;CHEMOPAK
CHE000048;CHEMOPAK
CHE000048;CHEMOPAK
CHE000049;CHEMOPAK
CHE000049;CHEMOPAK
CHE000049;CHEMOPAK
CHE000050;CHEMOPAK
CHE000050;CHEMOPAK
CHE000050;CHEMOPAK
CHE000051;CHEMOPAK
CHE000051;CHEMOPAK
CHE000051;CHEMOPAK
CHE000052;CHEMOPAK
CHE000052;CHEMOPAK
CHE000052;CHEMOPAK
CHE000053;CHEMOPAK
CHE000053;CHEMOPAK
CHE000053;CHEMOPAK
CHE000054;CHEMOPAK
CHE000054;CHEMOPAK
CHE000054;CHEMOPAK
Che000055;Chemitech
Che000055;Chemitech
Che000055;Chemitech
CHE000056;CHEMOPAK
CHE000056;CHEMOPAK
CHE000056;CHEMOPAK
Che000058;Chemitech
Che000058;Chemitech
Che000058;Chemitech
CHE000059;CHEMOPAK
CHE000059;CHEMOPAK
CHE000059;CHEMOPAK
Che000060;Chemitech
Che000060;Chemitech
Che000060;Chemitech
Che000061;Chemitech
Che000061;Chemitech
Che000061;Chemitech
Che000062;Chemitech
Che000062;Chemitech
Che000062;Chemitech
Che000063;Chemitech
Che000063;Chemitech
Che000063;Chemitech
Che000064;Chemitech
Che000064;Chemitech
Che000064;Chemitech
Che000065;Chemitech
Che000065;Chemitech
Che000065;Chemitech
Che000066;Chemitech
Che000066;Chemitech
Che000066;Chemitech
Che000067;Chemitech
Che000067;Chemitech
Che000067;Chemitech
Che000068;Chemitech
Che000068;Chemitech
Che000068;Chemitech
Che000069;Chemitech
Che000069;Chemitech
Che000069;Chemitech
Che000070;Chemitech
Che000070;Chemitech
Che000070;Chemitech
Che000071;Chemitech
Che000071;Chemitech
Che000071;Chemitech
Che000072;Chemitech
Che000072;Chemitech
Che000072;Chemitech
Che000073;Chemitech
Che000073;Chemitech
Che000073;Chemitech
CHE000074;CHEMOPAK
CHE000074;CHEMOPAK
CHE000074;CHEMOPAK
Che000075;Chemitech
Che000075;Chemitech
Che000075;Chemitech
Che000076;Chemitech
Che000076;Chemitech
Che000076;Chemitech
Che000077;Chemitech
Che000077;Chemitech
Che000077;Chemitech
CHE000078;CHEMOPAK
CHE000078;CHEMOPAK
CHE000078;CHEMOPAK
Che000079;Chemitech
Che000079;Chemitech
Che000079;Chemitech
CHE000080;CHEMOPAK
CHE000080;CHEMOPAK
CHE000080;CHEMOPAK
CHE000081;CHEMOPAK
CHE000081;CHEMOPAK
CHE000081;CHEMOPAK
CHE000082;CHEMOPAK
CHE000082;CHEMOPAK
CHE000082;CHEMOPAK
CHE000083;CHEMOPAK
CHE000083;CHEMOPAK
CHE000083;CHEMOPAK
Che000084;Chemitech
Che000084;Chemitech
Che000084;Chemitech
CHE000085;CHEMOPAK
CHE000085;CHEMOPAK
CHE000085;CHEMOPAK
CHE000086;CHEMOPAK
CHE000086;CHEMOPAK
CHE000086;CHEMOPAK
Che000087;Chemitech
Che000087;Chemitech
Che000087;Chemitech
CIDL0002;CID LINES
CIDL0002;CID LINES
CIDL0002;CID LINES
CIDL0003;CID LINES
CIDL0003;CID LINES
CIDL0003;CID LINES
CIDL0004;CID LINES
CIDL0004;CID LINES
CIDL0004;CID LINES
CIDL0005;CID LINES
CIDL0005;CID LINES
CIDL0005;CID LINES
CIDL0006;CID LINES
CIDL0006;CID LINES
CIDL0006;CID LINES
CIDL0007;CID LINES
CIDL0007;CID LINES
CIDL0007;CID LINES
CIDL0008;CID LINES
CIDL0008;CID LINES
CIDL0008;CID LINES
CIDL0010;CID LINES
CIDL0010;CID LINES
CIDL0010;CID LINES
CIDL0011;CID LINES
CIDL0011;CID LINES
CIDL0011;CID LINES
CIDL0012;CID LINES
CIDL0012;CID LINES
CIDL0012;CID LINES
CIDL0013;CID LINES
CIDL0013;CID LINES
CIDL0013;CID LINES
CIDL0014;CID LINES
CIDL0014;CID LINES
CIDL0014;CID LINES
CIDL0017;CID LINES
CIDL0017;CID LINES
CIDL0017;CID LINES
CIDL0018;CID LINES
CIDL0018;CID LINES
CIDL0018;CID LINES
CIDL0023;CID LINES
CIDL0023;CID LINES
CIDL0023;CID LINES
CIDL0024;CID LINES
CIDL0024;CID LINES
CIDL0024;CID LINES
CIDL0025;CID LINES
CIDL0025;CID LINES
CIDL0025;CID LINES
CIDL0026;CID LINES
CIDL0026;CID LINES
CIDL0026;CID LINES
CIDL0027;CID LINES
CIDL0027;CID LINES
CIDL0027;CID LINES
CIDL0028;CID LINES
CIDL0028;CID LINES
CIDL0028;CID LINES
CIDL0032;CID LINES
CIDL0032;CID LINES
CIDL0032;CID LINES
CIDL0033;CID LINES
CIDL0033;CID LINES
CIDL0033;CID LINES
CIDL0034;CID LINES
CIDL0034;CID LINES
CIDL0034;CID LINES
CIDL0036;CID LINES
CIDL0036;CID LINES
CIDL0036;CID LINES
CIDL0037;CID LINES
CIDL0037;CID LINES
CIDL0037;CID LINES
CIDL0038;CID LINES
CIDL0038;CID LINES
CIDL0038;CID LINES
CIDL0039;CID LINES
CIDL0039;CID LINES
CIDL0039;CID LINES
CIDL0040;CID LINES
CIDL0040;CID LINES
CIDL0040;CID LINES
CIDL0041;CID LINES
CIDL0041;CID LINES
CIDL0041;CID LINES
CIDL0044;CID LINES
CIDL0044;CID LINES
CIDL0044;CID LINES
CIDL0045;CID LINES
CIDL0045;CID LINES
CIDL0045;CID LINES
CIDL0046;CID LINES
CIDL0046;CID LINES
CIDL0046;CID LINES
CIDL0054;CID LINES
CIDL0054;CID LINES
CIDL0054;CID LINES
CIDL0055;CID LINES
CIDL0055;CID LINES
CIDL0055;CID LINES
CIDL0056;CID LINES
CIDL0056;CID LINES
CIDL0056;CID LINES
CIDL0057;CID LINES
CIDL0057;CID LINES
CIDL0057;CID LINES
CIDL0061;CID LINES
CIDL0061;CID LINES
CIDL0061;CID LINES
CIDL0062;CID LINES
CIDL0062;CID LINES
CIDL0062;CID LINES
CIDL0063;CID LINES
CIDL0063;CID LINES
CIDL0063;CID LINES
CIDL0064;CID LINES
CIDL0064;CID LINES
CIDL0064;CID LINES
CIDL0066;CID LINES
CIDL0066;CID LINES
CIDL0066;CID LINES
CIDL0067;CID LINES
CIDL0067;CID LINES
CIDL0067;CID LINES
CIDL0068;CID LINES
CIDL0068;CID LINES
CIDL0068;CID LINES
CIDL0069;CID LINES
CIDL0069;CID LINES
CIDL0069;CID LINES
CIDL0070;CID LINES
CIDL0070;CID LINES
CIDL0070;CID LINES
CIDL0071;CID LINES
CIDL0071;CID LINES
CIDL0071;CID LINES
CIDL0074;CID LINES
CIDL0074;CID LINES
CIDL0074;CID LINES
CIDL0075;CID LINES
CIDL0075;CID LINES
CIDL0075;CID LINES
CIDL0076;CID LINES
CIDL0076;CID LINES
CIDL0076;CID LINES
CIDL0077;CID LINES
CIDL0077;CID LINES
CIDL0077;CID LINES
CIDL0078;CID LINES
CIDL0078;CID LINES
CIDL0078;CID LINES
CIDL0079;CID LINES
CIDL0079;CID LINES
CIDL0079;CID LINES
CIDL0081;CID LINES
CIDL0081;CID LINES
CIDL0081;CID LINES
CIDL0083;CID LINES
CIDL0083;CID LINES
CIDL0083;CID LINES
CIDL0084;CID LINES
CIDL0084;CID LINES
CIDL0084;CID LINES
CIDL0085;CID LINES
CIDL0085;CID LINES
CIDL0085;CID LINES
CIDL0086;CID LINES
CIDL0086;CID LINES
CIDL0086;CID LINES
CIDL0087;CID LINES
CIDL0087;CID LINES
CIDL0087;CID LINES
CIDL0090;CID LINES
CIDL0090;CID LINES
CIDL0090;CID LINES
CIDL0091;CID LINES
CIDL0091;CID LINES
CIDL0091;CID LINES
CIDL0092;CID LINES
CIDL0092;CID LINES
CIDL0092;CID LINES
CIDL0095;CID LINES
CIDL0095;CID LINES
CIDL0095;CID LINES
CIDL0096;CID LINES
CIDL0096;CID LINES
CIDL0096;CID LINES
CIDL0097;CID LINES
CIDL0097;CID LINES
CIDL0097;CID LINES
CIDL0098;CID LINES
CIDL0098;CID LINES
CIDL0098;CID LINES
CIDL0099;CID LINES
CIDL0099;CID LINES
CIDL0099;CID LINES
CIDL0100;CID LINES
CIDL0100;CID LINES
CIDL0100;CID LINES
CIDL0101;CID LINES
CIDL0101;CID LINES
CIDL0101;CID LINES
CIDL0103;CID LINES
CIDL0103;CID LINES
CIDL0103;CID LINES
CIDL0104;CID LINES
CIDL0104;CID LINES
CIDL0104;CID LINES
CIDL0105;CID LINES
CIDL0105;CID LINES
CIDL0105;CID LINES
CIDL0107;CID LINES
CIDL0107;CID LINES
CIDL0107;CID LINES
CIDL0112;CID LINES
CIDL0112;CID LINES
CIDL0112;CID LINES
CIDL0114;CID LINES
CIDL0114;CID LINES
CIDL0114;CID LINES
CIDL0115;CID LINES
CIDL0115;CID LINES
CIDL0115;CID LINES
CIDL0117;CID LINES
CIDL0117;CID LINES
CIDL0117;CID LINES
CIDL0119;CID LINES
CIDL0119;CID LINES
CIDL0119;CID LINES
CIDL0121;CID LINES
CIDL0121;CID LINES
CIDL0121;CID LINES
CIDL0122;CID LINES
CIDL0122;CID LINES
CIDL0122;CID LINES
CIDL0124;CID LINES
CIDL0124;CID LINES
CIDL0124;CID LINES
CIDL0126;CID LINES
CIDL0126;CID LINES
CIDL0126;CID LINES
CIDL0127;CID LINES
CIDL0127;CID LINES
CIDL0127;CID LINES
CIDL0128;CID LINES
CIDL0128;CID LINES
CIDL0128;CID LINES
CIDL0129;CID LINES
CIDL0129;CID LINES
CIDL0129;CID LINES
CIDL0130;CID LINES
CIDL0130;CID LINES
CIDL0130;CID LINES
CIDL0134;CID LINES
CIDL0134;CID LINES
CIDL0134;CID LINES
CIDL0135;CID LINES
CIDL0135;CID LINES
CIDL0135;CID LINES
CIDL0136;CID LINES
CIDL0136;CID LINES
CIDL0136;CID LINES
CIDL0140;CID LINES
CIDL0140;CID LINES
CIDL0140;CID LINES
CIDL0144;CID LINES
CIDL0144;CID LINES
CIDL0144;CID LINES
CIDL0145;CID LINES
CIDL0145;CID LINES
CIDL0145;CID LINES
CIDL0146;CID LINES
CIDL0146;CID LINES
CIDL0146;CID LINES
CIDL0147;CID LINES
CIDL0147;CID LINES
CIDL0147;CID LINES
CIDL0149;CID LINES
CIDL0149;CID LINES
CIDL0149;CID LINES
CIDL0150;CID LINES
CIDL0150;CID LINES
CIDL0150;CID LINES
CIDL0151;CID LINES
CIDL0151;CID LINES
CIDL0151;CID LINES
CIDL0153;CID LINES
CIDL0153;CID LINES
CIDL0153;CID LINES
CIDL0154;CID LINES
CIDL0154;CID LINES
CIDL0154;CID LINES
CIDL0155;CID LINES
CIDL0155;CID LINES
CIDL0155;CID LINES
CIDL0158;CID LINES
CIDL0158;CID LINES
CIDL0158;CID LINES
CIDL0159;CID LINES
CIDL0159;CID LINES
CIDL0159;CID LINES
CIDL0161;CID LINES
CIDL0161;CID LINES
CIDL0161;CID LINES
CIDL0162;CID LINES
CIDL0162;CID LINES
CIDL0162;CID LINES
CIDL0167;CID LINES
CIDL0167;CID LINES
CIDL0167;CID LINES
CIDL0170;CID LINES
CIDL0170;CID LINES
CIDL0170;CID LINES
CIDL0171;CID LINES
CIDL0171;CID LINES
CIDL0171;CID LINES
CIDL0172;CID LINES
CIDL0172;CID LINES
CIDL0172;CID LINES
CIDL0175;CID LINES
CIDL0175;CID LINES
CIDL0175;CID LINES
CIDL0176;CID LINES
CIDL0176;CID LINES
CIDL0176;CID LINES
CIDL0179;CID LINES
CIDL0179;CID LINES
CIDL0179;CID LINES
CIDL0181;CID LINES
CIDL0181;CID LINES
CIDL0181;CID LINES
CIDL0182;CID LINES
CIDL0182;CID LINES
CIDL0182;CID LINES
CIDL0184;CID LINES
CIDL0184;CID LINES
CIDL0184;CID LINES
CIDL0186;CID LINES
CIDL0186;CID LINES
CIDL0186;CID LINES
CIDL0187;CID LINES
CIDL0187;CID LINES
CIDL0187;CID LINES
CIDL0188;CID LINES
CIDL0188;CID LINES
CIDL0188;CID LINES
CIDL0191;CID LINES
CIDL0191;CID LINES
CIDL0191;CID LINES
CIDL0192;CID LINES
CIDL0192;CID LINES
CIDL0192;CID LINES
CIDL0196;CID LINES
CIDL0196;CID LINES
CIDL0196;CID LINES
CIDL0201;CID LINES
CIDL0201;CID LINES
CIDL0201;CID LINES
CIDL0202;CID LINES
CIDL0202;CID LINES
CIDL0202;CID LINES
CIDL0203;CID LINES
CIDL0203;CID LINES
CIDL0203;CID LINES
CIDL0205;CID LINES
CIDL0205;CID LINES
CIDL0205;CID LINES
CIDL0208;CID LINES
CIDL0208;CID LINES
CIDL0208;CID LINES
CIDL0213;CID LINES
CIDL0213;CID LINES
CIDL0213;CID LINES
CIDL0217;CID LINES
CIDL0217;CID LINES
CIDL0217;CID LINES
CIDL0223;CID LINES
CIDL0223;CID LINES
CIDL0223;CID LINES
CIDL0224;CID LINES
CIDL0224;CID LINES
CIDL0224;CID LINES
CIDL0226;CID LINES
CIDL0226;CID LINES
CIDL0226;CID LINES
CIDL0227;CID LINES
CIDL0227;CID LINES
CIDL0227;CID LINES
CIDL0228;CID LINES
CIDL0228;CID LINES
CIDL0228;CID LINES
CIDL0229;CID LINES
CIDL0229;CID LINES
CIDL0229;CID LINES
CIDL0233;CID LINES
CIDL0233;CID LINES
CIDL0233;CID LINES
CIDL0235;CID LINES
CIDL0235;CID LINES
CIDL0235;CID LINES
CIDL0237;CID LINES
CIDL0237;CID LINES
CIDL0237;CID LINES
CIDL0238;CID LINES
CIDL0238;CID LINES
CIDL0238;CID LINES
CIDL0240;CID LINES
CIDL0240;CID LINES
CIDL0240;CID LINES
CIDL0242;CID LINES
CIDL0242;CID LINES
CIDL0242;CID LINES
CIDL0243;CID LINES
CIDL0243;CID LINES
CIDL0243;CID LINES
CIDL0244;CID LINES
CIDL0244;CID LINES
CIDL0244;CID LINES
CIDL0246;CID LINES
CIDL0246;CID LINES
CIDL0246;CID LINES
CIDL0247;CID LINES
CIDL0247;CID LINES
CIDL0247;CID LINES
CIDL0248;CID LINES
CIDL0248;CID LINES
CIDL0248;CID LINES
CIDL0249;CID LINES
CIDL0249;CID LINES
CIDL0249;CID LINES
CIDL0251;CID LINES
CIDL0251;CID LINES
CIDL0251;CID LINES
CIDL0254;CID LINES
CIDL0254;CID LINES
CIDL0254;CID LINES
CIDL0255;CID LINES
CIDL0255;CID LINES
CIDL0255;CID LINES
CIDL0256;CID LINES
CIDL0256;CID LINES
CIDL0256;CID LINES
CIDL0257;CID LINES
CIDL0257;CID LINES
CIDL0257;CID LINES
CIDL0258;CID LINES
CIDL0258;CID LINES
CIDL0258;CID LINES
CIDL0259;CID LINES
CIDL0259;CID LINES
CIDL0259;CID LINES
CIDL0260;CID LINES
CIDL0260;CID LINES
CIDL0260;CID LINES
CIDL0261;CID LINES
CIDL0261;CID LINES
CIDL0261;CID LINES
CIDL0264;CID LINES
CIDL0264;CID LINES
CIDL0264;CID LINES
CIDL0265;CID LINES
CIDL0265;CID LINES
CIDL0265;CID LINES
CIDL0266;CID LINES
CIDL0266;CID LINES
CIDL0266;CID LINES
CIDL0267;CID LINES
CIDL0267;CID LINES
CIDL0267;CID LINES
CIDL0268;CID LINES
CIDL0268;CID LINES
CIDL0268;CID LINES
CIDL0269;CID LINES
CIDL0269;CID LINES
CIDL0269;CID LINES
CIDL0270;CID LINES
CIDL0270;CID LINES
CIDL0270;CID LINES
CIDL0271;CID LINES
CIDL0271;CID LINES
CIDL0271;CID LINES
CIDL0272;CID LINES
CIDL0272;CID LINES
CIDL0272;CID LINES
CIDL0273;CID LINES
CIDL0273;CID LINES
CIDL0273;CID LINES
CIDL0274;CID LINES
CIDL0274;CID LINES
CIDL0274;CID LINES
CIDL0275;CID LINES
CIDL0275;CID LINES
CIDL0275;CID LINES
CIDL0276;CID LINES
CIDL0276;CID LINES
CIDL0276;CID LINES
CIDL0277;CID LINES
CIDL0277;CID LINES
CIDL0277;CID LINES
CIDL0278;CID LINES
CIDL0278;CID LINES
CIDL0278;CID LINES
CIDL0279;CID LINES
CIDL0279;CID LINES
CIDL0279;CID LINES
CIDL0280;CID LINES
CIDL0280;CID LINES
CIDL0280;CID LINES
CIDL0281;CID LINES
CIDL0281;CID LINES
CIDL0281;CID LINES
CIDL0282;CID LINES
CIDL0282;CID LINES
CIDL0282;CID LINES
CIDL0283;CID LINES
CIDL0283;CID LINES
CIDL0283;CID LINES
CIDL0284;CID LINES
CIDL0284;CID LINES
CIDL0284;CID LINES
CIDL0285;CID LINES
CIDL0285;CID LINES
CIDL0285;CID LINES
CIDL0287;CID LINES
CIDL0287;CID LINES
CIDL0287;CID LINES
CIDL0288;CID LINES
CIDL0288;CID LINES
CIDL0288;CID LINES
CIDL0289;CID LINES
CIDL0289;CID LINES
CIDL0289;CID LINES
CIDL0290;CID LINES
CIDL0290;CID LINES
CIDL0290;CID LINES
CIDL0291;CID LINES
CIDL0291;CID LINES
CIDL0291;CID LINES
CIDL0292;CID LINES
CIDL0292;CID LINES
CIDL0292;CID LINES
CIDL0293;CID LINES
CIDL0293;CID LINES
CIDL0293;CID LINES
CIDL0294;CID LINES
CIDL0294;CID LINES
CIDL0294;CID LINES
CIDL0295;CID LINES
CIDL0295;CID LINES
CIDL0295;CID LINES
CIDL0296;CID LINES
CIDL0296;CID LINES
CIDL0296;CID LINES
CIDL0297;CID LINES
CIDL0297;CID LINES
CIDL0297;CID LINES
CIDL0298;CID LINES
CIDL0298;CID LINES
CIDL0298;CID LINES
CIDL0299;CID LINES
CIDL0299;CID LINES
CIDL0299;CID LINES
CIDL0300;CID LINES
CIDL0300;CID LINES
CIDL0300;CID LINES
CIDL0301;CID LINES
CIDL0301;CID LINES
CIDL0301;CID LINES
CIDL0302;CID LINES
CIDL0302;CID LINES
CIDL0302;CID LINES
CIDL0303;CID LINES
CIDL0303;CID LINES
CIDL0303;CID LINES
CIDL0304;CID LINES
CIDL0304;CID LINES
CIDL0304;CID LINES
CIDL0305;CID LINES
CIDL0305;CID LINES
CIDL0305;CID LINES
CIDL0306;CID LINES
CIDL0306;CID LINES
CIDL0306;CID LINES
CIDL0307;CID LINES
CIDL0307;CID LINES
CIDL0307;CID LINES
CIDL0308;CID LINES
CIDL0308;CID LINES
CIDL0308;CID LINES
CIDL0309;CID LINES
CIDL0309;CID LINES
CIDL0309;CID LINES
CIDL0310;CID LINES
CIDL0310;CID LINES
CIDL0310;CID LINES
CIDL0311;CID LINES
CIDL0311;CID LINES
CIDL0311;CID LINES
CIDL0312;CID LINES
CIDL0312;CID LINES
CIDL0312;CID LINES
CIDL0313;CID LINES
CIDL0313;CID LINES
CIDL0313;CID LINES
CIDL0314;CID LINES
CIDL0314;CID LINES
CIDL0314;CID LINES
CIDL0315;CID LINES
CIDL0315;CID LINES
CIDL0315;CID LINES
CIDL0316;CID LINES
CIDL0316;CID LINES
CIDL0316;CID LINES
CIDL0317;CID LINES
CIDL0317;CID LINES
CIDL0317;CID LINES
CIDL0318;CID LINES
CIDL0318;CID LINES
CIDL0318;CID LINES
CIDL0319;CID LINES
CIDL0319;CID LINES
CIDL0319;CID LINES
CIDL0320;CID LINES
CIDL0320;CID LINES
CIDL0320;CID LINES
CIDL0321;CID LINES
CIDL0321;CID LINES
CIDL0321;CID LINES
CIDL0322;CID LINES
CIDL0322;CID LINES
CIDL0322;CID LINES
CIDL0323;CID LINES
CIDL0323;CID LINES
CIDL0323;CID LINES
CIDL0324;CID LINES
CIDL0324;CID LINES
CIDL0324;CID LINES
CIDL0325;CID LINES
CIDL0325;CID LINES
CIDL0325;CID LINES
CIDL0326;CID LINES
CIDL0326;CID LINES
CIDL0326;CID LINES
CIDL0327;CID LINES
CIDL0327;CID LINES
CIDL0327;CID LINES
CIDL0328;CID LINES
CIDL0328;CID LINES
CIDL0328;CID LINES
CIDL0329;CID LINES
CIDL0329;CID LINES
CIDL0329;CID LINES
CIDL0330;CID LINES
CIDL0330;CID LINES
CIDL0330;CID LINES
CIDL0331;CID LINES
CIDL0331;CID LINES
CIDL0331;CID LINES
CIDL0332;CID LINES
CIDL0332;CID LINES
CIDL0332;CID LINES
CIDL0333;CID LINES
CIDL0333;CID LINES
CIDL0333;CID LINES
CIDL0334;CID LINES
CIDL0334;CID LINES
CIDL0334;CID LINES
CIDL0335;CID LINES
CIDL0335;CID LINES
CIDL0335;CID LINES
CIDL0336;CID LINES
CIDL0336;CID LINES
CIDL0336;CID LINES
CIDL0337;CID LINES
CIDL0337;CID LINES
CIDL0337;CID LINES
CIDL0338;CID LINES
CIDL0338;CID LINES
CIDL0338;CID LINES
CIDL0339;CID LINES
CIDL0339;CID LINES
CIDL0339;CID LINES
CONC0001;CONCEPT
CONC0001;CONCEPT
CONC0001;CONCEPT
CONC0002;CONCEPT
CONC0002;CONCEPT
CONC0002;CONCEPT
CONC0003;CONCEPT
CONC0003;CONCEPT
CONC0003;CONCEPT
CONC0004;CONCEPT
CONC0004;CONCEPT
CONC0004;CONCEPT
CONC0005;CONCEPT
CONC0005;CONCEPT
CONC0005;CONCEPT
CONC0006;CONCEPT
CONC0006;CONCEPT
CONC0006;CONCEPT
CONC0007;CONCEPT
CONC0007;CONCEPT
CONC0007;CONCEPT
CONC0008;CONCEPT
CONC0008;CONCEPT
CONC0008;CONCEPT
CONC0009;CONCEPT
CONC0009;CONCEPT
CONC0009;CONCEPT
CONC0010;CONCEPT
CONC0010;CONCEPT
CONC0010;CONCEPT
CONC0011;CONCEPT
CONC0011;CONCEPT
CONC0011;CONCEPT
CONC0012;CONCEPT
CONC0012;CONCEPT
CONC0012;CONCEPT
CONC0013;CONCEPT
CONC0013;CONCEPT
CONC0013;CONCEPT
CONC0014;CONCEPT
CONC0014;CONCEPT
CONC0014;CONCEPT
CONC0015;CONCEPT
CONC0015;CONCEPT
CONC0015;CONCEPT
CONC0017;CONCEPT
CONC0017;CONCEPT
CONC0017;CONCEPT
CONC0020;CONCEPT
CONC0020;CONCEPT
CONC0020;CONCEPT
CONC0022;CONCEPT
CONC0022;CONCEPT
CONC0022;CONCEPT
CONC0024;CONCEPT
CONC0024;CONCEPT
CONC0024;CONCEPT
CONC0025;CONCEPT
CONC0025;CONCEPT
CONC0025;CONCEPT
CONC0027;CONCEPT
CONC0027;CONCEPT
CONC0027;CONCEPT
CONC0030;CONCEPT
CONC0030;CONCEPT
CONC0030;CONCEPT
CONC0031;CONCEPT
CONC0031;CONCEPT
CONC0031;CONCEPT
CONC0032;CONCEPT
CONC0032;CONCEPT
CONC0032;CONCEPT
CONC0033;CONCEPT
CONC0033;CONCEPT
CONC0033;CONCEPT
CONC0034;CONCEPT
CONC0034;CONCEPT
CONC0034;CONCEPT
CONC0035;CONCEPT
CONC0035;CONCEPT
CONC0035;CONCEPT
CONC0036;CONCEPT
CONC0036;CONCEPT
CONC0036;CONCEPT
CONC0037;CONCEPT
CONC0037;CONCEPT
CONC0037;CONCEPT
CONC0038;CONCEPT
CONC0038;CONCEPT
CONC0038;CONCEPT
CONC0039;CONCEPT
CONC0039;CONCEPT
CONC0039;CONCEPT
CONC0040;CONCEPT
CONC0040;CONCEPT
CONC0040;CONCEPT
CONC0041;CONCEPT
CONC0041;CONCEPT
CONC0041;CONCEPT
CONC0042;CONCEPT
CONC0042;CONCEPT
CONC0042;CONCEPT
CONC0043;CONCEPT
CONC0043;CONCEPT
CONC0043;CONCEPT
CONC0045;CONCEPT
CONC0045;CONCEPT
CONC0045;CONCEPT
CONC0047;CONCEPT
CONC0047;CONCEPT
CONC0047;CONCEPT
CONC0051;CONCEPT
CONC0051;CONCEPT
CONC0051;CONCEPT
CONC0052;CONCEPT
CONC0052;CONCEPT
CONC0052;CONCEPT
CONC0053;CONCEPT
CONC0053;CONCEPT
CONC0053;CONCEPT
CONC0054;CONCEPT
CONC0054;CONCEPT
CONC0054;CONCEPT
CONC0055;CONCEPT
CONC0055;CONCEPT
CONC0055;CONCEPT
CONC0056;CONCEPT
CONC0056;CONCEPT
CONC0056;CONCEPT
CONC0057;CONCEPT
CONC0057;CONCEPT
CONC0057;CONCEPT
CONC0058;CONCEPT
CONC0058;CONCEPT
CONC0058;CONCEPT
CONC0059;CONCEPT
CONC0059;CONCEPT
CONC0059;CONCEPT
CONC0060;CONCEPT
CONC0060;CONCEPT
CONC0060;CONCEPT
CONC0062;CONCEPT
CONC0062;CONCEPT
CONC0062;CONCEPT
CONC0063;CONCEPT
CONC0063;CONCEPT
CONC0063;CONCEPT
CONC0064;CONCEPT
CONC0064;CONCEPT
CONC0064;CONCEPT
CONC0065;CONCEPT
CONC0065;CONCEPT
CONC0065;CONCEPT
CONC0066;CONCEPT
CONC0066;CONCEPT
CONC0066;CONCEPT
CONC0067;CONCEPT
CONC0067;CONCEPT
CONC0067;CONCEPT
CONC0068;CONCEPT
CONC0068;CONCEPT
CONC0068;CONCEPT
CONC0069;CONCEPT
CONC0069;CONCEPT
CONC0069;CONCEPT
CONC0070;CONCEPT
CONC0070;CONCEPT
CONC0070;CONCEPT
CONC0071;CONCEPT
CONC0071;CONCEPT
CONC0071;CONCEPT
CONC0072;CONCEPT
CONC0072;CONCEPT
CONC0072;CONCEPT
CONC0073;CONCEPT
CONC0073;CONCEPT
CONC0073;CONCEPT
CONC0074;CONCEPT
CONC0074;CONCEPT
CONC0074;CONCEPT
CONC0077;CONCEPT
CONC0077;CONCEPT
CONC0077;CONCEPT
CONC0078;CONCEPT
CONC0078;CONCEPT
CONC0078;CONCEPT
CONC0079;CONCEPT
CONC0079;CONCEPT
CONC0079;CONCEPT
CONC0080;CONCEPT
CONC0080;CONCEPT
CONC0080;CONCEPT
CONC0081;CONCEPT
CONC0081;CONCEPT
CONC0081;CONCEPT
DAF000003;DAFI
DAF000003;DAFI
DAF000003;DAFI
DAF000005;DAFI
DAF000005;DAFI
DAF000005;DAFI
DAF000006;DAFI
DAF000006;DAFI
DAF000006;DAFI
DAF000010;DAFI
DAF000010;DAFI
DAF000010;DAFI
DAF000017;DAFI
DAF000017;DAFI
DAF000017;DAFI
DAF000021;DAFI
DAF000021;DAFI
DAF000021;DAFI
DAF000028;DAFI
DAF000028;DAFI
DAF000028;DAFI
DAF000029;DAFI
DAF000029;DAFI
DAF000029;DAFI
DAF000040;DAFI
DAF000040;DAFI
DAF000040;DAFI
DAF000041;DAFI
DAF000041;DAFI
DAF000041;DAFI
DAF000050;DAFI
DAF000050;DAFI
DAF000050;DAFI
DAF000051;DAFI
DAF000051;DAFI
DAF000051;DAFI
DAF000052;DAFI
DAF000052;DAFI
DAF000052;DAFI
DAF000054;DAFI
DAF000054;DAFI
DAF000054;DAFI
DAF000055;DAFI
DAF000055;DAFI
DAF000055;DAFI
DAF000057;DAFI
DAF000057;DAFI
DAF000057;DAFI
DAF000059;DAFI
DAF000059;DAFI
DAF000059;DAFI
DAF000060;DAFI
DAF000060;DAFI
DAF000060;DAFI
DAF000062;DAFI
DAF000062;DAFI
DAF000062;DAFI
DAF000063;DAFI
DAF000063;DAFI
DAF000063;DAFI
DAF000064;DAFI
DAF000064;DAFI
DAF000064;DAFI
DAF000065;DAFI
DAF000065;DAFI
DAF000065;DAFI
DAF000069;DAFI
DAF000069;DAFI
DAF000069;DAFI
DAF000071;DAFI
DAF000071;DAFI
DAF000071;DAFI
DAF000076;DAFI
DAF000076;DAFI
DAF000076;DAFI
DAF000078;DAFI
DAF000078;DAFI
DAF000078;DAFI
DAF000079;DAFI
DAF000079;DAFI
DAF000079;DAFI
DAF000080;DAFI
DAF000080;DAFI
DAF000080;DAFI
DAF000081;DAFI
DAF000081;DAFI
DAF000081;DAFI
DAF000082;DAFI
DAF000082;DAFI
DAF000082;DAFI
DAF000083;DAFI
DAF000083;DAFI
DAF000083;DAFI
DAF000084;DAFI
DAF000084;DAFI
DAF000084;DAFI
DAF000085;DAFI
DAF000085;DAFI
DAF000085;DAFI
DAF000087;DAFI
DAF000087;DAFI
DAF000087;DAFI
DAF000088;DAFI
DAF000088;DAFI
DAF000088;DAFI
DAF000089;DAFI
DAF000089;DAFI
DAF000089;DAFI
DAF000090;DAFI
DAF000090;DAFI
DAF000090;DAFI
DAF000091;DAFI
DAF000091;DAFI
DAF000091;DAFI
DAF000092;DAFI
DAF000092;DAFI
DAF000092;DAFI
DAF000093;DAFI
DAF000093;DAFI
DAF000093;DAFI
DAF000094;DAFI
DAF000094;DAFI
DAF000094;DAFI
DAF000095;DAFI
DAF000095;DAFI
DAF000095;DAFI
DAF000096;DAFI
DAF000096;DAFI
DAF000096;DAFI
DAF000097;DAFI
DAF000097;DAFI
DAF000097;DAFI
DAF000098;DAFI
DAF000098;DAFI
DAF000098;DAFI
DAF000100;DAFI
DAF000100;DAFI
DAF000100;DAFI
DAF000101;DAFI
DAF000101;DAFI
DAF000101;DAFI
DAF000102;DAFI
DAF000102;DAFI
DAF000102;DAFI
DAF000103;DAFI
DAF000103;DAFI
DAF000103;DAFI
DAF000104;DAFI
DAF000104;DAFI
DAF000104;DAFI
DAF000105;DAFI
DAF000105;DAFI
DAF000105;DAFI
DAF000106;DAFI
DAF000106;DAFI
DAF000106;DAFI
DAF000107;DAFI
DAF000107;DAFI
DAF000107;DAFI
DAF000108;DAFI
DAF000108;DAFI
DAF000108;DAFI
DAF000109;DAFI
DAF000109;DAFI
DAF000109;DAFI
DAF000110;DAFI
DAF000110;DAFI
DAF000110;DAFI
DAF000111;DAFI
DAF000111;DAFI
DAF000111;DAFI
DAF000112;DAFI
DAF000112;DAFI
DAF000112;DAFI
DAF000113;DAFI
DAF000113;DAFI
DAF000113;DAFI
DAF000114;DAFI
DAF000114;DAFI
DAF000114;DAFI
DAF000115;DAFI
DAF000115;DAFI
DAF000115;DAFI
DAF000116;DAFI
DAF000116;DAFI
DAF000116;DAFI
DAF000117;DAFI
DAF000117;DAFI
DAF000117;DAFI
DAF000118;DAFI
DAF000118;DAFI
DAF000118;DAFI
DAF000119;DAFI
DAF000119;DAFI
DAF000119;DAFI
DAF000120;DAFI
DAF000120;DAFI
DAF000120;DAFI
DAF000121;DAFI
DAF000121;DAFI
DAF000121;DAFI
DAF000122;DAFI
DAF000122;DAFI
DAF000122;DAFI
DAF000123;DAFI
DAF000123;DAFI
DAF000123;DAFI
DAF000124;DAFI
DAF000124;DAFI
DAF000124;DAFI
DAF000125;DAFI
DAF000125;DAFI
DAF000125;DAFI
DAF000126;DAFI
DAF000126;DAFI
DAF000126;DAFI
DAF000127;DAFI
DAF000127;DAFI
DAF000127;DAFI
DAF000128;DAFI
DAF000128;DAFI
DAF000128;DAFI
DAF000129;DAFI
DAF000129;DAFI
DAF000129;DAFI
DAF000130;DAFI
DAF000130;DAFI
DAF000130;DAFI
DAF000131;DAFI
DAF000131;DAFI
DAF000131;DAFI
DAF000132;DAFI
DAF000132;DAFI
DAF000132;DAFI
DAF000133;DAFI
DAF000133;DAFI
DAF000133;DAFI
DAF000134;DAFI
DAF000134;DAFI
DAF000134;DAFI
DAF000135;DAFI
DAF000135;DAFI
DAF000135;DAFI
DAF000136;DAFI
DAF000136;DAFI
DAF000136;DAFI
DAF000137;DAFI
DAF000137;DAFI
DAF000137;DAFI
DAF000138;DAFI
DAF000138;DAFI
DAF000138;DAFI
DAF000139;DAFI
DAF000139;DAFI
DAF000139;DAFI
DAF000140;DAFI
DAF000140;DAFI
DAF000140;DAFI
DAF000141;DAFI
DAF000141;DAFI
DAF000141;DAFI
DAF000142;DAFI
DAF000142;DAFI
DAF000142;DAFI
DAF000143;DAFI
DAF000143;DAFI
DAF000143;DAFI
DAF000144;DAFI
DAF000144;DAFI
DAF000144;DAFI
DAF000145;DAFI
DAF000145;DAFI
DAF000145;DAFI
DAF000146;DAFI
DAF000146;DAFI
DAF000146;DAFI
DAF000147;DAFI
DAF000147;DAFI
DAF000147;DAFI
DAF000148;DAFI
DAF000148;DAFI
DAF000148;DAFI
DAF000149;DAFI
DAF000149;DAFI
DAF000149;DAFI
DAF000150;DAFI
DAF000150;DAFI
DAF000150;DAFI
DAF000151;DAFI
DAF000151;DAFI
DAF000151;DAFI
DAF000152;DAFI
DAF000152;DAFI
DAF000152;DAFI
DAF000153;DAFI
DAF000153;DAFI
DAF000153;DAFI
DAF000154;DAFI
DAF000154;DAFI
DAF000154;DAFI
DAF000155;DAFI
DAF000155;DAFI
DAF000155;DAFI
DAF000156;DAFI
DAF000156;DAFI
DAF000156;DAFI
DAF000157;DAFI
DAF000157;DAFI
DAF000157;DAFI
DAF000158;DAFI
DAF000158;DAFI
DAF000158;DAFI
DAF000159;DAFI
DAF000159;DAFI
DAF000159;DAFI
DAF000160;DAFI
DAF000160;DAFI
DAF000160;DAFI
DAF000161;DAFI
DAF000161;DAFI
DAF000161;DAFI
DAF000162;DAFI
DAF000162;DAFI
DAF000162;DAFI
DAF000163;DAFI
DAF000163;DAFI
DAF000163;DAFI
DAF000164;DAFI
DAF000164;DAFI
DAF000164;DAFI
DAF000165;DAFI
DAF000165;DAFI
DAF000165;DAFI
DAF000166;DAFI
DAF000166;DAFI
DAF000166;DAFI
DAF000167;DAFI
DAF000167;DAFI
DAF000167;DAFI
DAF000168;DAFI
DAF000168;DAFI
DAF000168;DAFI
DAF000169;DAFI
DAF000169;DAFI
DAF000169;DAFI
DAF000170;DAFI
DAF000170;DAFI
DAF000170;DAFI
DAF000171;DAFI
DAF000171;DAFI
DAF000171;DAFI
DAF000172;DAFI
DAF000172;DAFI
DAF000172;DAFI
DAF000173;DAFI
DAF000173;DAFI
DAF000173;DAFI
DAF000174;DAFI
DAF000174;DAFI
DAF000174;DAFI
DAF000175;DAFI
DAF000175;DAFI
DAF000175;DAFI
DAF000176;DAFI
DAF000176;DAFI
DAF000176;DAFI
DAF000177;DAFI
DAF000177;DAFI
DAF000177;DAFI
DAF000178;DAFI
DAF000178;DAFI
DAF000178;DAFI
DAF000179;DAFI
DAF000179;DAFI
DAF000179;DAFI
DAF000180;DAFI
DAF000180;DAFI
DAF000180;DAFI
DAF000181;DAFI
DAF000181;DAFI
DAF000181;DAFI
DAF000182;DAFI
DAF000182;DAFI
DAF000182;DAFI
DAF000183;DAFI
DAF000183;DAFI
DAF000183;DAFI
DAF000184;DAFI
DAF000184;DAFI
DAF000184;DAFI
DAF000185;DAFI
DAF000185;DAFI
DAF000185;DAFI
DAF000186;DAFI
DAF000186;DAFI
DAF000186;DAFI
DAF000187;DAFI
DAF000187;DAFI
DAF000187;DAFI
DAF000188;DAFI
DAF000188;DAFI
DAF000188;DAFI
DAF000189;DAFI
DAF000189;DAFI
DAF000189;DAFI
DAF000190;DAFI
DAF000190;DAFI
DAF000190;DAFI
DAF000191;DAFI
DAF000191;DAFI
DAF000191;DAFI
DAF000192;DAFI
DAF000192;DAFI
DAF000192;DAFI
DAF000193;DAFI
DAF000193;DAFI
DAF000193;DAFI
DAF000194;DAFI
DAF000194;DAFI
DAF000194;DAFI
DAF000195;DAFI
DAF000195;DAFI
DAF000195;DAFI
DAF000196;DAFI
DAF000196;DAFI
DAF000196;DAFI
DAF000197;DAFI
DAF000197;DAFI
DAF000197;DAFI
DAF000198;DAFI
DAF000198;DAFI
DAF000198;DAFI
DAF000199;DAFI
DAF000199;DAFI
DAF000199;DAFI
DAF000200;DAFI
DAF000200;DAFI
DAF000200;DAFI
DAF000201;DAFI
DAF000201;DAFI
DAF000201;DAFI
DAF000202;DAFI
DAF000202;DAFI
DAF000202;DAFI
DAF000203;DAFI
DAF000203;DAFI
DAF000203;DAFI
DAF000204;DAFI
DAF000204;DAFI
DAF000204;DAFI
DAF000205;DAFI
DAF000205;DAFI
DAF000205;DAFI
DAF000206;DAFI
DAF000206;DAFI
DAF000206;DAFI
DAF000207;DAFI
DAF000207;DAFI
DAF000207;DAFI
DAF000209;DAFI
DAF000209;DAFI
DAF000209;DAFI
DAF000211;DAFI
DAF000211;DAFI
DAF000211;DAFI
DAF000212;DAFI
DAF000212;DAFI
DAF000212;DAFI
DAF000213;DAFI
DAF000213;DAFI
DAF000213;DAFI
DAF000214;DAFI
DAF000214;DAFI
DAF000214;DAFI
DAF000215;DAFI
DAF000215;DAFI
DAF000215;DAFI
DAF000216;DAFI
DAF000216;DAFI
DAF000216;DAFI
DAF000217;DAFI
DAF000217;DAFI
DAF000217;DAFI
DAF000218;DAFI
DAF000218;DAFI
DAF000218;DAFI
DAF000219;DAFI
DAF000219;DAFI
DAF000219;DAFI
DAF000220;DAFI
DAF000220;DAFI
DAF000220;DAFI
DAF000221;DAFI
DAF000221;DAFI
DAF000221;DAFI
DAF000222;DAFI
DAF000222;DAFI
DAF000222;DAFI
DAF000223;DAFI
DAF000223;DAFI
DAF000223;DAFI
DAF000224;DAFI
DAF000224;DAFI
DAF000224;DAFI
DAF000225;DAFI
DAF000225;DAFI
DAF000225;DAFI
DAF000226;DAFI
DAF000226;DAFI
DAF000226;DAFI
DAF000227;DAFI
DAF000227;DAFI
DAF000227;DAFI
DET000002;DETAILING
DET000002;DETAILING
DET000002;DETAILING
DET000003;DETAILING
DET000003;DETAILING
DET000003;DETAILING
DET000012;DETAILING
DET000012;DETAILING
DET000012;DETAILING
DET000013;DETAILING
DET000013;DETAILING
DET000013;DETAILING
DET000014;DETAILING
DET000014;DETAILING
DET000014;DETAILING
DET000020;DETAILING
DET000020;DETAILING
DET000020;DETAILING
DET000021;DETAILING
DET000021;DETAILING
DET000021;DETAILING
DET000022;DETAILING
DET000022;DETAILING
DET000022;DETAILING
DET000023;DETAILING
DET000023;DETAILING
DET000023;DETAILING
DET000024;DETAILING
DET000024;DETAILING
DET000024;DETAILING
DET000025;DETAILING
DET000025;DETAILING
DET000025;DETAILING
DET000026;DETAILING
DET000026;DETAILING
DET000026;DETAILING
DET000027;DETAILING
DET000027;DETAILING
DET000027;DETAILING
DET000028;DETAILING
DET000028;DETAILING
DET000028;DETAILING
DET000029;DETAILING
DET000029;DETAILING
DET000029;DETAILING
DET000030;DETAILING
DET000030;DETAILING
DET000030;DETAILING
DET000031;DETAILING
DET000031;DETAILING
DET000031;DETAILING
DET000032;DETAILING
DET000032;DETAILING
DET000032;DETAILING
DET000033;DETAILING
DET000033;DETAILING
DET000033;DETAILING
DET000034;DETAILING
DET000034;DETAILING
DET000034;DETAILING
DET000035;DETAILING
DET000035;DETAILING
DET000035;DETAILING
DET000036;DETAILING
DET000036;DETAILING
DET000036;DETAILING
DET000037;DETAILING
DET000037;DETAILING
DET000037;DETAILING
DET000038;DETAILING
DET000038;DETAILING
DET000038;DETAILING
DET000039;DETAILING
DET000039;DETAILING
DET000039;DETAILING
DET000040;DETAILING
DET000040;DETAILING
DET000040;DETAILING
DET000041;DETAILING
DET000041;DETAILING
DET000041;DETAILING
DET000042;DETAILING
DET000042;DETAILING
DET000042;DETAILING
DET000043;DETAILING
DET000043;DETAILING
DET000043;DETAILING
DET000044;DETAILING
DET000044;DETAILING
DET000044;DETAILING
DET000045;DETAILING
DET000045;DETAILING
DET000045;DETAILING
DET000046;DETAILING
DET000046;DETAILING
DET000046;DETAILING
DET000047;DETAILING
DET000047;DETAILING
DET000047;DETAILING
DET000048;DETAILING
DET000048;DETAILING
DET000048;DETAILING
DET000049;DETAILING
DET000049;DETAILING
DET000049;DETAILING
DET000050;DETAILING
DET000050;DETAILING
DET000050;DETAILING
DET000051;DETAILING
DET000051;DETAILING
DET000051;DETAILING
DET000052;DETAILING
DET000052;DETAILING
DET000052;DETAILING
DET000053;DETAILING
DET000053;DETAILING
DET000053;DETAILING
DET000054;DETAILING
DET000054;DETAILING
DET000054;DETAILING
DET000056;DETAILING
DET000056;DETAILING
DET000056;DETAILING
DET000057;DETAILING
DET000057;DETAILING
DET000057;DETAILING
DET000058;DETAILING
DET000058;DETAILING
DET000058;DETAILING
DET000059;DETAILING
DET000059;DETAILING
DET000059;DETAILING
DET000060;DETAILING
DET000060;DETAILING
DET000060;DETAILING
DET000061;DETAILING
DET000061;DETAILING
DET000061;DETAILING
DET000062;DETAILING
DET000062;DETAILING
DET000062;DETAILING
DET000063;DETAILING
DET000063;DETAILING
DET000063;DETAILING
DET000064;DETAILING
DET000064;DETAILING
DET000064;DETAILING
DET000065;DETAILING
DET000065;DETAILING
DET000065;DETAILING
DET000068;DETAILING
DET000068;DETAILING
DET000068;DETAILING
DET000069;DETAILING
DET000069;DETAILING
DET000069;DETAILING
DET000070;DETAILING
DET000070;DETAILING
DET000070;DETAILING
DET000071;DETAILING
DET000071;DETAILING
DET000071;DETAILING
DET000072;DETAILING
DET000072;DETAILING
DET000072;DETAILING
DET000073;DETAILING
DET000073;DETAILING
DET000073;DETAILING
DET000074;DETAILING
DET000074;DETAILING
DET000074;DETAILING
DET000075;DETAILING
DET000075;DETAILING
DET000075;DETAILING
DET000076;DETAILING
DET000076;DETAILING
DET000076;DETAILING
DET000077;DETAILING
DET000077;DETAILING
DET000077;DETAILING
DET000078;DETAILING
DET000078;DETAILING
DET000078;DETAILING
DET000079;DETAILING
DET000079;DETAILING
DET000079;DETAILING
DET000080;DETAILING
DET000080;DETAILING
DET000080;DETAILING
DET000081;DETAILING
DET000081;DETAILING
DET000081;DETAILING
DET000082;DETAILING
DET000082;DETAILING
DET000082;DETAILING
DET000083;DETAILING
DET000083;DETAILING
DET000083;DETAILING
DET000084;DETAILING
DET000084;DETAILING
DET000084;DETAILING
DET000085;DETAILING
DET000085;DETAILING
DET000085;DETAILING
DET000086;DETAILING
DET000086;DETAILING
DET000086;DETAILING
DET000087;DETAILING
DET000087;DETAILING
DET000087;DETAILING
DET000088;DETAILING
DET000088;DETAILING
DET000088;DETAILING
DET000089;DETAILING
DET000089;DETAILING
DET000089;DETAILING
DET000090;DETAILING
DET000090;DETAILING
DET000090;DETAILING
DET000091;DETAILING
DET000091;DETAILING
DET000091;DETAILING
DET000092;DETAILING
DET000092;DETAILING
DET000092;DETAILING
DET000093;DETAILING
DET000093;DETAILING
DET000093;DETAILING
DET000094;DETAILING
DET000094;DETAILING
DET000094;DETAILING
DET000095;DETAILING
DET000095;DETAILING
DET000095;DETAILING
DET000096;DETAILING
DET000096;DETAILING
DET000096;DETAILING
DET000097;DETAILING
DET000097;DETAILING
DET000097;DETAILING
DET000098;DETAILING
DET000098;DETAILING
DET000098;DETAILING
DET000099;DETAILING
DET000099;DETAILING
DET000099;DETAILING
DET000100;DETAILING
DET000100;DETAILING
DET000100;DETAILING
DET000101;DETAILING
DET000101;DETAILING
DET000101;DETAILING
DET000102;DETAILING
DET000102;DETAILING
DET000102;DETAILING
DET000103;DETAILING
DET000103;DETAILING
DET000103;DETAILING
DET000104;DETAILING
DET000104;DETAILING
DET000104;DETAILING
DET000105;DETAILING
DET000105;DETAILING
DET000105;DETAILING
DET000106;DETAILING
DET000106;DETAILING
DET000106;DETAILING
DET000107;DETAILING
DET000107;DETAILING
DET000107;DETAILING
DET000108;DETAILING
DET000108;DETAILING
DET000108;DETAILING
DET000109;DETAILING
DET000109;DETAILING
DET000109;DETAILING
DET000110;DETAILING
DET000110;DETAILING
DET000110;DETAILING
DET000111;DETAILING
DET000111;DETAILING
DET000111;DETAILING
DET000112;DETAILING
DET000112;DETAILING
DET000112;DETAILING
DET000113;DETAILING
DET000113;DETAILING
DET000113;DETAILING
DET000114;DETAILING
DET000114;DETAILING
DET000114;DETAILING
DET000115;DETAILING
DET000115;DETAILING
DET000115;DETAILING
DET000117;DETAILING
DET000117;DETAILING
DET000117;DETAILING
DET000118;DETAILING
DET000118;DETAILING
DET000118;DETAILING
DET000119;DETAILING
DET000119;DETAILING
DET000119;DETAILING
DET000120;DETAILING
DET000120;DETAILING
DET000120;DETAILING
DOLP0001;DOLPHIN
DOLP0001;DOLPHIN
DOLP0001;DOLPHIN
DOLP0002;DOLPHIN
DOLP0002;DOLPHIN
DOLP0002;DOLPHIN
DOLP0003;DOLPHIN
DOLP0003;DOLPHIN
DOLP0003;DOLPHIN
DOLP0005;DOLPHIN
DOLP0005;DOLPHIN
DOLP0005;DOLPHIN
DOLP0006;DOLPHIN
DOLP0006;DOLPHIN
DOLP0006;DOLPHIN
DOLP0010;DOLPHIN
DOLP0010;DOLPHIN
DOLP0010;DOLPHIN
DOLP0018;DOLPHIN
DOLP0018;DOLPHIN
DOLP0018;DOLPHIN
DOLP0022;DOLPHIN
DOLP0022;DOLPHIN
DOLP0022;DOLPHIN
DOLP0024;DOLPHIN
DOLP0024;DOLPHIN
DOLP0024;DOLPHIN
DOLP0030;DOLPHIN
DOLP0030;DOLPHIN
DOLP0030;DOLPHIN
DOLP0032;DOLPHIN
DOLP0032;DOLPHIN
DOLP0032;DOLPHIN
DOLP0033;DOLPHIN
DOLP0033;DOLPHIN
DOLP0033;DOLPHIN
DOLP0034;DOLPHIN
DOLP0034;DOLPHIN
DOLP0034;DOLPHIN
DOLP0050;DOLPHIN
DOLP0050;DOLPHIN
DOLP0050;DOLPHIN
DOLP0055;DOLPHIN
DOLP0055;DOLPHIN
DOLP0055;DOLPHIN
DOLP0062;DOLPHIN
DOLP0062;DOLPHIN
DOLP0062;DOLPHIN
DOLP0063;DOLPHIN
DOLP0063;DOLPHIN
DOLP0063;DOLPHIN
DOLP0064;DOLPHIN
DOLP0064;DOLPHIN
DOLP0064;DOLPHIN
DOLP0065;DOLPHIN
DOLP0065;DOLPHIN
DOLP0065;DOLPHIN
DOLP0066;DOLPHIN
DOLP0066;DOLPHIN
DOLP0066;DOLPHIN
DOLP0067;DOLPHIN
DOLP0067;DOLPHIN
DOLP0067;DOLPHIN
DOLP0068;DOLPHIN
DOLP0068;DOLPHIN
DOLP0068;DOLPHIN
DOLP0069;DOLPHIN
DOLP0069;DOLPHIN
DOLP0069;DOLPHIN
DOLP0070;DOLPHIN
DOLP0070;DOLPHIN
DOLP0070;DOLPHIN
DOLP0072;DOLPHIN
DOLP0072;DOLPHIN
DOLP0072;DOLPHIN
DOLP0073;DOLPHIN
DOLP0073;DOLPHIN
DOLP0073;DOLPHIN
DOLP0074;DOLPHIN
DOLP0074;DOLPHIN
DOLP0074;DOLPHIN
DOLP0075;DOLPHIN
DOLP0075;DOLPHIN
DOLP0075;DOLPHIN
DOLP0076;DOLPHIN
DOLP0076;DOLPHIN
DOLP0076;DOLPHIN
DOLP0077;DOLPHIN
DOLP0077;DOLPHIN
DOLP0077;DOLPHIN
DOLP0078;DOLPHIN
DOLP0078;DOLPHIN
DOLP0078;DOLPHIN
DOLP0079;DOLPHIN
DOLP0079;DOLPHIN
DOLP0079;DOLPHIN
DOLP0080;DOLPHIN
DOLP0080;DOLPHIN
DOLP0080;DOLPHIN
DOLP0081;DOLPHIN
DOLP0081;DOLPHIN
DOLP0081;DOLPHIN
DOLP0082;DOLPHIN
DOLP0082;DOLPHIN
DOLP0082;DOLPHIN
DOLP0083;DOLPHIN
DOLP0083;DOLPHIN
DOLP0083;DOLPHIN
DOLP0084;DOLPHIN
DOLP0084;DOLPHIN
DOLP0084;DOLPHIN
DOLP0085;DOLPHIN
DOLP0085;DOLPHIN
DOLP0085;DOLPHIN
DOLP0086;DOLPHIN
DOLP0086;DOLPHIN
DOLP0086;DOLPHIN
DOLP0087;DOLPHIN
DOLP0087;DOLPHIN
DOLP0087;DOLPHIN
DOLP0088;DOLPHIN
DOLP0088;DOLPHIN
DOLP0088;DOLPHIN
DOLP0089;DOLPHIN
DOLP0089;DOLPHIN
DOLP0089;DOLPHIN
DOLP0090;DOLPHIN
DOLP0090;DOLPHIN
DOLP0090;DOLPHIN
DOLP0091;DOLPHIN
DOLP0091;DOLPHIN
DOLP0091;DOLPHIN
DOLP0092;DOLPHIN
DOLP0092;DOLPHIN
DOLP0092;DOLPHIN
DRA000001;DRACO BIS
DRA000001;DRACO BIS
DRA000001;DRACO BIS
DRA000002;DRACO BIS
DRA000002;DRACO BIS
DRA000002;DRACO BIS
DRA000003;DRACO BIS
DRA000003;DRACO BIS
DRA000003;DRACO BIS
DRA000004;DRACO BIS
DRA000004;DRACO BIS
DRA000004;DRACO BIS
DRA000005;DRACO BIS
DRA000005;DRACO BIS
DRA000005;DRACO BIS
DRA000006;DRACO BIS
DRA000006;DRACO BIS
DRA000006;DRACO BIS
DRA000007;DRACO BIS
DRA000007;DRACO BIS
DRA000007;DRACO BIS
DRA000008;DRACO BIS
DRA000008;DRACO BIS
DRA000008;DRACO BIS
DRA000009;DRACO BIS
DRA000009;DRACO BIS
DRA000009;DRACO BIS
DRA000010;DRACO BIS
DRA000010;DRACO BIS
DRA000010;DRACO BIS
DRA000011;DRACO BIS
DRA000011;DRACO BIS
DRA000011;DRACO BIS
DRA000012;DRACO BIS
DRA000012;DRACO BIS
DRA000012;DRACO BIS
DRA000013;DRACO BIS
DRA000013;DRACO BIS
DRA000013;DRACO BIS
DRA000014;DRACO BIS
DRA000014;DRACO BIS
DRA000014;DRACO BIS
DRA000015;DRACO BIS
DRA000015;DRACO BIS
DRA000015;DRACO BIS
DRA000016;DRACO BIS
DRA000016;DRACO BIS
DRA000016;DRACO BIS
DRA000017;DRACO BIS
DRA000017;DRACO BIS
DRA000017;DRACO BIS
DRA000018;DRACO BIS
DRA000018;DRACO BIS
DRA000018;DRACO BIS
DRA000019;DRACO BIS
DRA000019;DRACO BIS
DRA000019;DRACO BIS
DRA000020;DRACO BIS
DRA000020;DRACO BIS
DRA000020;DRACO BIS
DRA000021;DRACO BIS
DRA000021;DRACO BIS
DRA000021;DRACO BIS
DRA000022;DRACO BIS
DRA000022;DRACO BIS
DRA000022;DRACO BIS
DRA000023;DRACO BIS
DRA000023;DRACO BIS
DRA000023;DRACO BIS
DRA000024;DRACO BIS
DRA000024;DRACO BIS
DRA000024;DRACO BIS
DRA000025;DRACO BIS
DRA000025;DRACO BIS
DRA000025;DRACO BIS
DRA000026;DRACO BIS
DRA000026;DRACO BIS
DRA000026;DRACO BIS
DRA000027;DRACO BIS
DRA000027;DRACO BIS
DRA000027;DRACO BIS
DRA000028;DRACO BIS
DRA000028;DRACO BIS
DRA000028;DRACO BIS
DRA000029;DRACO BIS
DRA000029;DRACO BIS
DRA000029;DRACO BIS
DRA000030;DRACO BIS
DRA000030;DRACO BIS
DRA000030;DRACO BIS
DRA000031;DRACO BIS
DRA000031;DRACO BIS
DRA000031;DRACO BIS
DRA000032;DRACO BIS
DRA000032;DRACO BIS
DRA000032;DRACO BIS
DRA000033;DRACO BIS
DRA000033;DRACO BIS
DRA000033;DRACO BIS
DRA000034;DRACO BIS
DRA000034;DRACO BIS
DRA000034;DRACO BIS
DRA000035;DRACO BIS
DRA000035;DRACO BIS
DRA000035;DRACO BIS
DRA000036;DRACO BIS
DRA000036;DRACO BIS
DRA000036;DRACO BIS
DRA000037;DRACO BIS
DRA000037;DRACO BIS
DRA000037;DRACO BIS
DRA000038;DRACO BIS
DRA000038;DRACO BIS
DRA000038;DRACO BIS
DRA000039;DRACO BIS
DRA000039;DRACO BIS
DRA000039;DRACO BIS
DRA000040;DRACO BIS
DRA000040;DRACO BIS
DRA000040;DRACO BIS
DRA000041;DRACO BIS
DRA000041;DRACO BIS
DRA000041;DRACO BIS
DRA000042;DRACO BIS
DRA000042;DRACO BIS
DRA000042;DRACO BIS
DRA000043;DRACO BIS
DRA000043;DRACO BIS
DRA000043;DRACO BIS
DRA000044;DRACO BIS
DRA000044;DRACO BIS
DRA000044;DRACO BIS
DRA000045;DRACO BIS
DRA000045;DRACO BIS
DRA000045;DRACO BIS
DRA000046;DRACO BIS
DRA000046;DRACO BIS
DRA000046;DRACO BIS
DRA000047;DRACO BIS
DRA000047;DRACO BIS
DRA000047;DRACO BIS
DRA000048;DRACO BIS
DRA000048;DRACO BIS
DRA000048;DRACO BIS
DRA000049;DRACO BIS
DRA000049;DRACO BIS
DRA000049;DRACO BIS
DRA000050;DRACO BIS
DRA000050;DRACO BIS
DRA000050;DRACO BIS
DRA000051;DRACO BIS
DRA000051;DRACO BIS
DRA000051;DRACO BIS
DRA000052;DRACO BIS
DRA000052;DRACO BIS
DRA000052;DRACO BIS
DRA000053;DRACO BIS
DRA000053;DRACO BIS
DRA000053;DRACO BIS
DRA000054;DRACO BIS
DRA000054;DRACO BIS
DRA000054;DRACO BIS
DRA000055;DRACO BIS
DRA000055;DRACO BIS
DRA000055;DRACO BIS
DRA000056;DRACO BIS
DRA000056;DRACO BIS
DRA000056;DRACO BIS
DRA000057;DRACO BIS
DRA000057;DRACO BIS
DRA000057;DRACO BIS
DRA000058;DRACO BIS
DRA000058;DRACO BIS
DRA000058;DRACO BIS
DRA000059;DRACO BIS
DRA000059;DRACO BIS
DRA000059;DRACO BIS
DRA000060;DRACO BIS
DRA000060;DRACO BIS
DRA000060;DRACO BIS
DRA000061;DRACO BIS
DRA000061;DRACO BIS
DRA000061;DRACO BIS
DRA000062;DRACO BIS
DRA000062;DRACO BIS
DRA000062;DRACO BIS
DRA000063;DRACO BIS
DRA000063;DRACO BIS
DRA000063;DRACO BIS
DRA000064;DRACO BIS
DRA000064;DRACO BIS
DRA000064;DRACO BIS
DRA000065;DRACO BIS
DRA000065;DRACO BIS
DRA000065;DRACO BIS
DRA000066;DRACO BIS
DRA000066;DRACO BIS
DRA000066;DRACO BIS
DRA000067;DRACO BIS
DRA000067;DRACO BIS
DRA000067;DRACO BIS
DRA000068;DRACO BIS
DRA000068;DRACO BIS
DRA000068;DRACO BIS
DRA000069;DRACO BIS
DRA000069;DRACO BIS
DRA000069;DRACO BIS
DRA000070;DRACO BIS
DRA000070;DRACO BIS
DRA000070;DRACO BIS
DRA000071;DRACO BIS
DRA000071;DRACO BIS
DRA000071;DRACO BIS
DRA000072;DRACO BIS
DRA000072;DRACO BIS
DRA000072;DRACO BIS
DRA000073;DRACO BIS
DRA000073;DRACO BIS
DRA000073;DRACO BIS
DRA000074;DRACO BIS
DRA000074;DRACO BIS
DRA000074;DRACO BIS
DRA000075;DRACO BIS
DRA000075;DRACO BIS
DRA000075;DRACO BIS
DRA000076;DRACO BIS
DRA000076;DRACO BIS
DRA000076;DRACO BIS
DRA000077;DRACO BIS
DRA000077;DRACO BIS
DRA000077;DRACO BIS
DRA000078;DRACO BIS
DRA000078;DRACO BIS
DRA000078;DRACO BIS
DRA000079;DRACO BIS
DRA000079;DRACO BIS
DRA000079;DRACO BIS
DRA000080;DRACO BIS
DRA000080;DRACO BIS
DRA000080;DRACO BIS
DRA000081;DRACO BIS
DRA000081;DRACO BIS
DRA000081;DRACO BIS
DRA000082;DRACO BIS
DRA000082;DRACO BIS
DRA000082;DRACO BIS
DRA000083;DRACO BIS
DRA000083;DRACO BIS
DRA000083;DRACO BIS
DRA000084;DRACO BIS
DRA000084;DRACO BIS
DRA000084;DRACO BIS
DRA000085;DRACO BIS
DRA000085;DRACO BIS
DRA000085;DRACO BIS
DRA000086;DRACO BIS
DRA000086;DRACO BIS
DRA000086;DRACO BIS
DRA000087;DRACO BIS
DRA000087;DRACO BIS
DRA000087;DRACO BIS
DRA000088;DRACO BIS
DRA000088;DRACO BIS
DRA000088;DRACO BIS
DRA000089;DRACO BIS
DRA000089;DRACO BIS
DRA000089;DRACO BIS
DRA000090;DRACO BIS
DRA000090;DRACO BIS
DRA000090;DRACO BIS
DRA000091;DRACO BIS
DRA000091;DRACO BIS
DRA000091;DRACO BIS
DRA000092;DRACO BIS
DRA000092;DRACO BIS
DRA000092;DRACO BIS
DRA000093;DRACO BIS
DRA000093;DRACO BIS
DRA000093;DRACO BIS
DRA000094;DRACO BIS
DRA000094;DRACO BIS
DRA000094;DRACO BIS
DRA000095;DRACO BIS
DRA000095;DRACO BIS
DRA000095;DRACO BIS
DRA000096;DRACO BIS
DRA000096;DRACO BIS
DRA000096;DRACO BIS
DRA000097;DRACO BIS
DRA000097;DRACO BIS
DRA000097;DRACO BIS
DRA000098;DRACO BIS
DRA000098;DRACO BIS
DRA000098;DRACO BIS
DRA000099;DRACO BIS
DRA000099;DRACO BIS
DRA000099;DRACO BIS
DRA000100;DRACO BIS
DRA000100;DRACO BIS
DRA000100;DRACO BIS
DRA000101;DRACO BIS
DRA000101;DRACO BIS
DRA000101;DRACO BIS
DRA000102;DRACO BIS
DRA000102;DRACO BIS
DRA000102;DRACO BIS
DRA000103;DRACO BIS
DRA000103;DRACO BIS
DRA000103;DRACO BIS
DRA000104;DRACO BIS
DRA000104;DRACO BIS
DRA000104;DRACO BIS
DRA000105;DRACO BIS
DRA000105;DRACO BIS
DRA000105;DRACO BIS
DRA000106;DRACO BIS
DRA000106;DRACO BIS
DRA000106;DRACO BIS
DRA000107;DRACO BIS
DRA000107;DRACO BIS
DRA000107;DRACO BIS
DRA000108;DRACO BIS
DRA000108;DRACO BIS
DRA000108;DRACO BIS
DRA000109;DRACO BIS
DRA000109;DRACO BIS
DRA000109;DRACO BIS
DRA000110;DRACO BIS
DRA000110;DRACO BIS
DRA000110;DRACO BIS
DRA000111;DRACO BIS
DRA000111;DRACO BIS
DRA000111;DRACO BIS
DRA000112;DRACO BIS
DRA000112;DRACO BIS
DRA000112;DRACO BIS
DRA000113;DRACO BIS
DRA000113;DRACO BIS
DRA000113;DRACO BIS
DRA000114;DRACO BIS
DRA000114;DRACO BIS
DRA000114;DRACO BIS
DRA000115;DRACO BIS
DRA000115;DRACO BIS
DRA000115;DRACO BIS
DRA000116;DRACO BIS
DRA000116;DRACO BIS
DRA000116;DRACO BIS
DRA000117;DRACO BIS
DRA000117;DRACO BIS
DRA000117;DRACO BIS
DRA000118;DRACO BIS
DRA000118;DRACO BIS
DRA000118;DRACO BIS
DRA000119;DRACO BIS
DRA000119;DRACO BIS
DRA000119;DRACO BIS
DRA000120;DRACO BIS
DRA000120;DRACO BIS
DRA000120;DRACO BIS
DRA000121;DRACO BIS
DRA000121;DRACO BIS
DRA000121;DRACO BIS
DRA000123;DRACO BIS
DRA000123;DRACO BIS
DRA000123;DRACO BIS
DRA000124;DRACO BIS
DRA000124;DRACO BIS
DRA000124;DRACO BIS
DRA000125;DRACO BIS
DRA000125;DRACO BIS
DRA000125;DRACO BIS
DRA000126;DRACO BIS
DRA000126;DRACO BIS
DRA000126;DRACO BIS
DRA000127;DRACO BIS
DRA000127;DRACO BIS
DRA000127;DRACO BIS
DRA000128;DRACO BIS
DRA000128;DRACO BIS
DRA000128;DRACO BIS
DRA000129;DRACO BIS
DRA000129;DRACO BIS
DRA000129;DRACO BIS
DRA000130;DRACO BIS
DRA000130;DRACO BIS
DRA000130;DRACO BIS
DRA000131;DRACO BIS
DRA000131;DRACO BIS
DRA000131;DRACO BIS
DRA000132;DRACO BIS
DRA000132;DRACO BIS
DRA000132;DRACO BIS
DRA000133;DRACO BIS
DRA000133;DRACO BIS
DRA000133;DRACO BIS
DRA000134;DRACO BIS
DRA000134;DRACO BIS
DRA000134;DRACO BIS
DRA000135;DRACO BIS
DRA000135;DRACO BIS
DRA000135;DRACO BIS
DRA000136;DRACO BIS
DRA000136;DRACO BIS
DRA000136;DRACO BIS
DRA000137;DRACO BIS
DRA000137;DRACO BIS
DRA000137;DRACO BIS
DRA000138;DRACO BIS
DRA000138;DRACO BIS
DRA000138;DRACO BIS
DRA000139;DRACO BIS
DRA000139;DRACO BIS
DRA000139;DRACO BIS
DRA000140;DRACO BIS
DRA000140;DRACO BIS
DRA000140;DRACO BIS
DRA000141;DRACO BIS
DRA000141;DRACO BIS
DRA000141;DRACO BIS
DRA000142;DRACO BIS
DRA000142;DRACO BIS
DRA000142;DRACO BIS
DRA000143;DRACO BIS
DRA000143;DRACO BIS
DRA000143;DRACO BIS
DRA000144;DRACO BIS
DRA000144;DRACO BIS
DRA000144;DRACO BIS
DRA000145;DRACO BIS
DRA000145;DRACO BIS
DRA000145;DRACO BIS
DRA000146;DRACO BIS
DRA000146;DRACO BIS
DRA000146;DRACO BIS
DRA000147;DRACO BIS
DRA000147;DRACO BIS
DRA000147;DRACO BIS
DRA000148;DRACO BIS
DRA000148;DRACO BIS
DRA000148;DRACO BIS
DRA000149;DRACO BIS
DRA000149;DRACO BIS
DRA000149;DRACO BIS
DRA000150;DRACO BIS
DRA000150;DRACO BIS
DRA000150;DRACO BIS
DRA000151;DRACO BIS
DRA000151;DRACO BIS
DRA000151;DRACO BIS
DRA000152;DRACO BIS
DRA000152;DRACO BIS
DRA000152;DRACO BIS
DRA000153;DRACO BIS
DRA000153;DRACO BIS
DRA000153;DRACO BIS
DRA000154;DRACO BIS
DRA000154;DRACO BIS
DRA000154;DRACO BIS
DRA000155;DRACO BIS
DRA000155;DRACO BIS
DRA000155;DRACO BIS
DRA000156;DRACO BIS
DRA000156;DRACO BIS
DRA000156;DRACO BIS
DRA000157;DRACO BIS
DRA000157;DRACO BIS
DRA000157;DRACO BIS
DRA000158;DRACO BIS
DRA000158;DRACO BIS
DRA000158;DRACO BIS
DRA000159;DRACO BIS
DRA000159;DRACO BIS
DRA000159;DRACO BIS
DRA000160;DRACO BIS
DRA000160;DRACO BIS
DRA000160;DRACO BIS
DRA000161;DRACO BIS
DRA000161;DRACO BIS
DRA000161;DRACO BIS
DRA000162;DRACO BIS
DRA000162;DRACO BIS
DRA000162;DRACO BIS
DRA000163;DRACO BIS
DRA000163;DRACO BIS
DRA000163;DRACO BIS
DRA000164;DRACO BIS
DRA000164;DRACO BIS
DRA000164;DRACO BIS
DRA000165;DRACO BIS
DRA000165;DRACO BIS
DRA000165;DRACO BIS
DRA000166;DRACO BIS
DRA000166;DRACO BIS
DRA000166;DRACO BIS
DRA000167;DRACO BIS
DRA000167;DRACO BIS
DRA000167;DRACO BIS
DRA000168;DRACO BIS
DRA000168;DRACO BIS
DRA000168;DRACO BIS
DRA000169;DRACO BIS
DRA000169;DRACO BIS
DRA000169;DRACO BIS
DRA000170;DRACO BIS
DRA000170;DRACO BIS
DRA000170;DRACO BIS
DRA000171;DRACO BIS
DRA000171;DRACO BIS
DRA000171;DRACO BIS
DRA000172;DRACO BIS
DRA000172;DRACO BIS
DRA000172;DRACO BIS
DRA000173;DRACO BIS
DRA000173;DRACO BIS
DRA000173;DRACO BIS
DRA000174;DRACO BIS
DRA000174;DRACO BIS
DRA000174;DRACO BIS
DRA000175;DRACO BIS
DRA000175;DRACO BIS
DRA000175;DRACO BIS
DRA000176;DRACO BIS
DRA000176;DRACO BIS
DRA000176;DRACO BIS
DRA000177;DRACO BIS
DRA000177;DRACO BIS
DRA000177;DRACO BIS
DRA000178;DRACO BIS
DRA000178;DRACO BIS
DRA000178;DRACO BIS
DRA000179;DRACO BIS
DRA000179;DRACO BIS
DRA000179;DRACO BIS
DRA000180;DRACO BIS
DRA000180;DRACO BIS
DRA000180;DRACO BIS
DRA000181;DRACO BIS
DRA000181;DRACO BIS
DRA000181;DRACO BIS
DRA000182;DRACO BIS
DRA000182;DRACO BIS
DRA000182;DRACO BIS
DRA000183;DRACO BIS
DRA000183;DRACO BIS
DRA000183;DRACO BIS
DRA000184;DRACO BIS
DRA000184;DRACO BIS
DRA000184;DRACO BIS
DRA000185;DRACO BIS
DRA000185;DRACO BIS
DRA000185;DRACO BIS
DRA000186;DRACO BIS
DRA000186;DRACO BIS
DRA000186;DRACO BIS
DRA000187;DRACO BIS
DRA000187;DRACO BIS
DRA000187;DRACO BIS
DRA000188;DRACO BIS
DRA000188;DRACO BIS
DRA000188;DRACO BIS
DRA000189;DRACO BIS
DRA000189;DRACO BIS
DRA000189;DRACO BIS
DRA000190;DRACO BIS
DRA000190;DRACO BIS
DRA000190;DRACO BIS
DRE000004;DREUMEX
DRE000004;DREUMEX
DRE000004;DREUMEX
DRE000005;DREUMEX
DRE000005;DREUMEX
DRE000005;DREUMEX
DRE000006;DREUMEX
DRE000006;DREUMEX
DRE000006;DREUMEX
DRE000007;DREUMEX
DRE000007;DREUMEX
DRE000007;DREUMEX
DRE000008;DREUMEX
DRE000008;DREUMEX
DRE000008;DREUMEX
DRE000009;DREUMEX
DRE000009;DREUMEX
DRE000009;DREUMEX
DRE000010;DREUMEX
DRE000010;DREUMEX
DRE000010;DREUMEX
DRE000011;DREUMEX
DRE000011;DREUMEX
DRE000011;DREUMEX
DRE000012;DREUMEX
DRE000012;DREUMEX
DRE000012;DREUMEX
DRE000013;DREUMEX
DRE000013;DREUMEX
DRE000013;DREUMEX
DRE000014;DREUMEX
DRE000014;DREUMEX
DRE000014;DREUMEX
DRE000015;DREUMEX
DRE000015;DREUMEX
DRE000015;DREUMEX
DRE000016;DREUMEX
DRE000016;DREUMEX
DRE000016;DREUMEX
DRE000017;DREUMEX
DRE000017;DREUMEX
DRE000017;DREUMEX
DRE000018;DREUMEX
DRE000018;DREUMEX
DRE000018;DREUMEX
DRE000019;DREUMEX
DRE000019;DREUMEX
DRE000019;DREUMEX
DRE000020;DREUMEX
DRE000020;DREUMEX
DRE000020;DREUMEX
DRE000021;DREUMEX
DRE000021;DREUMEX
DRE000021;DREUMEX
DRE000022;DREUMEX
DRE000022;DREUMEX
DRE000022;DREUMEX
DRE000023;DREUMEX
DRE000023;DREUMEX
DRE000023;DREUMEX
EAS000001;EASY WASH
EAS000001;EASY WASH
EAS000001;EASY WASH
EAS000002;EASY WASH
EAS000002;EASY WASH
EAS000002;EASY WASH
EAS000003;EASY WASH
EAS000003;EASY WASH
EAS000003;EASY WASH
EAS000004;EASY WASH
EAS000004;EASY WASH
EAS000004;EASY WASH
EAS000005;EASY WASH
EAS000005;EASY WASH
EAS000005;EASY WASH
EAS000006;EASY WASH
EAS000006;EASY WASH
EAS000006;EASY WASH
EAS000007;EASY WASH
EAS000007;EASY WASH
EAS000007;EASY WASH
EAS000008;EASY WASH
EAS000008;EASY WASH
EAS000008;EASY WASH
EAS000009;EASY WASH
EAS000009;EASY WASH
EAS000009;EASY WASH
EAS000010;EASY WASH
EAS000010;EASY WASH
EAS000010;EASY WASH
EAS000011;EASY WASH
EAS000011;EASY WASH
EAS000011;EASY WASH
EAS000012;EASY WASH
EAS000012;EASY WASH
EAS000012;EASY WASH
EAS000013;EASY WASH
EAS000013;EASY WASH
EAS000013;EASY WASH
EAS000014;EASY WASH
EAS000014;EASY WASH
EAS000014;EASY WASH
EAS000015;EASY WASH
EAS000015;EASY WASH
EAS000015;EASY WASH
EAS000016;EASY WASH
EAS000016;EASY WASH
EAS000016;EASY WASH
EAS000017;EASY WASH
EAS000017;EASY WASH
EAS000017;EASY WASH
EAS000018;EASY WASH
EAS000018;EASY WASH
EAS000018;EASY WASH
EAS000019;EASY WASH
EAS000019;EASY WASH
EAS000019;EASY WASH
EAS000020;EASY WASH
EAS000020;EASY WASH
EAS000020;EASY WASH
EAS000021;EASY WASH
EAS000021;EASY WASH
EAS000021;EASY WASH
EAS000022;EASY WASH
EAS000022;EASY WASH
EAS000022;EASY WASH
EAS000023;EASY WASH
EAS000023;EASY WASH
EAS000023;EASY WASH
EAS000024;EASY WASH
EAS000024;EASY WASH
EAS000024;EASY WASH
EAS000025;EASY WASH
EAS000025;EASY WASH
EAS000025;EASY WASH
EAS000026;EASY WASH
EAS000026;EASY WASH
EAS000026;EASY WASH
EAS000027;EASY WASH
EAS000027;EASY WASH
EAS000027;EASY WASH
EAS000028;EASY WASH
EAS000028;EASY WASH
EAS000028;EASY WASH
EAS000029;EASY WASH
EAS000029;EASY WASH
EAS000029;EASY WASH
EAS000030;EASY WASH
EAS000030;EASY WASH
EAS000030;EASY WASH
EAS000031;EASY WASH
EAS000031;EASY WASH
EAS000031;EASY WASH
EAS000032;EASY WASH
EAS000032;EASY WASH
EAS000032;EASY WASH
EAS000033;EASY WASH
EAS000033;EASY WASH
EAS000033;EASY WASH
EAS000034;EASY WASH
EAS000034;EASY WASH
EAS000034;EASY WASH
EAS000035;EASY WASH
EAS000035;EASY WASH
EAS000035;EASY WASH
EAS000036;EASY WASH
EAS000036;EASY WASH
EAS000036;EASY WASH
ECO000001;ECOCHEM
ECO000001;ECOCHEM
ECO000001;ECOCHEM
ECO000002;ECOCHEM
ECO000002;ECOCHEM
ECO000002;ECOCHEM
Eco000003;ECO
Eco000003;ECO
Eco000003;ECO
ECO000004;ECOCHEM
ECO000004;ECOCHEM
ECO000004;ECOCHEM
ECO000005;ECOCHEM
ECO000005;ECOCHEM
ECO000005;ECOCHEM
ECO000006;ECOCHEM
ECO000006;ECOCHEM
ECO000006;ECOCHEM
Eco000007;ECO
Eco000007;ECO
Eco000007;ECO
ECO000008;ECOCHEM
ECO000008;ECOCHEM
ECO000008;ECOCHEM
ECO000009;ECOCHEM
ECO000009;ECOCHEM
ECO000009;ECOCHEM
ECO000010;ECOCHEM
ECO000010;ECOCHEM
ECO000010;ECOCHEM
ECO000011;ECOCHEM
ECO000011;ECOCHEM
ECO000011;ECOCHEM
Eco000012;ECO
Eco000012;ECO
Eco000012;ECO
Eco000014;ECO
Eco000014;ECO
Eco000014;ECO
ECO000015;ECOCHEM
ECO000015;ECOCHEM
ECO000015;ECOCHEM
Eco000016;ECO
Eco000016;ECO
Eco000016;ECO
Eco000017;ECO
Eco000017;ECO
Eco000017;ECO
ECO000018;ECOCHEM
ECO000018;ECOCHEM
ECO000018;ECOCHEM
ECO000019;ECOCHEM
ECO000019;ECOCHEM
ECO000019;ECOCHEM
ECO000020;ECOCHEM
ECO000020;ECOCHEM
ECO000020;ECOCHEM
ECO000021;ECOCHEM
ECO000021;ECOCHEM
ECO000021;ECOCHEM
ECO000022;ECO SHINE
ECO000022;ECO SHINE
ECO000022;ECO SHINE
ECO000023;ECO SHINE
ECO000023;ECO SHINE
ECO000023;ECO SHINE
ECO000024;ECO SHINE
ECO000024;ECO SHINE
ECO000024;ECO SHINE
ECO000025;ECO SHINE
ECO000025;ECO SHINE
ECO000025;ECO SHINE
ECO000026;ECO SHINE
ECO000026;ECO SHINE
ECO000026;ECO SHINE
ECO000027;ECO SHINE
ECO000027;ECO SHINE
ECO000027;ECO SHINE
ECO000028;ECO SHINE
ECO000028;ECO SHINE
ECO000028;ECO SHINE
ECO000029;ECO SHINE
ECO000029;ECO SHINE
ECO000029;ECO SHINE
ECO000030;ECO SHINE
ECO000030;ECO SHINE
ECO000030;ECO SHINE
ECO000031;ECOCHEM
ECO000031;ECOCHEM
ECO000031;ECOCHEM
ECO000032;ECO SHINE
ECO000032;ECO SHINE
ECO000032;ECO SHINE
ECO000033;ECO SHINE
ECO000033;ECO SHINE
ECO000033;ECO SHINE
ECO000034;ECO SHINE
ECO000034;ECO SHINE
ECO000034;ECO SHINE
ECO000035;ECO SHINE
ECO000035;ECO SHINE
ECO000035;ECO SHINE
ECO000036;ECO SHINE
ECO000036;ECO SHINE
ECO000036;ECO SHINE
ECO000037;ECO SHINE
ECO000037;ECO SHINE
ECO000037;ECO SHINE
ECO000038;ECO SHINE
ECO000038;ECO SHINE
ECO000038;ECO SHINE
ECO000039;ECO SHINE
ECO000039;ECO SHINE
ECO000039;ECO SHINE
ECO000040;ECO SHINE
ECO000040;ECO SHINE
ECO000040;ECO SHINE
ECO000041;ECO SHINE
ECO000041;ECO SHINE
ECO000041;ECO SHINE
ECO000042;ECO SHINE
ECO000042;ECO SHINE
ECO000042;ECO SHINE
ECO000043;ECOCHEM
ECO000043;ECOCHEM
ECO000043;ECOCHEM
ECO000044;ECOCHEM
ECO000044;ECOCHEM
ECO000044;ECOCHEM
ECO000045;ECOCHEM
ECO000045;ECOCHEM
ECO000045;ECOCHEM
ECO000046;ECO SHINE
ECO000046;ECO SHINE
ECO000046;ECO SHINE
ECO000047;ECO SHINE
ECO000047;ECO SHINE
ECO000047;ECO SHINE
ECO000048;ECOCHEM
ECO000048;ECOCHEM
ECO000048;ECOCHEM
ECO000049;ECOCHEM
ECO000049;ECOCHEM
ECO000049;ECOCHEM
ECO000050;ECO SHINE
ECO000050;ECO SHINE
ECO000050;ECO SHINE
ECO000051;ECO SHINE
ECO000051;ECO SHINE
ECO000051;ECO SHINE
ECO000052;ECO SHINE
ECO000052;ECO SHINE
ECO000052;ECO SHINE
ECO000053;ECO SHINE
ECO000053;ECO SHINE
ECO000053;ECO SHINE
ECO000054;ECO SHINE
ECO000054;ECO SHINE
ECO000054;ECO SHINE
ECO000055;ECO SHINE
ECO000055;ECO SHINE
ECO000055;ECO SHINE
ECO000056;ECO SHINE
ECO000056;ECO SHINE
ECO000056;ECO SHINE
ECO000057;ECO SHINE
ECO000057;ECO SHINE
ECO000057;ECO SHINE
ECO000058;ECO SHINE
ECO000058;ECO SHINE
ECO000058;ECO SHINE
ECO000059;ECO SHINE
ECO000059;ECO SHINE
ECO000059;ECO SHINE
ECO000060;ECO SHINE
ECO000060;ECO SHINE
ECO000060;ECO SHINE
ECO000061;ECO SHINE
ECO000061;ECO SHINE
ECO000061;ECO SHINE
ECO000062;ECOCHEM
ECO000062;ECOCHEM
ECO000062;ECOCHEM
ECO000063;ECO SHINE
ECO000063;ECO SHINE
ECO000063;ECO SHINE
ECO000064;ECO SHINE
ECO000064;ECO SHINE
ECO000064;ECO SHINE
ECO000065;ECO SHINE
ECO000065;ECO SHINE
ECO000065;ECO SHINE
ECO000066;ECO SHINE
ECO000066;ECO SHINE
ECO000066;ECO SHINE
ECO000067;ECOCHEM
ECO000067;ECOCHEM
ECO000067;ECOCHEM
ECO000068;ECOCHEM
ECO000068;ECOCHEM
ECO000068;ECOCHEM
ECO000069;ECOCHEM
ECO000069;ECOCHEM
ECO000069;ECOCHEM
ECO000070;ECO SHINE
ECO000070;ECO SHINE
ECO000070;ECO SHINE
ECO000071;ECO SHINE
ECO000071;ECO SHINE
ECO000071;ECO SHINE
ECO000072;ECO SHINE
ECO000072;ECO SHINE
ECO000072;ECO SHINE
ECO000073;ECO SHINE
ECO000073;ECO SHINE
ECO000073;ECO SHINE
ECO000074;ECO SHINE
ECO000074;ECO SHINE
ECO000074;ECO SHINE
ECO000075;ECO SHINE
ECO000075;ECO SHINE
ECO000075;ECO SHINE
ECO000076;ECO SHINE
ECO000076;ECO SHINE
ECO000076;ECO SHINE
ECO000077;ECO SHINE
ECO000077;ECO SHINE
ECO000077;ECO SHINE
ECO000078;ECO SHINE
ECO000078;ECO SHINE
ECO000078;ECO SHINE
ECO000079;ECO SHINE
ECO000079;ECO SHINE
ECO000079;ECO SHINE
ECO000080;ECO SHINE
ECO000080;ECO SHINE
ECO000080;ECO SHINE
ECO000081;ECO SHINE
ECO000081;ECO SHINE
ECO000081;ECO SHINE
ECO000082;ECO SHINE
ECO000082;ECO SHINE
ECO000082;ECO SHINE
ECO000083;ECO SHINE
ECO000083;ECO SHINE
ECO000083;ECO SHINE
ECO000084;ECO SHINE
ECO000084;ECO SHINE
ECO000084;ECO SHINE
ECO000085;ECO SHINE
ECO000085;ECO SHINE
ECO000085;ECO SHINE
ECO000086;ECO SHINE
ECO000086;ECO SHINE
ECO000086;ECO SHINE
ECO000087;ECO SHINE
ECO000087;ECO SHINE
ECO000087;ECO SHINE
ECO000088;ECO SHINE
ECO000088;ECO SHINE
ECO000088;ECO SHINE
ECO000089;ECO SHINE
ECO000089;ECO SHINE
ECO000089;ECO SHINE
ECO000090;ECO SHINE
ECO000090;ECO SHINE
ECO000090;ECO SHINE
ECO000091;ECO SHINE
ECO000091;ECO SHINE
ECO000091;ECO SHINE
ECO000092;ECO SHINE
ECO000092;ECO SHINE
ECO000092;ECO SHINE
ECO000093;ECO SHINE
ECO000093;ECO SHINE
ECO000093;ECO SHINE
ECO000094;ECO SHINE
ECO000094;ECO SHINE
ECO000094;ECO SHINE
ECO000095;ECO SHINE
ECO000095;ECO SHINE
ECO000095;ECO SHINE
ECO000096;ECO SHINE
ECO000096;ECO SHINE
ECO000096;ECO SHINE
ECO000097;ECO SHINE
ECO000097;ECO SHINE
ECO000097;ECO SHINE
ECO000098;ECO SHINE
ECO000098;ECO SHINE
ECO000098;ECO SHINE
ECO000099;ECO SHINE
ECO000099;ECO SHINE
ECO000099;ECO SHINE
Eco000100;ECO
Eco000100;ECO
Eco000100;ECO
ECO000101;ECO SHINE
ECO000101;ECO SHINE
ECO000101;ECO SHINE
Eco000102;ECO
Eco000102;ECO
Eco000102;ECO
ECO000103;ECO SHINE
ECO000103;ECO SHINE
ECO000103;ECO SHINE
ECO000104;ECO SHINE
ECO000104;ECO SHINE
ECO000104;ECO SHINE
ECO000105;ECOCHEM
ECO000105;ECOCHEM
ECO000105;ECOCHEM
ECO000106;ECO SHINE
ECO000106;ECO SHINE
ECO000106;ECO SHINE
ECO000107;ECO SHINE
ECO000107;ECO SHINE
ECO000107;ECO SHINE
ECO000108;ECO SHINE
ECO000108;ECO SHINE
ECO000108;ECO SHINE
ECO000109;ECO SHINE
ECO000109;ECO SHINE
ECO000109;ECO SHINE
ECO000110;ECO SHINE
ECO000110;ECO SHINE
ECO000110;ECO SHINE
ECO000111;ECO SHINE
ECO000111;ECO SHINE
ECO000111;ECO SHINE
ECO000112;ECO SHINE
ECO000112;ECO SHINE
ECO000112;ECO SHINE
ECO000113;ECO SHINE
ECO000113;ECO SHINE
ECO000113;ECO SHINE
ECO000114;ECO SHINE
ECO000114;ECO SHINE
ECO000114;ECO SHINE
ECO000115;ECO SHINE
ECO000115;ECO SHINE
ECO000115;ECO SHINE
ECO000116;ECO SHINE
ECO000116;ECO SHINE
ECO000116;ECO SHINE
ECO000117;ECO SHINE
ECO000117;ECO SHINE
ECO000117;ECO SHINE
ECO000118;ECO SHINE
ECO000118;ECO SHINE
ECO000118;ECO SHINE
ECO000119;ECO SHINE
ECO000119;ECO SHINE
ECO000119;ECO SHINE
ECO000120;ECO SHINE
ECO000120;ECO SHINE
ECO000120;ECO SHINE
ECO000121;ECO SHINE
ECO000121;ECO SHINE
ECO000121;ECO SHINE
ECO000122;ECO SHINE
ECO000122;ECO SHINE
ECO000122;ECO SHINE
ECO000123;ECO SHINE
ECO000123;ECO SHINE
ECO000123;ECO SHINE
ECO000124;ECO SHINE
ECO000124;ECO SHINE
ECO000124;ECO SHINE
ECO000125;ECO SHINE
ECO000125;ECO SHINE
ECO000125;ECO SHINE
ECO000126;ECO SHINE
ECO000126;ECO SHINE
ECO000126;ECO SHINE
ECO000127;ECO SHINE
ECO000127;ECO SHINE
ECO000127;ECO SHINE
ECO000128;ECO SHINE
ECO000128;ECO SHINE
ECO000128;ECO SHINE
ECO000129;ECO SHINE
ECO000129;ECO SHINE
ECO000129;ECO SHINE
Eco000130;ECO
Eco000130;ECO
Eco000130;ECO
Eco000131;ECO
Eco000131;ECO
Eco000131;ECO
Eco000132;ECO
Eco000132;ECO
Eco000132;ECO
Eco000133;ECO
Eco000133;ECO
Eco000133;ECO
ECO000134;ECO SHINE
ECO000134;ECO SHINE
ECO000134;ECO SHINE
ECO000135;ECO SHINE
ECO000135;ECO SHINE
ECO000135;ECO SHINE
ECO000136;ECOCHEM
ECO000136;ECOCHEM
ECO000136;ECOCHEM
ECO000137;ECOCHEM
ECO000137;ECOCHEM
ECO000137;ECOCHEM
ECO000138;ECOCHEM
ECO000138;ECOCHEM
ECO000138;ECOCHEM
ECO000139;ECO SHINE
ECO000139;ECO SHINE
ECO000139;ECO SHINE
ECO000140;ECO SHINE
ECO000140;ECO SHINE
ECO000140;ECO SHINE
ECO000141;ECO SHINE
ECO000141;ECO SHINE
ECO000141;ECO SHINE
ECO000142;ECO SHINE
ECO000142;ECO SHINE
ECO000142;ECO SHINE
ECO000143;ECOCHEM
ECO000143;ECOCHEM
ECO000143;ECOCHEM
ECO000144;ECO SHINE
ECO000144;ECO SHINE
ECO000144;ECO SHINE
ECO000145;ECO SHINE
ECO000145;ECO SHINE
ECO000145;ECO SHINE
ECO000146;ECO SHINE
ECO000146;ECO SHINE
ECO000146;ECO SHINE
ECO000147;ECO SHINE
ECO000147;ECO SHINE
ECO000147;ECO SHINE
ECO000148;ECO SHINE
ECO000148;ECO SHINE
ECO000148;ECO SHINE
ECO000149;ECO SHINE
ECO000149;ECO SHINE
ECO000149;ECO SHINE
Eco000150;ECO
Eco000150;ECO
Eco000150;ECO
Eco000151;ECO
Eco000151;ECO
Eco000151;ECO
ECO000152;ECO SHINE
ECO000152;ECO SHINE
ECO000152;ECO SHINE
ECO000153;ECO SHINE
ECO000153;ECO SHINE
ECO000153;ECO SHINE
ECO000154;ECO SHINE
ECO000154;ECO SHINE
ECO000154;ECO SHINE
ECO000155;ECOCHEM
ECO000155;ECOCHEM
ECO000155;ECOCHEM
Eco000156;ECO
Eco000156;ECO
Eco000156;ECO
ECO000157;ECO SHINE
ECO000157;ECO SHINE
ECO000157;ECO SHINE
ECO000158;ECO SHINE
ECO000158;ECO SHINE
ECO000158;ECO SHINE
ECO000159;ECO SHINE
ECO000159;ECO SHINE
ECO000159;ECO SHINE
ECO000160;ECO SHINE
ECO000160;ECO SHINE
ECO000160;ECO SHINE
ECO000161;ECO SHINE
ECO000161;ECO SHINE
ECO000161;ECO SHINE
ECO000162;ECO SHINE
ECO000162;ECO SHINE
ECO000162;ECO SHINE
ECO000163;ECOCHEM
ECO000163;ECOCHEM
ECO000163;ECOCHEM
ECO000164;ECOCHEM
ECO000164;ECOCHEM
ECO000164;ECOCHEM
ECO000165;ECOCHEM
ECO000165;ECOCHEM
ECO000165;ECOCHEM
ECO000166;ECO SHINE
ECO000166;ECO SHINE
ECO000166;ECO SHINE
ECO000167;ECO SHINE
ECO000167;ECO SHINE
ECO000167;ECO SHINE
ECO000168;ECO SHINE
ECO000168;ECO SHINE
ECO000168;ECO SHINE
ECO000169;ECO SHINE
ECO000169;ECO SHINE
ECO000169;ECO SHINE
ECO000170;ECO SHINE
ECO000170;ECO SHINE
ECO000170;ECO SHINE
ECO000171;ECO SHINE
ECO000171;ECO SHINE
ECO000171;ECO SHINE
ECO000172;ECO SHINE
ECO000172;ECO SHINE
ECO000172;ECO SHINE
ECO000173;ECO SHINE
ECO000173;ECO SHINE
ECO000173;ECO SHINE
ECO000174;ECO SHINE
ECO000174;ECO SHINE
ECO000174;ECO SHINE
ECO000175;ECO SHINE
ECO000175;ECO SHINE
ECO000175;ECO SHINE
ECO000176;ECO SHINE
ECO000176;ECO SHINE
ECO000176;ECO SHINE
ECO000177;ECO SHINE
ECO000177;ECO SHINE
ECO000177;ECO SHINE
ECO000178;ECO SHINE
ECO000178;ECO SHINE
ECO000178;ECO SHINE
ECO000179;ECO SHINE
ECO000179;ECO SHINE
ECO000179;ECO SHINE
ECO000180;ECO SHINE
ECO000180;ECO SHINE
ECO000180;ECO SHINE
ECO000181;ECO SHINE
ECO000181;ECO SHINE
ECO000181;ECO SHINE
ECO000182;ECO SHINE
ECO000182;ECO SHINE
ECO000182;ECO SHINE
ECO000183;ECO SHINE
ECO000183;ECO SHINE
ECO000183;ECO SHINE
Eco000184;ECO
Eco000184;ECO
Eco000184;ECO
ECO000185;ECO SHINE
ECO000185;ECO SHINE
ECO000185;ECO SHINE
ECO000186;ECO SHINE
ECO000186;ECO SHINE
ECO000186;ECO SHINE
ECO000187;ECO SHINE
ECO000187;ECO SHINE
ECO000187;ECO SHINE
ECO000188;ECO SHINE
ECO000188;ECO SHINE
ECO000188;ECO SHINE
ECO000189;ECO SHINE
ECO000189;ECO SHINE
ECO000189;ECO SHINE
ECO000190;ECO SHINE
ECO000190;ECO SHINE
ECO000190;ECO SHINE
ECO000191;ECO SHINE
ECO000191;ECO SHINE
ECO000191;ECO SHINE
ECO000192;ECO SHINE
ECO000192;ECO SHINE
ECO000192;ECO SHINE
ECO000193;ECO SHINE
ECO000193;ECO SHINE
ECO000193;ECO SHINE
ECO000194;ECO SHINE
ECO000194;ECO SHINE
ECO000194;ECO SHINE
ECO000195;ECO SHINE
ECO000195;ECO SHINE
ECO000195;ECO SHINE
ECO000196;ECO SHINE
ECO000196;ECO SHINE
ECO000196;ECO SHINE
ELFX0001;EILFIX
ELFX0001;EILFIX
ELFX0001;EILFIX
ELFX0002;EILFIX
ELFX0002;EILFIX
ELFX0002;EILFIX
ELFX0003;EILFIX
ELFX0003;EILFIX
ELFX0003;EILFIX
ELFX0004;EILFIX
ELFX0004;EILFIX
ELFX0004;EILFIX
ELFX0005;EILFIX
ELFX0005;EILFIX
ELFX0005;EILFIX
ELFX0006;EILFIX
ELFX0006;EILFIX
ELFX0006;EILFIX
ELFX0007;EILFIX
ELFX0007;EILFIX
ELFX0007;EILFIX
ELFX0008;EILFIX
ELFX0008;EILFIX
ELFX0008;EILFIX
ELFX0009;EILFIX
ELFX0009;EILFIX
ELFX0009;EILFIX
ELFX0010;EILFIX
ELFX0010;EILFIX
ELFX0010;EILFIX
ELFX0011;EILFIX
ELFX0011;EILFIX
ELFX0011;EILFIX
ELFX0012;EILFIX
ELFX0012;EILFIX
ELFX0012;EILFIX
ELFX0013;EILFIX
ELFX0013;EILFIX
ELFX0013;EILFIX
ELFX0015;EILFIX
ELFX0015;EILFIX
ELFX0015;EILFIX
ELFX0016;EILFIX
ELFX0016;EILFIX
ELFX0016;EILFIX
ELFX0017;EILFIX
ELFX0017;EILFIX
ELFX0017;EILFIX
ELFX0018;EILFIX
ELFX0018;EILFIX
ELFX0018;EILFIX
ELFX0020;EILFIX
ELFX0020;EILFIX
ELFX0020;EILFIX
ELFX0022;EILFIX
ELFX0022;EILFIX
ELFX0022;EILFIX
ELFX0024;EILFIX
ELFX0024;EILFIX
ELFX0024;EILFIX
ELFX0025;EILFIX
ELFX0025;EILFIX
ELFX0025;EILFIX
ELFX0026;EILFIX
ELFX0026;EILFIX
ELFX0026;EILFIX
ELFX0029;EILFIX
ELFX0029;EILFIX
ELFX0029;EILFIX
ELFX0031;EILFIX
ELFX0031;EILFIX
ELFX0031;EILFIX
ELFX0032;EILFIX
ELFX0032;EILFIX
ELFX0032;EILFIX
ELFX0033;EILFIX
ELFX0033;EILFIX
ELFX0033;EILFIX
ELFX0034;EILFIX
ELFX0034;EILFIX
ELFX0034;EILFIX
ELFX0037;EILFIX
ELFX0037;EILFIX
ELFX0037;EILFIX
ELFX0038;EILFIX
ELFX0038;EILFIX
ELFX0038;EILFIX
ELFX0039;EILFIX
ELFX0039;EILFIX
ELFX0039;EILFIX
ELFX0041;EILFIX
ELFX0041;EILFIX
ELFX0041;EILFIX
ELFX0043;EILFIX
ELFX0043;EILFIX
ELFX0043;EILFIX
ELFX0048;EILFIX
ELFX0048;EILFIX
ELFX0048;EILFIX
ELFX0049;EILFIX
ELFX0049;EILFIX
ELFX0049;EILFIX
ELFX0053;EILFIX
ELFX0053;EILFIX
ELFX0053;EILFIX
ELFX0058;EILFIX
ELFX0058;EILFIX
ELFX0058;EILFIX
ELFX0063;EILFIX
ELFX0063;EILFIX
ELFX0063;EILFIX
ELFX0065;EILFIX
ELFX0065;EILFIX
ELFX0065;EILFIX
ELFX0066;EILFIX
ELFX0066;EILFIX
ELFX0066;EILFIX
ELFX0067;EILFIX
ELFX0067;EILFIX
ELFX0067;EILFIX
ELFX0069;EILFIX
ELFX0069;EILFIX
ELFX0069;EILFIX
ELFX0072;EILFIX
ELFX0072;EILFIX
ELFX0072;EILFIX
ELFX0074;EILFIX
ELFX0074;EILFIX
ELFX0074;EILFIX
ELFX0075;EILFIX
ELFX0075;EILFIX
ELFX0075;EILFIX
ELFX0077;EILFIX
ELFX0077;EILFIX
ELFX0077;EILFIX
ELFX0079;EILFIX
ELFX0079;EILFIX
ELFX0079;EILFIX
ELFX0081;EILFIX
ELFX0081;EILFIX
ELFX0081;EILFIX
ELFX0082;EILFIX
ELFX0082;EILFIX
ELFX0082;EILFIX
ELFX0084;EILFIX
ELFX0084;EILFIX
ELFX0084;EILFIX
ELFX0085;EILFIX
ELFX0085;EILFIX
ELFX0085;EILFIX
ELFX0086;EILFIX
ELFX0086;EILFIX
ELFX0086;EILFIX
ELFX0087;EILFIX
ELFX0087;EILFIX
ELFX0087;EILFIX
ELFX0088;EILFIX
ELFX0088;EILFIX
ELFX0088;EILFIX
ELFX0089;EILFIX
ELFX0089;EILFIX
ELFX0089;EILFIX
ELFX0090;EILFIX
ELFX0090;EILFIX
ELFX0090;EILFIX
ELFX0091;EILFIX
ELFX0091;EILFIX
ELFX0091;EILFIX
ELFX0092;EILFIX
ELFX0092;EILFIX
ELFX0092;EILFIX
ELFX0093;EILFIX
ELFX0093;EILFIX
ELFX0093;EILFIX
ELFX0094;EILFIX
ELFX0094;EILFIX
ELFX0094;EILFIX
ELFX0095;EILFIX
ELFX0095;EILFIX
ELFX0095;EILFIX
ELFX0096;EILFIX
ELFX0096;EILFIX
ELFX0096;EILFIX
ELFX0097;EILFIX
ELFX0097;EILFIX
ELFX0097;EILFIX
ELFX0098;EILFIX
ELFX0098;EILFIX
ELFX0098;EILFIX
ELFX0099;EILFIX
ELFX0099;EILFIX
ELFX0099;EILFIX
ELFX0100;EILFIX
ELFX0100;EILFIX
ELFX0100;EILFIX
ELFX0101;EILFIX
ELFX0101;EILFIX
ELFX0101;EILFIX
ELFX0102;EILFIX
ELFX0102;EILFIX
ELFX0102;EILFIX
ELFX0103;EILFIX
ELFX0103;EILFIX
ELFX0103;EILFIX
ELFX0104;EILFIX
ELFX0104;EILFIX
ELFX0104;EILFIX
ELFX0105;EILFIX
ELFX0105;EILFIX
ELFX0105;EILFIX
ELFX0106;EILFIX
ELFX0106;EILFIX
ELFX0106;EILFIX
ELFX0107;EILFIX
ELFX0107;EILFIX
ELFX0107;EILFIX
ELFX0108;EILFIX
ELFX0108;EILFIX
ELFX0108;EILFIX
ELFX0109;EILFIX
ELFX0109;EILFIX
ELFX0109;EILFIX
ELFX0110;EILFIX
ELFX0110;EILFIX
ELFX0110;EILFIX
ELFX0111;EILFIX
ELFX0111;EILFIX
ELFX0111;EILFIX
ELFX0112;EILFIX
ELFX0112;EILFIX
ELFX0112;EILFIX
ELFX0113;EILFIX
ELFX0113;EILFIX
ELFX0113;EILFIX
ELFX0114;EILFIX
ELFX0114;EILFIX
ELFX0114;EILFIX
ELFX0115;EILFIX
ELFX0115;EILFIX
ELFX0115;EILFIX
ELFX0116;EILFIX
ELFX0116;EILFIX
ELFX0116;EILFIX
ELFX0117;EILFIX
ELFX0117;EILFIX
ELFX0117;EILFIX
ELFX0118;EILFIX
ELFX0118;EILFIX
ELFX0118;EILFIX
ELFX0119;EILFIX
ELFX0119;EILFIX
ELFX0119;EILFIX
ELFX0120;EILFIX
ELFX0120;EILFIX
ELFX0120;EILFIX
ELFX0121;EILFIX
ELFX0121;EILFIX
ELFX0121;EILFIX
ELFX0122;EILFIX
ELFX0122;EILFIX
ELFX0122;EILFIX
ELFX0123;EILFIX
ELFX0123;EILFIX
ELFX0123;EILFIX
ELFX0124;EILFIX
ELFX0124;EILFIX
ELFX0124;EILFIX
ELFX0125;EILFIX
ELFX0125;EILFIX
ELFX0125;EILFIX
ELFX0126;EILFIX
ELFX0126;EILFIX
ELFX0126;EILFIX
ELFX0127;EILFIX
ELFX0127;EILFIX
ELFX0127;EILFIX
ELFX0128;EILFIX
ELFX0128;EILFIX
ELFX0128;EILFIX
ELFX0129;EILFIX
ELFX0129;EILFIX
ELFX0129;EILFIX
ELFX0130;EILFIX
ELFX0130;EILFIX
ELFX0130;EILFIX
ELFX0131;EILFIX
ELFX0131;EILFIX
ELFX0131;EILFIX
ELFX0132;EILFIX
ELFX0132;EILFIX
ELFX0132;EILFIX
ELFX0133;EILFIX
ELFX0133;EILFIX
ELFX0133;EILFIX
ELFX0134;EILFIX
ELFX0134;EILFIX
ELFX0134;EILFIX
ELFX0135;EILFIX
ELFX0135;EILFIX
ELFX0135;EILFIX
FOE000001;FOEN
FOE000001;FOEN
FOE000001;FOEN
FOE000002;FOEN
FOE000002;FOEN
FOE000002;FOEN
FOE000003;FOEN
FOE000003;FOEN
FOE000003;FOEN
FOE000004;FOEN
FOE000004;FOEN
FOE000004;FOEN
FOE000005;FOEN
FOE000005;FOEN
FOE000005;FOEN
FOE000006;FOEN
FOE000006;FOEN
FOE000006;FOEN
FOE000007;FOEN
FOE000007;FOEN
FOE000007;FOEN
FOE000008;FOEN
FOE000008;FOEN
FOE000008;FOEN
FOE000009;FOEN
FOE000009;FOEN
FOE000009;FOEN
FOE000010;FOEN
FOE000010;FOEN
FOE000010;FOEN
FOE000011;FOEN
FOE000011;FOEN
FOE000011;FOEN
FOE000012;FOEN
FOE000012;FOEN
FOE000012;FOEN
FOE000013;FOEN
FOE000013;FOEN
FOE000013;FOEN
FOE000014;FOEN
FOE000014;FOEN
FOE000014;FOEN
FOE000015;FOEN
FOE000015;FOEN
FOE000015;FOEN
FOE000016;FOEN
FOE000016;FOEN
FOE000016;FOEN
FOE000017;FOEN
FOE000017;FOEN
FOE000017;FOEN
FOE000018;FOEN
FOE000018;FOEN
FOE000018;FOEN
FOE000019;FOEN
FOE000019;FOEN
FOE000019;FOEN
FOE000020;FOEN
FOE000020;FOEN
FOE000020;FOEN
FRAB0001;FRABER
FRAB0001;FRABER
FRAB0001;FRABER
FRAB0002;FRABER
FRAB0002;FRABER
FRAB0002;FRABER
FRAB0004;FRABER
FRAB0004;FRABER
FRAB0004;FRABER
FRAB0006;FRABER
FRAB0006;FRABER
FRAB0006;FRABER
FRAB0007;FRABER
FRAB0007;FRABER
FRAB0007;FRABER
FRAB0008;FRABER
FRAB0008;FRABER
FRAB0008;FRABER
FRAB0009;FRABER
FRAB0009;FRABER
FRAB0009;FRABER
FRAB0010;FRABER
FRAB0010;FRABER
FRAB0010;FRABER
FRAB0011;FRABER
FRAB0011;FRABER
FRAB0011;FRABER
FRAB0012;FRABER
FRAB0012;FRABER
FRAB0012;FRABER
FRAB0014;FRABER
FRAB0014;FRABER
FRAB0014;FRABER
FRAB0015;FRABER
FRAB0015;FRABER
FRAB0015;FRABER
FRAB0018;FRABER
FRAB0018;FRABER
FRAB0018;FRABER
FRAB0019;FRABER
FRAB0019;FRABER
FRAB0019;FRABER
FRAB0020;FRABER
FRAB0020;FRABER
FRAB0020;FRABER
FRAB0023;FRABER
FRAB0023;FRABER
FRAB0023;FRABER
FRAB0028;FRABER
FRAB0028;FRABER
FRAB0028;FRABER
FRAB0029;FRABER
FRAB0029;FRABER
FRAB0029;FRABER
FRAB0030;FRABER
FRAB0030;FRABER
FRAB0030;FRABER
FRAB0031;FRABER
FRAB0031;FRABER
FRAB0031;FRABER
FRAB0034;FRABER
FRAB0034;FRABER
FRAB0034;FRABER
FRAB0035;FRABER
FRAB0035;FRABER
FRAB0035;FRABER
FRAB0036;FRABER
FRAB0036;FRABER
FRAB0036;FRABER
FRAB0038;FRABER
FRAB0038;FRABER
FRAB0038;FRABER
FRAB0039;FRABER
FRAB0039;FRABER
FRAB0039;FRABER
FRAB0040;FRABER
FRAB0040;FRABER
FRAB0040;FRABER
FRAB0041;FRABER
FRAB0041;FRABER
FRAB0041;FRABER
FRAB0043;FRABER
FRAB0043;FRABER
FRAB0043;FRABER
FRAB0044;FRABER
FRAB0044;FRABER
FRAB0044;FRABER
FRAB0046;FRABER
FRAB0046;FRABER
FRAB0046;FRABER
FRAB0049;FRABER
FRAB0049;FRABER
FRAB0049;FRABER
FRAB0055;FRABER
FRAB0055;FRABER
FRAB0055;FRABER
FRAB0056;FRABER
FRAB0056;FRABER
FRAB0056;FRABER
FRAB0058;FRABER
FRAB0058;FRABER
FRAB0058;FRABER
FRAB0059;FRABER
FRAB0059;FRABER
FRAB0059;FRABER
FRAB0063;FRABER
FRAB0063;FRABER
FRAB0063;FRABER
FRAB0064;FRABER
FRAB0064;FRABER
FRAB0064;FRABER
FRAB0065;FRABER
FRAB0065;FRABER
FRAB0065;FRABER
FRAB0070;FRABER
FRAB0070;FRABER
FRAB0070;FRABER
FRAB0071;FRABER
FRAB0071;FRABER
FRAB0071;FRABER
FRAB0072;FRABER
FRAB0072;FRABER
FRAB0072;FRABER
FRAB0074;FRABER
FRAB0074;FRABER
FRAB0074;FRABER
FRAB0075;FRABER
FRAB0075;FRABER
FRAB0075;FRABER
FRAB0076;FRABER
FRAB0076;FRABER
FRAB0076;FRABER
FRAB0077;FRABER
FRAB0077;FRABER
FRAB0077;FRABER
FRAB0078;FRABER
FRAB0078;FRABER
FRAB0078;FRABER
FRAB0079;FRABER
FRAB0079;FRABER
FRAB0079;FRABER
FRAB0080;FRABER
FRAB0080;FRABER
FRAB0080;FRABER
FRAB0081;FRABER
FRAB0081;FRABER
FRAB0081;FRABER
FRAB0082;FRABER
FRAB0082;FRABER
FRAB0082;FRABER
FRAB0084;FRABER
FRAB0084;FRABER
FRAB0084;FRABER
FRAB0085;FRABER
FRAB0085;FRABER
FRAB0085;FRABER
FRAB0086;FRABER
FRAB0086;FRABER
FRAB0086;FRABER
FRAB0087;FRABER
FRAB0087;FRABER
FRAB0087;FRABER
FRAB0088;FRABER
FRAB0088;FRABER
FRAB0088;FRABER
FRAB0091;FRABER
FRAB0091;FRABER
FRAB0091;FRABER
FRAB0092;FRABER
FRAB0092;FRABER
FRAB0092;FRABER
FRAB0093;FRABER
FRAB0093;FRABER
FRAB0093;FRABER
FRAB0094;FRABER
FRAB0094;FRABER
FRAB0094;FRABER
FRAB0095;FRABER
FRAB0095;FRABER
FRAB0095;FRABER
FRAB0096;FRABER
FRAB0096;FRABER
FRAB0096;FRABER
FRAB0097;FRABER
FRAB0097;FRABER
FRAB0097;FRABER
FRAB0098;FRABER
FRAB0098;FRABER
FRAB0098;FRABER
FRAB0099;FRABER
FRAB0099;FRABER
FRAB0099;FRABER
FRAB0100;FRABER
FRAB0100;FRABER
FRAB0100;FRABER
FRAB0101;FRABER
FRAB0101;FRABER
FRAB0101;FRABER
FRAB0102;FRABER
FRAB0102;FRABER
FRAB0102;FRABER
FRAB0103;FRABER
FRAB0103;FRABER
FRAB0103;FRABER
FRAB0104;FRABER
FRAB0104;FRABER
FRAB0104;FRABER
FRAB0105;FRABER
FRAB0105;FRABER
FRAB0105;FRABER
FRAB0106;FRABER
FRAB0106;FRABER
FRAB0106;FRABER
FRAB0107;FRABER
FRAB0107;FRABER
FRAB0107;FRABER
FRAB0108;FRABER
FRAB0108;FRABER
FRAB0108;FRABER
FRAB0109;FRABER
FRAB0109;FRABER
FRAB0109;FRABER
FRAB0110;FRABER
FRAB0110;FRABER
FRAB0110;FRABER
FRAB0111;FRABER
FRAB0111;FRABER
FRAB0111;FRABER
FRAB0112;FRABER
FRAB0112;FRABER
FRAB0112;FRABER
FRAB0113;FRABER
FRAB0113;FRABER
FRAB0113;FRABER
FRAB0114;FRABER
FRAB0114;FRABER
FRAB0114;FRABER
FRAB0115;FRABER
FRAB0115;FRABER
FRAB0115;FRABER
FRAB0116;FRABER
FRAB0116;FRABER
FRAB0116;FRABER
FRE000001;FRESHTEK
FRE000001;FRESHTEK
FRE000001;FRESHTEK
FRE000002;FRESHTEK
FRE000002;FRESHTEK
FRE000002;FRESHTEK
FRE000003;FRESHTEK
FRE000003;FRESHTEK
FRE000003;FRESHTEK
FRE000004;FRESHTEK
FRE000004;FRESHTEK
FRE000004;FRESHTEK
FRE000005;FRESHTEK
FRE000005;FRESHTEK
FRE000005;FRESHTEK
FRE000006;FRESHTEK
FRE000006;FRESHTEK
FRE000006;FRESHTEK
FRE000007;FRESHTEK
FRE000007;FRESHTEK
FRE000007;FRESHTEK
FRE000008;FRESHTEK
FRE000008;FRESHTEK
FRE000008;FRESHTEK
FRE000009;FRESHTEK
FRE000009;FRESHTEK
FRE000009;FRESHTEK
FRE000010;FRESHTEK
FRE000010;FRESHTEK
FRE000010;FRESHTEK
FRE000011;FRESHTEK
FRE000011;FRESHTEK
FRE000011;FRESHTEK
FRE000012;FRESHTEK
FRE000012;FRESHTEK
FRE000012;FRESHTEK
FRE000013;FRESHTEK
FRE000013;FRESHTEK
FRE000013;FRESHTEK
FRE000014;FRESHTEK
FRE000014;FRESHTEK
FRE000014;FRESHTEK
FRE000015;FRESHTEK
FRE000015;FRESHTEK
FRE000015;FRESHTEK
FRE000016;FRESHTEK
FRE000016;FRESHTEK
FRE000016;FRESHTEK
FRE000017;FRESHTEK
FRE000017;FRESHTEK
FRE000017;FRESHTEK
FRE000018;FRESHTEK
FRE000018;FRESHTEK
FRE000018;FRESHTEK
FRE000019;FRESHTEK
FRE000019;FRESHTEK
FRE000019;FRESHTEK
FRE000020;FRESHTEK
FRE000020;FRESHTEK
FRE000020;FRESHTEK
FRE000021;FRESHTEK
FRE000021;FRESHTEK
FRE000021;FRESHTEK
FRE000022;FRESHTEK
FRE000022;FRESHTEK
FRE000022;FRESHTEK
FRE000023;FRESHTEK
FRE000023;FRESHTEK
FRE000023;FRESHTEK
FRE000024;FRESHTEK
FRE000024;FRESHTEK
FRE000024;FRESHTEK
FRE000025;FRESHTEK
FRE000025;FRESHTEK
FRE000025;FRESHTEK
FRE000026;FRESHTEK
FRE000026;FRESHTEK
FRE000026;FRESHTEK
FRE000027;FRESHTEK
FRE000027;FRESHTEK
FRE000027;FRESHTEK
FRE000028;FRESHTEK
FRE000028;FRESHTEK
FRE000028;FRESHTEK
FRE000029;FRESHTEK
FRE000029;FRESHTEK
FRE000029;FRESHTEK
FRE000030;FRESHTEK
FRE000030;FRESHTEK
FRE000030;FRESHTEK
FRE000031;FRESHTEK
FRE000031;FRESHTEK
FRE000031;FRESHTEK
FRE000032;FRESHTEK
FRE000032;FRESHTEK
FRE000032;FRESHTEK
FRE000033;FRESHTEK
FRE000033;FRESHTEK
FRE000033;FRESHTEK
FRE000034;FRESHTEK
FRE000034;FRESHTEK
FRE000034;FRESHTEK
FRE000035;FRESHTEK
FRE000035;FRESHTEK
FRE000035;FRESHTEK
FRE000036;FRESHTEK
FRE000036;FRESHTEK
FRE000036;FRESHTEK
FRE000037;FRESHTEK
FRE000037;FRESHTEK
FRE000037;FRESHTEK
FRE000038;FRESHTEK
FRE000038;FRESHTEK
FRE000038;FRESHTEK
FRE000039;FRESHTEK
FRE000039;FRESHTEK
FRE000039;FRESHTEK
FRE000040;FRESHTEK
FRE000040;FRESHTEK
FRE000040;FRESHTEK
FRE000041;FRESHTEK
FRE000041;FRESHTEK
FRE000041;FRESHTEK
FRE000042;FRESHTEK
FRE000042;FRESHTEK
FRE000042;FRESHTEK
FRE000043;FRESHTEK
FRE000043;FRESHTEK
FRE000043;FRESHTEK
FRE000044;FRESHTEK
FRE000044;FRESHTEK
FRE000044;FRESHTEK
FRE000045;FRESHTEK
FRE000045;FRESHTEK
FRE000045;FRESHTEK
FRE000046;FRESHTEK
FRE000046;FRESHTEK
FRE000046;FRESHTEK
FRE000047;FRESHTEK
FRE000047;FRESHTEK
FRE000047;FRESHTEK
FRE000048;FRESHTEK
FRE000048;FRESHTEK
FRE000048;FRESHTEK
FRE000049;FRESHTEK
FRE000049;FRESHTEK
FRE000049;FRESHTEK
FRE000050;FRESHTEK
FRE000050;FRESHTEK
FRE000050;FRESHTEK
FRE000051;FRESHTEK
FRE000051;FRESHTEK
FRE000051;FRESHTEK
FRE000052;FRESHTEK
FRE000052;FRESHTEK
FRE000052;FRESHTEK
FRE000056;FRESHTEK
FRE000056;FRESHTEK
FRE000056;FRESHTEK
FRE000057;FRESHTEK
FRE000057;FRESHTEK
FRE000057;FRESHTEK
FRE000058;FRESHTEK
FRE000058;FRESHTEK
FRE000058;FRESHTEK
FRE000059;FRESHTEK
FRE000059;FRESHTEK
FRE000059;FRESHTEK
FRE000060;FRESHTEK
FRE000060;FRESHTEK
FRE000060;FRESHTEK
FRE000061;FRESHTEK
FRE000061;FRESHTEK
FRE000061;FRESHTEK
FRE000062;FRESHTEK
FRE000062;FRESHTEK
FRE000062;FRESHTEK
FRE000063;FRESHTEK
FRE000063;FRESHTEK
FRE000063;FRESHTEK
FRE000064;FRESHTEK
FRE000064;FRESHTEK
FRE000064;FRESHTEK
FRE000065;FRESHTEK
FRE000065;FRESHTEK
FRE000065;FRESHTEK
FRE000066;FRESHTEK
FRE000066;FRESHTEK
FRE000066;FRESHTEK
FRE000067;FRESHTEK
FRE000067;FRESHTEK
FRE000067;FRESHTEK
FRE000068;FRESHTEK
FRE000068;FRESHTEK
FRE000068;FRESHTEK
FRE000069;FRESHTEK
FRE000069;FRESHTEK
FRE000069;FRESHTEK
FRE000070;FRESHTEK
FRE000070;FRESHTEK
FRE000070;FRESHTEK
FRE000071;FRESHTEK
FRE000071;FRESHTEK
FRE000071;FRESHTEK
FRE000072;FRESHTEK
FRE000072;FRESHTEK
FRE000072;FRESHTEK
FRE000073;FRESHTEK
FRE000073;FRESHTEK
FRE000073;FRESHTEK
GRA000001;GRASS
GRA000001;GRASS
GRA000001;GRASS
GRA000002;GRASS
GRA000002;GRASS
GRA000002;GRASS
GRA000003;GRASS
GRA000003;GRASS
GRA000003;GRASS
GRA000004;GRASS
GRA000004;GRASS
GRA000004;GRASS
GRA000005;GRASS
GRA000005;GRASS
GRA000005;GRASS
GRA000006;GRASS
GRA000006;GRASS
GRA000006;GRASS
GRA000007;GRASS
GRA000007;GRASS
GRA000007;GRASS
GRA000008;GRASS
GRA000008;GRASS
GRA000008;GRASS
GRA000009;GRASS
GRA000009;GRASS
GRA000009;GRASS
GRA000010;GRASS
GRA000010;GRASS
GRA000010;GRASS
GRA000011;GRASS
GRA000011;GRASS
GRA000011;GRASS
GRA000012;GRASS
GRA000012;GRASS
GRA000012;GRASS
GRA000013;GRASS
GRA000013;GRASS
GRA000013;GRASS
GRA000014;GRASS
GRA000014;GRASS
GRA000014;GRASS
GRA000015;GRASS
GRA000015;GRASS
GRA000015;GRASS
GRA000016;GRASS
GRA000016;GRASS
GRA000016;GRASS
GRA000017;GRASS
GRA000017;GRASS
GRA000017;GRASS
GRA000018;GRASS
GRA000018;GRASS
GRA000018;GRASS
GRA000019;GRASS
GRA000019;GRASS
GRA000019;GRASS
GRA000020;GRASS
GRA000020;GRASS
GRA000020;GRASS
GRA000021;GRASS
GRA000021;GRASS
GRA000021;GRASS
GRA000022;GRASS
GRA000022;GRASS
GRA000022;GRASS
GRA000023;GRASS
GRA000023;GRASS
GRA000023;GRASS
GRA000024;GRASS
GRA000024;GRASS
GRA000024;GRASS
GRA000025;GRASS
GRA000025;GRASS
GRA000025;GRASS
GRA000026;GRASS
GRA000026;GRASS
GRA000026;GRASS
GRA000027;GRASS
GRA000027;GRASS
GRA000027;GRASS
GRA000028;GRASS
GRA000028;GRASS
GRA000028;GRASS
GRA000029;GRASS
GRA000029;GRASS
GRA000029;GRASS
GRA000030;GRASS
GRA000030;GRASS
GRA000030;GRASS
GRA000031;GRASS
GRA000031;GRASS
GRA000031;GRASS
GRA000032;GRASS
GRA000032;GRASS
GRA000032;GRASS
GRA000033;GRASS
GRA000033;GRASS
GRA000033;GRASS
GRA000034;GRASS
GRA000034;GRASS
GRA000034;GRASS
GRA000035;GRASS
GRA000035;GRASS
GRA000035;GRASS
GRA000036;GRASS
GRA000036;GRASS
GRA000036;GRASS
GRA000037;GRASS
GRA000037;GRASS
GRA000037;GRASS
GRA000038;GRASS
GRA000038;GRASS
GRA000038;GRASS
GRA000039;GRASS
GRA000039;GRASS
GRA000039;GRASS
GRA000040;GRASS
GRA000040;GRASS
GRA000040;GRASS
GRA000041;GRASS
GRA000041;GRASS
GRA000041;GRASS
GRA000042;GRASS
GRA000042;GRASS
GRA000042;GRASS
GRA000043;GRASS
GRA000043;GRASS
GRA000043;GRASS
GRA000044;GRASS
GRA000044;GRASS
GRA000044;GRASS
GRA000045;GRASS
GRA000045;GRASS
GRA000045;GRASS
GRA000046;GRASS
GRA000046;GRASS
GRA000046;GRASS
GRA000047;GRASS
GRA000047;GRASS
GRA000047;GRASS
GRA000048;GRASS
GRA000048;GRASS
GRA000048;GRASS
GRA000049;GRASS
GRA000049;GRASS
GRA000049;GRASS
GRA000050;GRASS
GRA000050;GRASS
GRA000050;GRASS
GRA000051;GRASS
GRA000051;GRASS
GRA000051;GRASS
GRA000052;GRASS
GRA000052;GRASS
GRA000052;GRASS
GRA000053;GRASS
GRA000053;GRASS
GRA000053;GRASS
GRA000054;GRASS
GRA000054;GRASS
GRA000054;GRASS
GRA000055;GRASS
GRA000055;GRASS
GRA000055;GRASS
GRA000056;GRASS
GRA000056;GRASS
GRA000056;GRASS
GRA000057;GRASS
GRA000057;GRASS
GRA000057;GRASS
GRA000058;GRASS
GRA000058;GRASS
GRA000058;GRASS
GRA000059;GRASS
GRA000059;GRASS
GRA000059;GRASS
GRA000060;GRASS
GRA000060;GRASS
GRA000060;GRASS
GRA000061;GRASS
GRA000061;GRASS
GRA000061;GRASS
GRA000062;GRASS
GRA000062;GRASS
GRA000062;GRASS
GRA000063;GRASS
GRA000063;GRASS
GRA000063;GRASS
GRA000064;GRASS
GRA000064;GRASS
GRA000064;GRASS
GRA000065;GRASS
GRA000065;GRASS
GRA000065;GRASS
GRA000067;GRASS
GRA000067;GRASS
GRA000067;GRASS
GRA000068;GRASS
GRA000068;GRASS
GRA000068;GRASS
GRA000069;GRASS
GRA000069;GRASS
GRA000069;GRASS
GRA000070;GRASS
GRA000070;GRASS
GRA000070;GRASS
GRA000071;GRASS
GRA000071;GRASS
GRA000071;GRASS
GRA000072;GRASS
GRA000072;GRASS
GRA000072;GRASS
GRA000073;GRASS
GRA000073;GRASS
GRA000073;GRASS
GRA000074;GRASS
GRA000074;GRASS
GRA000074;GRASS
GRA000076;GRASS
GRA000076;GRASS
GRA000076;GRASS
GRA000077;GRASS
GRA000077;GRASS
GRA000077;GRASS
GRA000078;GRASS
GRA000078;GRASS
GRA000078;GRASS
GRA000079;GRASS
GRA000079;GRASS
GRA000079;GRASS
GRA000080;GRASS
GRA000080;GRASS
GRA000080;GRASS
GRA000081;GRASS
GRA000081;GRASS
GRA000081;GRASS
GRA000082;GRASS
GRA000082;GRASS
GRA000082;GRASS
GRA000083;GRASS
GRA000083;GRASS
GRA000083;GRASS
GRA000084;GRASS
GRA000084;GRASS
GRA000084;GRASS
GRA000085;GRASS
GRA000085;GRASS
GRA000085;GRASS
GRA000086;GRASS
GRA000086;GRASS
GRA000086;GRASS
GRA000087;GRASS
GRA000087;GRASS
GRA000087;GRASS
GRA000088;GRASS
GRA000088;GRASS
GRA000088;GRASS
GRA000089;GRASS
GRA000089;GRASS
GRA000089;GRASS
GRA000090;GRASS
GRA000090;GRASS
GRA000090;GRASS
GRA000091;GRASS
GRA000091;GRASS
GRA000091;GRASS
GRA000092;GRASS
GRA000092;GRASS
GRA000092;GRASS
GRA000093;GRASS
GRA000093;GRASS
GRA000093;GRASS
GRA000094;GRASS
GRA000094;GRASS
GRA000094;GRASS
GRA000095;GRASS
GRA000095;GRASS
GRA000095;GRASS
GRA000096;GRASS
GRA000096;GRASS
GRA000096;GRASS
GRA000097;GRASS
GRA000097;GRASS
GRA000097;GRASS
GRA000098;GRASS
GRA000098;GRASS
GRA000098;GRASS
GRA000099;GRASS
GRA000099;GRASS
GRA000099;GRASS
GRA000100;GRASS
GRA000100;GRASS
GRA000100;GRASS
GRA000101;GRASS
GRA000101;GRASS
GRA000101;GRASS
GRA000102;GRASS
GRA000102;GRASS
GRA000102;GRASS
GRA000103;GRASS
GRA000103;GRASS
GRA000103;GRASS
GRA000104;GRASS
GRA000104;GRASS
GRA000104;GRASS
GRA000105;GRASS
GRA000105;GRASS
GRA000105;GRASS
GRA000106;GRASS
GRA000106;GRASS
GRA000106;GRASS
GRA000107;GRASS
GRA000107;GRASS
GRA000107;GRASS
GRA000108;GRASS
GRA000108;GRASS
GRA000108;GRASS
GRA000109;GRASS
GRA000109;GRASS
GRA000109;GRASS
GRA000110;GRASS
GRA000110;GRASS
GRA000110;GRASS
GRA000111;GRASS
GRA000111;GRASS
GRA000111;GRASS
GRA000112;GRASS
GRA000112;GRASS
GRA000112;GRASS
GRA000113;GRASS
GRA000113;GRASS
GRA000113;GRASS
GRA000114;GRASS
GRA000114;GRASS
GRA000114;GRASS
GRA000115;GRASS
GRA000115;GRASS
GRA000115;GRASS
GRA000116;GRASS
GRA000116;GRASS
GRA000116;GRASS
GRA000117;GRASS
GRA000117;GRASS
GRA000117;GRASS
GRA000118;GRASS
GRA000118;GRASS
GRA000118;GRASS
GRA000119;GRASS
GRA000119;GRASS
GRA000119;GRASS
GRA000120;GRASS
GRA000120;GRASS
GRA000120;GRASS
GRA000121;GRASS
GRA000121;GRASS
GRA000121;GRASS
GRA000122;GRASS
GRA000122;GRASS
GRA000122;GRASS
GRA000123;GRASS
GRA000123;GRASS
GRA000123;GRASS
GRA000124;GRASS
GRA000124;GRASS
GRA000124;GRASS
GRA000125;GRASS
GRA000125;GRASS
GRA000125;GRASS
GRA000126;GRASS
GRA000126;GRASS
GRA000126;GRASS
GRA000127;GRASS
GRA000127;GRASS
GRA000127;GRASS
GRA000128;GRASS
GRA000128;GRASS
GRA000128;GRASS
GRA000129;GRASS
GRA000129;GRASS
GRA000129;GRASS
GRA000130;GRASS
GRA000130;GRASS
GRA000130;GRASS
GRA000131;GRASS
GRA000131;GRASS
GRA000131;GRASS
GRA000132;GRASS
GRA000132;GRASS
GRA000132;GRASS
GRA000133;GRASS
GRA000133;GRASS
GRA000133;GRASS
GRA000134;GRASS
GRA000134;GRASS
GRA000134;GRASS
GRA000135;GRASS
GRA000135;GRASS
GRA000135;GRASS
GRA000136;GRASS
GRA000136;GRASS
GRA000136;GRASS
GRA000137;GRASS
GRA000137;GRASS
GRA000137;GRASS
GRA000138;GRASS
GRA000138;GRASS
GRA000138;GRASS
GRA000139;GRASS
GRA000139;GRASS
GRA000139;GRASS
GRA000140;GRASS
GRA000140;GRASS
GRA000140;GRASS
GRA000141;GRASS
GRA000141;GRASS
GRA000141;GRASS
GRA000142;GRASS
GRA000142;GRASS
GRA000142;GRASS
GRA000143;GRASS
GRA000143;GRASS
GRA000143;GRASS
GRA000144;GRASS
GRA000144;GRASS
GRA000144;GRASS
GRA000145;GRASS
GRA000145;GRASS
GRA000145;GRASS
GRA000146;GRASS
GRA000146;GRASS
GRA000146;GRASS
GRA000147;GRASS
GRA000147;GRASS
GRA000147;GRASS
GRA000148;GRASS
GRA000148;GRASS
GRA000148;GRASS
GRA000149;GRASS
GRA000149;GRASS
GRA000149;GRASS
GRA000150;GRASS
GRA000150;GRASS
GRA000150;GRASS
GRA000151;GRASS
GRA000151;GRASS
GRA000151;GRASS
GRA000152;GRASS
GRA000152;GRASS
GRA000152;GRASS
GRA000153;GRASS
GRA000153;GRASS
GRA000153;GRASS
GRA000154;GRASS
GRA000154;GRASS
GRA000154;GRASS
GRA000155;GRASS
GRA000155;GRASS
GRA000155;GRASS
GRA000156;GRASS
GRA000156;GRASS
GRA000156;GRASS
GRA000157;GRASS
GRA000157;GRASS
GRA000157;GRASS
GRA000158;GRASS
GRA000158;GRASS
GRA000158;GRASS
GRA000159;GRASS
GRA000159;GRASS
GRA000159;GRASS
GRA000160;GRASS
GRA000160;GRASS
GRA000160;GRASS
GRA000161;GRASS
GRA000161;GRASS
GRA000161;GRASS
GRA000162;GRASS
GRA000162;GRASS
GRA000162;GRASS
GRA000163;GRASS
GRA000163;GRASS
GRA000163;GRASS
GRA000164;GRASS
GRA000164;GRASS
GRA000164;GRASS
GRA000165;GRASS
GRA000165;GRASS
GRA000165;GRASS
GRA000166;GRASS
GRA000166;GRASS
GRA000166;GRASS
GRA000167;GRASS
GRA000167;GRASS
GRA000167;GRASS
GRA000169;GRASS
GRA000169;GRASS
GRA000169;GRASS
GRA000170;GRASS
GRA000170;GRASS
GRA000170;GRASS
GRA000171;GRASS
GRA000171;GRASS
GRA000171;GRASS
GRA000172;GRASS
GRA000172;GRASS
GRA000172;GRASS
GRA000173;GRASS
GRA000173;GRASS
GRA000173;GRASS
GRA000174;GRASS
GRA000174;GRASS
GRA000174;GRASS
GRA000175;GRASS
GRA000175;GRASS
GRA000175;GRASS
GRA000176;GRASS
GRA000176;GRASS
GRA000176;GRASS
GRA000177;GRASS
GRA000177;GRASS
GRA000177;GRASS
GRA000178;GRASS
GRA000178;GRASS
GRA000178;GRASS
GRA000179;GRASS
GRA000179;GRASS
GRA000179;GRASS
GRA000180;GRASS
GRA000180;GRASS
GRA000180;GRASS
GRA000181;GRASS
GRA000181;GRASS
GRA000181;GRASS
GRA000182;GRASS
GRA000182;GRASS
GRA000182;GRASS
GRA000183;GRASS
GRA000183;GRASS
GRA000183;GRASS
GRA000184;GRASS
GRA000184;GRASS
GRA000184;GRASS
GRA000185;GRASS
GRA000185;GRASS
GRA000185;GRASS
GRA000186;GRASS
GRA000186;GRASS
GRA000186;GRASS
GRA000187;GRASS
GRA000187;GRASS
GRA000187;GRASS
GRA000188;GRASS
GRA000188;GRASS
GRA000188;GRASS
GRA000189;GRASS
GRA000189;GRASS
GRA000189;GRASS
GRA000190;GRASS
GRA000190;GRASS
GRA000190;GRASS
GRA000191;GRASS
GRA000191;GRASS
GRA000191;GRASS
GRA000192;GRASS
GRA000192;GRASS
GRA000192;GRASS
GRA000193;GRASS
GRA000193;GRASS
GRA000193;GRASS
GRA000194;GRASS
GRA000194;GRASS
GRA000194;GRASS
GRA000195;GRASS
GRA000195;GRASS
GRA000195;GRASS
GRA000196;GRASS
GRA000196;GRASS
GRA000196;GRASS
GRA000197;GRASS
GRA000197;GRASS
GRA000197;GRASS
GRA000198;GRASS
GRA000198;GRASS
GRA000198;GRASS
GRA000199;GRASS
GRA000199;GRASS
GRA000199;GRASS
GRA000200;GRASS
GRA000200;GRASS
GRA000200;GRASS
GRA000201;GRASS
GRA000201;GRASS
GRA000201;GRASS
Had000001;Hadwao
Had000001;Hadwao
Had000001;Hadwao
Had000002;Hadwao
Had000002;Hadwao
Had000002;Hadwao
Had000003;Hadwao
Had000003;Hadwao
Had000003;Hadwao
Had000004;Hadwao
Had000004;Hadwao
Had000004;Hadwao
Had000005;Hadwao
Had000005;Hadwao
Had000005;Hadwao
Had000006;Hadwao
Had000006;Hadwao
Had000006;Hadwao
Had000007;Hadwao
Had000007;Hadwao
Had000007;Hadwao
Had000008;Hadwao
Had000008;Hadwao
Had000008;Hadwao
Had000009;Hadwao
Had000009;Hadwao
Had000009;Hadwao
Had000010;Hadwao
Had000010;Hadwao
Had000010;Hadwao
Had000011;Hadwao
Had000011;Hadwao
Had000011;Hadwao
Had000012;Hadwao
Had000012;Hadwao
Had000012;Hadwao
Had000013;Hadwao
Had000013;Hadwao
Had000013;Hadwao
Had000014;Hadwao
Had000014;Hadwao
Had000014;Hadwao
Had000015;Hadwao
Had000015;Hadwao
Had000015;Hadwao
Had000016;Hadwao
Had000016;Hadwao
Had000016;Hadwao
Had000017;Hadwao
Had000017;Hadwao
Had000017;Hadwao
Had000018;Hadwao
Had000018;Hadwao
Had000018;Hadwao
Had000019;Hadwao
Had000019;Hadwao
Had000019;Hadwao
Had000020;Hadwao
Had000020;Hadwao
Had000020;Hadwao
Had000021;Hadwao
Had000021;Hadwao
Had000021;Hadwao
Had000022;Hadwao
Had000022;Hadwao
Had000022;Hadwao
Had000023;Hadwao
Had000023;Hadwao
Had000023;Hadwao
Had000024;Hadwao
Had000024;Hadwao
Had000024;Hadwao
Had000025;Hadwao
Had000025;Hadwao
Had000025;Hadwao
Had000026;Hadwao
Had000026;Hadwao
Had000026;Hadwao
Had000027;Hadwao
Had000027;Hadwao
Had000027;Hadwao
Had000028;Hadwao
Had000028;Hadwao
Had000028;Hadwao
Had000029;Hadwao
Had000029;Hadwao
Had000029;Hadwao
Had000030;Hadwao
Had000030;Hadwao
Had000030;Hadwao
HIG000001;HIGIENA
HIG000001;HIGIENA
HIG000001;HIGIENA
HIG000002;HIGIENA
HIG000002;HIGIENA
HIG000002;HIGIENA
HIG000003;HIGIENA
HIG000003;HIGIENA
HIG000003;HIGIENA
HIG000004;HIGIENA
HIG000004;HIGIENA
HIG000004;HIGIENA
HIG000005;HIGIENA
HIG000005;HIGIENA
HIG000005;HIGIENA
HIG000006;HIGIENA
HIG000006;HIGIENA
HIG000006;HIGIENA
HIG000007;HIGIENA
HIG000007;HIGIENA
HIG000007;HIGIENA
HIG000008;HIGIENA
HIG000008;HIGIENA
HIG000008;HIGIENA
HIG000009;HIGIENA
HIG000009;HIGIENA
HIG000009;HIGIENA
HIG000010;HIGIENA
HIG000010;HIGIENA
HIG000010;HIGIENA
HIG000011;HIGIENA
HIG000011;HIGIENA
HIG000011;HIGIENA
HIG000012;HIGIENA
HIG000012;HIGIENA
HIG000012;HIGIENA
HIG000013;HIGIENA
HIG000013;HIGIENA
HIG000013;HIGIENA
HIG000014;HIGIENA
HIG000014;HIGIENA
HIG000014;HIGIENA
HIG000018;HIGIENA
HIG000018;HIGIENA
HIG000018;HIGIENA
HIG000019;HIGIENA
HIG000019;HIGIENA
HIG000019;HIGIENA
HIG000023;HIGIENA
HIG000023;HIGIENA
HIG000023;HIGIENA
HIG000025;HIGIENA
HIG000025;HIGIENA
HIG000025;HIGIENA
HIG000030;HIGIENA
HIG000030;HIGIENA
HIG000030;HIGIENA
HYD000005;HYDROFLEX
HYD000005;HYDROFLEX
HYD000005;HYDROFLEX
HYD000006;HYDROFLEX
HYD000006;HYDROFLEX
HYD000006;HYDROFLEX
HYD000008;HYDROFLEX
HYD000008;HYDROFLEX
HYD000008;HYDROFLEX
HYD000009;HYDROFLEX
HYD000009;HYDROFLEX
HYD000009;HYDROFLEX
HYD000010;HYDROFLEX
HYD000010;HYDROFLEX
HYD000010;HYDROFLEX
HYD000011;HYDROFLEX
HYD000011;HYDROFLEX
HYD000011;HYDROFLEX
HYD000013;HYDROFLEX
HYD000013;HYDROFLEX
HYD000013;HYDROFLEX
HYD000014;HYDROFLEX
HYD000014;HYDROFLEX
HYD000014;HYDROFLEX
HYD000020;HYDROFLEX
HYD000020;HYDROFLEX
HYD000020;HYDROFLEX
HYD000021;HYDROFLEX
HYD000021;HYDROFLEX
HYD000021;HYDROFLEX
HYD000022;HYDROFLEX
HYD000022;HYDROFLEX
HYD000022;HYDROFLEX
HYD000023;HYDROFLEX
HYD000023;HYDROFLEX
HYD000023;HYDROFLEX
HYD000024;HYDROFLEX
HYD000024;HYDROFLEX
HYD000024;HYDROFLEX
HYD000025;HYDROFLEX
HYD000025;HYDROFLEX
HYD000025;HYDROFLEX
HYD000026;HYDROFLEX
HYD000026;HYDROFLEX
HYD000026;HYDROFLEX
HYD000028;HYDROFLEX
HYD000028;HYDROFLEX
HYD000028;HYDROFLEX
HYD000030;HYDROFLEX
HYD000030;HYDROFLEX
HYD000030;HYDROFLEX
HYD000034;HYDROFLEX
HYD000034;HYDROFLEX
HYD000034;HYDROFLEX
HYD000035;HYDROFLEX
HYD000035;HYDROFLEX
HYD000035;HYDROFLEX
HYD000036;HYDROFLEX
HYD000036;HYDROFLEX
HYD000036;HYDROFLEX
HYD000037;HYDROFLEX
HYD000037;HYDROFLEX
HYD000037;HYDROFLEX
HYD000038;HYDROFLEX
HYD000038;HYDROFLEX
HYD000038;HYDROFLEX
HYD000041;HYDROFLEX
HYD000041;HYDROFLEX
HYD000041;HYDROFLEX
HYD000042;HYDROFLEX
HYD000042;HYDROFLEX
HYD000042;HYDROFLEX
HYD000043;HYDROFLEX
HYD000043;HYDROFLEX
HYD000043;HYDROFLEX
HYD000044;HYDROFLEX
HYD000044;HYDROFLEX
HYD000044;HYDROFLEX
HYD000045;HYDROFLEX
HYD000045;HYDROFLEX
HYD000045;HYDROFLEX
HYD000046;HYDROFLEX
HYD000046;HYDROFLEX
HYD000046;HYDROFLEX
HYD000047;HYDROFLEX
HYD000047;HYDROFLEX
HYD000047;HYDROFLEX
HYD000049;HYDROFLEX
HYD000049;HYDROFLEX
HYD000049;HYDROFLEX
HYD000050;HYDROFLEX
HYD000050;HYDROFLEX
HYD000050;HYDROFLEX
HYD000054;HYDROFLEX
HYD000054;HYDROFLEX
HYD000054;HYDROFLEX
HYD000055;HYDROFLEX
HYD000055;HYDROFLEX
HYD000055;HYDROFLEX
HYD000056;HYDROFLEX
HYD000056;HYDROFLEX
HYD000056;HYDROFLEX
HYD000057;HYDROFLEX
HYD000057;HYDROFLEX
HYD000057;HYDROFLEX
HYD000058;HYDROFLEX
HYD000058;HYDROFLEX
HYD000058;HYDROFLEX
HYD000059;HYDROFLEX
HYD000059;HYDROFLEX
HYD000059;HYDROFLEX
HYD000062;HYDROFLEX
HYD000062;HYDROFLEX
HYD000062;HYDROFLEX
HYD000063;HYDROFLEX
HYD000063;HYDROFLEX
HYD000063;HYDROFLEX
HYD000066;HYDROFLEX
HYD000066;HYDROFLEX
HYD000066;HYDROFLEX
HYD000067;HYDROFLEX
HYD000067;HYDROFLEX
HYD000067;HYDROFLEX
HYD000068;HYDROFLEX
HYD000068;HYDROFLEX
HYD000068;HYDROFLEX
HYD000074;HYDROFLEX
HYD000074;HYDROFLEX
HYD000074;HYDROFLEX
HYD000078;HYDROFLEX
HYD000078;HYDROFLEX
HYD000078;HYDROFLEX
HYD000079;HYDROFLEX
HYD000079;HYDROFLEX
HYD000079;HYDROFLEX
HYD000080;HYDROFLEX
HYD000080;HYDROFLEX
HYD000080;HYDROFLEX
HYD000081;HYDROFLEX
HYD000081;HYDROFLEX
HYD000081;HYDROFLEX
HYD000084;HYDROFLEX
HYD000084;HYDROFLEX
HYD000084;HYDROFLEX
HYD000085;HYDROFLEX
HYD000085;HYDROFLEX
HYD000085;HYDROFLEX
HYD000086;HYDROFLEX
HYD000086;HYDROFLEX
HYD000086;HYDROFLEX
HYD000087;HYDROFLEX
HYD000087;HYDROFLEX
HYD000087;HYDROFLEX
HYD000088;HYDROFLEX
HYD000088;HYDROFLEX
HYD000088;HYDROFLEX
HYD000089;HYDROFLEX
HYD000089;HYDROFLEX
HYD000089;HYDROFLEX
HYD000090;HYDROFLEX
HYD000090;HYDROFLEX
HYD000090;HYDROFLEX
HYD000091;HYDROFLEX
HYD000091;HYDROFLEX
HYD000091;HYDROFLEX
HYD000092;HYDROFLEX
HYD000092;HYDROFLEX
HYD000092;HYDROFLEX
HYD000093;HYDROFLEX
HYD000093;HYDROFLEX
HYD000093;HYDROFLEX
HYD000095;HYDROFLEX
HYD000095;HYDROFLEX
HYD000095;HYDROFLEX
HYD000096;HYDROFLEX
HYD000096;HYDROFLEX
HYD000096;HYDROFLEX
HYD000097;HYDROFLEX
HYD000097;HYDROFLEX
HYD000097;HYDROFLEX
HYD000098;HYDROFLEX
HYD000098;HYDROFLEX
HYD000098;HYDROFLEX
HYD000102;HYDROFLEX
HYD000102;HYDROFLEX
HYD000102;HYDROFLEX
HYD000103;HYDROFLEX
HYD000103;HYDROFLEX
HYD000103;HYDROFLEX
HYD000104;HYDROFLEX
HYD000104;HYDROFLEX
HYD000104;HYDROFLEX
HYD000110;HYDROFLEX
HYD000110;HYDROFLEX
HYD000110;HYDROFLEX
HYD000115;HYDROFLEX
HYD000115;HYDROFLEX
HYD000115;HYDROFLEX
HYD000116;HYDROFLEX
HYD000116;HYDROFLEX
HYD000116;HYDROFLEX
HYD000117;HYDROFLEX
HYD000117;HYDROFLEX
HYD000117;HYDROFLEX
HYD000118;HYDROFLEX
HYD000118;HYDROFLEX
HYD000118;HYDROFLEX
HYD000119;HYDROFLEX
HYD000119;HYDROFLEX
HYD000119;HYDROFLEX
HYD000121;HYDROFLEX
HYD000121;HYDROFLEX
HYD000121;HYDROFLEX
HYD000122;HYDROFLEX
HYD000122;HYDROFLEX
HYD000122;HYDROFLEX
HYD000123;HYDROFLEX
HYD000123;HYDROFLEX
HYD000123;HYDROFLEX
HYD000124;HYDROFLEX
HYD000124;HYDROFLEX
HYD000124;HYDROFLEX
HYD000125;HYDROFLEX
HYD000125;HYDROFLEX
HYD000125;HYDROFLEX
HYD000126;HYDROFLEX
HYD000126;HYDROFLEX
HYD000126;HYDROFLEX
HYD000127;HYDROFLEX
HYD000127;HYDROFLEX
HYD000127;HYDROFLEX
HYD000129;HYDROFLEX
HYD000129;HYDROFLEX
HYD000129;HYDROFLEX
HYD000130;HYDROFLEX
HYD000130;HYDROFLEX
HYD000130;HYDROFLEX
HYD000131;HYDROFLEX
HYD000131;HYDROFLEX
HYD000131;HYDROFLEX
HYD000132;HYDROFLEX
HYD000132;HYDROFLEX
HYD000132;HYDROFLEX
HYD000133;HYDROFLEX
HYD000133;HYDROFLEX
HYD000133;HYDROFLEX
HYD000134;HYDROFLEX
HYD000134;HYDROFLEX
HYD000134;HYDROFLEX
HYD000135;HYDROFLEX
HYD000135;HYDROFLEX
HYD000135;HYDROFLEX
HYD000136;HYDROFLEX
HYD000136;HYDROFLEX
HYD000136;HYDROFLEX
HYD000137;HYDROFLEX
HYD000137;HYDROFLEX
HYD000137;HYDROFLEX
HYD000138;HYDROFLEX
HYD000138;HYDROFLEX
HYD000138;HYDROFLEX
HYD000140;HYDROFLEX
HYD000140;HYDROFLEX
HYD000140;HYDROFLEX
HYD000141;HYDROFLEX
HYD000141;HYDROFLEX
HYD000141;HYDROFLEX
HYD000142;HYDROFLEX
HYD000142;HYDROFLEX
HYD000142;HYDROFLEX
HYD000143;HYDROFLEX
HYD000143;HYDROFLEX
HYD000143;HYDROFLEX
HYD000144;HYDROFLEX
HYD000144;HYDROFLEX
HYD000144;HYDROFLEX
HYD000147;HYDROFLEX
HYD000147;HYDROFLEX
HYD000147;HYDROFLEX
HYD000150;HYDROFLEX
HYD000150;HYDROFLEX
HYD000150;HYDROFLEX
HYD000151;HYDROFLEX
HYD000151;HYDROFLEX
HYD000151;HYDROFLEX
HYD000152;HYDROFLEX
HYD000152;HYDROFLEX
HYD000152;HYDROFLEX
HYD000153;HYDROFLEX
HYD000153;HYDROFLEX
HYD000153;HYDROFLEX
HYD000154;HYDROFLEX
HYD000154;HYDROFLEX
HYD000154;HYDROFLEX
HYD000158;HYDROFLEX
HYD000158;HYDROFLEX
HYD000158;HYDROFLEX
HYD000161;HYDROFLEX
HYD000161;HYDROFLEX
HYD000161;HYDROFLEX
HYD000165;HYDROFLEX
HYD000165;HYDROFLEX
HYD000165;HYDROFLEX
HYD000166;HYDROFLEX
HYD000166;HYDROFLEX
HYD000166;HYDROFLEX
HYD000170;HYDROFLEX
HYD000170;HYDROFLEX
HYD000170;HYDROFLEX
HYD000172;HYDROFLEX
HYD000172;HYDROFLEX
HYD000172;HYDROFLEX
HYD000173;HYDROFLEX
HYD000173;HYDROFLEX
HYD000173;HYDROFLEX
HYD000174;HYDROFLEX
HYD000174;HYDROFLEX
HYD000174;HYDROFLEX
HYD000175;HYDROFLEX
HYD000175;HYDROFLEX
HYD000175;HYDROFLEX
HYD000176;HYDROFLEX
HYD000176;HYDROFLEX
HYD000176;HYDROFLEX
HYD000177;HYDROFLEX
HYD000177;HYDROFLEX
HYD000177;HYDROFLEX
HYD000178;HYDROFLEX
HYD000178;HYDROFLEX
HYD000178;HYDROFLEX
HYD000179;HYDROFLEX
HYD000179;HYDROFLEX
HYD000179;HYDROFLEX
HYD000180;HYDROFLEX
HYD000180;HYDROFLEX
HYD000180;HYDROFLEX
HYD000181;HYDROFLEX
HYD000181;HYDROFLEX
HYD000181;HYDROFLEX
HYD000183;HYDROFLEX
HYD000183;HYDROFLEX
HYD000183;HYDROFLEX
HYD000184;HYDROFLEX
HYD000184;HYDROFLEX
HYD000184;HYDROFLEX
HYD000186;HYDROFLEX
HYD000186;HYDROFLEX
HYD000186;HYDROFLEX
HYD000187;HYDROFLEX
HYD000187;HYDROFLEX
HYD000187;HYDROFLEX
HYD000188;HYDROFLEX
HYD000188;HYDROFLEX
HYD000188;HYDROFLEX
HYD000190;HYDROFLEX
HYD000190;HYDROFLEX
HYD000190;HYDROFLEX
HYD000191;HYDROFLEX
HYD000191;HYDROFLEX
HYD000191;HYDROFLEX
HYD000192;HYDROFLEX
HYD000192;HYDROFLEX
HYD000192;HYDROFLEX
HYD000193;HYDROFLEX
HYD000193;HYDROFLEX
HYD000193;HYDROFLEX
HYD000194;HYDROFLEX
HYD000194;HYDROFLEX
HYD000194;HYDROFLEX
HYD000195;HYDROFLEX
HYD000195;HYDROFLEX
HYD000195;HYDROFLEX
HYD000196;HYDROFLEX
HYD000196;HYDROFLEX
HYD000196;HYDROFLEX
HYD000199;HYDROFLEX
HYD000199;HYDROFLEX
HYD000199;HYDROFLEX
HYD000201;HYDROFLEX
HYD000201;HYDROFLEX
HYD000201;HYDROFLEX
HYD000202;HYDROFLEX
HYD000202;HYDROFLEX
HYD000202;HYDROFLEX
HYD000204;HYDROFLEX
HYD000204;HYDROFLEX
HYD000204;HYDROFLEX
HYD000205;HYDROFLEX
HYD000205;HYDROFLEX
HYD000205;HYDROFLEX
HYD000207;HYDROFLEX
HYD000207;HYDROFLEX
HYD000207;HYDROFLEX
HYD000208;HYDROFLEX
HYD000208;HYDROFLEX
HYD000208;HYDROFLEX
HYD000209;HYDROFLEX
HYD000209;HYDROFLEX
HYD000209;HYDROFLEX
HYD000216;HYDROFLEX
HYD000216;HYDROFLEX
HYD000216;HYDROFLEX
HYD000219;HYDROFLEX
HYD000219;HYDROFLEX
HYD000219;HYDROFLEX
HYD000222;HYDROFLEX
HYD000222;HYDROFLEX
HYD000222;HYDROFLEX
HYD000223;HYDROFLEX
HYD000223;HYDROFLEX
HYD000223;HYDROFLEX
HYD000225;HYDROFLEX
HYD000225;HYDROFLEX
HYD000225;HYDROFLEX
HYD000228;HYDROFLEX
HYD000228;HYDROFLEX
HYD000228;HYDROFLEX
HYD000229;HYDROFLEX
HYD000229;HYDROFLEX
HYD000229;HYDROFLEX
HYD000230;HYDROFLEX
HYD000230;HYDROFLEX
HYD000230;HYDROFLEX
HYD000233;HYDROFLEX
HYD000233;HYDROFLEX
HYD000233;HYDROFLEX
HYD000238;HYDROFLEX
HYD000238;HYDROFLEX
HYD000238;HYDROFLEX
HYD000239;HYDROFLEX
HYD000239;HYDROFLEX
HYD000239;HYDROFLEX
HYD000241;HYDROFLEX
HYD000241;HYDROFLEX
HYD000241;HYDROFLEX
HYD000242;HYDROFLEX
HYD000242;HYDROFLEX
HYD000242;HYDROFLEX
HYD000243;HYDROFLEX
HYD000243;HYDROFLEX
HYD000243;HYDROFLEX
HYD000244;HYDROFLEX
HYD000244;HYDROFLEX
HYD000244;HYDROFLEX
HYD000245;HYDROFLEX
HYD000245;HYDROFLEX
HYD000245;HYDROFLEX
HYD000246;HYDROFLEX
HYD000246;HYDROFLEX
HYD000246;HYDROFLEX
HYD000247;HYDROFLEX
HYD000247;HYDROFLEX
HYD000247;HYDROFLEX
HYD000248;HYDROFLEX
HYD000248;HYDROFLEX
HYD000248;HYDROFLEX
HYD000249;HYDROFLEX
HYD000249;HYDROFLEX
HYD000249;HYDROFLEX
HYD000250;HYDROFLEX
HYD000250;HYDROFLEX
HYD000250;HYDROFLEX
HYD000254;HYDROFLEX
HYD000254;HYDROFLEX
HYD000254;HYDROFLEX
HYD000255;HYDROFLEX
HYD000255;HYDROFLEX
HYD000255;HYDROFLEX
HYD000256;HYDROFLEX
HYD000256;HYDROFLEX
HYD000256;HYDROFLEX
HYD000259;HYDROFLEX
HYD000259;HYDROFLEX
HYD000259;HYDROFLEX
HYD000260;HYDROFLEX
HYD000260;HYDROFLEX
HYD000260;HYDROFLEX
HYD000261;HYDROFLEX
HYD000261;HYDROFLEX
HYD000261;HYDROFLEX
HYD000262;HYDROFLEX
HYD000262;HYDROFLEX
HYD000262;HYDROFLEX
HYD000263;HYDROFLEX
HYD000263;HYDROFLEX
HYD000263;HYDROFLEX
HYD000264;HYDROFLEX
HYD000264;HYDROFLEX
HYD000264;HYDROFLEX
HYD000267;HYDROFLEX
HYD000267;HYDROFLEX
HYD000267;HYDROFLEX
HYD000269;HYDROFLEX
HYD000269;HYDROFLEX
HYD000269;HYDROFLEX
HYD000270;HYDROFLEX
HYD000270;HYDROFLEX
HYD000270;HYDROFLEX
HYD000271;HYDROFLEX
HYD000271;HYDROFLEX
HYD000271;HYDROFLEX
HYD000272;HYDROFLEX
HYD000272;HYDROFLEX
HYD000272;HYDROFLEX
HYD000273;HYDROFLEX
HYD000273;HYDROFLEX
HYD000273;HYDROFLEX
HYD000274;HYDROFLEX
HYD000274;HYDROFLEX
HYD000274;HYDROFLEX
HYD000275;HYDROFLEX
HYD000275;HYDROFLEX
HYD000275;HYDROFLEX
HYD000276;HYDROFLEX
HYD000276;HYDROFLEX
HYD000276;HYDROFLEX
HYD000277;HYDROFLEX
HYD000277;HYDROFLEX
HYD000277;HYDROFLEX
HYD000280;HYDROFLEX
HYD000280;HYDROFLEX
HYD000280;HYDROFLEX
HYD000281;HYDROFLEX
HYD000281;HYDROFLEX
HYD000281;HYDROFLEX
HYD000282;HYDROFLEX
HYD000282;HYDROFLEX
HYD000282;HYDROFLEX
HYD000285;HYDROFLEX
HYD000285;HYDROFLEX
HYD000285;HYDROFLEX
HYD000286;HYDROFLEX
HYD000286;HYDROFLEX
HYD000286;HYDROFLEX
HYD000289;HYDROFLEX
HYD000289;HYDROFLEX
HYD000289;HYDROFLEX
HYD000297;HYDROFLEX
HYD000297;HYDROFLEX
HYD000297;HYDROFLEX
HYD000298;HYDROFLEX
HYD000298;HYDROFLEX
HYD000298;HYDROFLEX
HYD000299;HYDROFLEX
HYD000299;HYDROFLEX
HYD000299;HYDROFLEX
HYD000301;HYDROFLEX
HYD000301;HYDROFLEX
HYD000301;HYDROFLEX
HYD000305;HYDROFLEX
HYD000305;HYDROFLEX
HYD000305;HYDROFLEX
HYD000307;HYDROFLEX
HYD000307;HYDROFLEX
HYD000307;HYDROFLEX
HYD000310;HYDROFLEX
HYD000310;HYDROFLEX
HYD000310;HYDROFLEX
HYD000311;HYDROFLEX
HYD000311;HYDROFLEX
HYD000311;HYDROFLEX
HYD000314;HYDROFLEX
HYD000314;HYDROFLEX
HYD000314;HYDROFLEX
HYD000315;HYDROFLEX
HYD000315;HYDROFLEX
HYD000315;HYDROFLEX
HYD000325;HYDROFLEX
HYD000325;HYDROFLEX
HYD000325;HYDROFLEX
HYD000326;HYDROFLEX
HYD000326;HYDROFLEX
HYD000326;HYDROFLEX
HYD000327;HYDROFLEX
HYD000327;HYDROFLEX
HYD000327;HYDROFLEX
HYD000329;HYDROFLEX
HYD000329;HYDROFLEX
HYD000329;HYDROFLEX
HYD000330;HYDROFLEX
HYD000330;HYDROFLEX
HYD000330;HYDROFLEX
HYD000331;HYDROFLEX
HYD000331;HYDROFLEX
HYD000331;HYDROFLEX
HYD000332;HYDROFLEX
HYD000332;HYDROFLEX
HYD000332;HYDROFLEX
HYD000333;HYDROFLEX
HYD000333;HYDROFLEX
HYD000333;HYDROFLEX
HYD000334;HYDROFLEX
HYD000334;HYDROFLEX
HYD000334;HYDROFLEX
HYD000335;HYDROFLEX
HYD000335;HYDROFLEX
HYD000335;HYDROFLEX
HYD000336;HYDROFLEX
HYD000336;HYDROFLEX
HYD000336;HYDROFLEX
HYD000338;HYDROFLEX
HYD000338;HYDROFLEX
HYD000338;HYDROFLEX
HYD000340;HYDROFLEX
HYD000340;HYDROFLEX
HYD000340;HYDROFLEX
HYD000341;HYDROFLEX
HYD000341;HYDROFLEX
HYD000341;HYDROFLEX
HYD000342;HYDROFLEX
HYD000342;HYDROFLEX
HYD000342;HYDROFLEX
HYD000343;HYDROFLEX
HYD000343;HYDROFLEX
HYD000343;HYDROFLEX
HYD000345;HYDROFLEX
HYD000345;HYDROFLEX
HYD000345;HYDROFLEX
HYD000346;HYDROFLEX
HYD000346;HYDROFLEX
HYD000346;HYDROFLEX
HYD000348;HYDROFLEX
HYD000348;HYDROFLEX
HYD000348;HYDROFLEX
HYD000350;HYDROFLEX
HYD000350;HYDROFLEX
HYD000350;HYDROFLEX
HYD000351;HYDROFLEX
HYD000351;HYDROFLEX
HYD000351;HYDROFLEX
HYD000352;HYDROFLEX
HYD000352;HYDROFLEX
HYD000352;HYDROFLEX
HYD000353;HYDROFLEX
HYD000353;HYDROFLEX
HYD000353;HYDROFLEX
HYD000354;HYDROFLEX
HYD000354;HYDROFLEX
HYD000354;HYDROFLEX
HYD000355;HYDROFLEX
HYD000355;HYDROFLEX
HYD000355;HYDROFLEX
HYD000356;HYDROFLEX
HYD000356;HYDROFLEX
HYD000356;HYDROFLEX
HYD000357;HYDROFLEX
HYD000357;HYDROFLEX
HYD000357;HYDROFLEX
HYD000358;HYDROFLEX
HYD000358;HYDROFLEX
HYD000358;HYDROFLEX
HYD000359;HYDROFLEX
HYD000359;HYDROFLEX
HYD000359;HYDROFLEX
HYD000364;HYDROFLEX
HYD000364;HYDROFLEX
HYD000364;HYDROFLEX
HYD000365;HYDROFLEX
HYD000365;HYDROFLEX
HYD000365;HYDROFLEX
HYD000368;HYDROFLEX
HYD000368;HYDROFLEX
HYD000368;HYDROFLEX
HYD000369;HYDROFLEX
HYD000369;HYDROFLEX
HYD000369;HYDROFLEX
HYD000370;HYDROFLEX
HYD000370;HYDROFLEX
HYD000370;HYDROFLEX
HYD000371;HYDROFLEX
HYD000371;HYDROFLEX
HYD000371;HYDROFLEX
HYD000372;HYDROFLEX
HYD000372;HYDROFLEX
HYD000372;HYDROFLEX
HYD000373;HYDROFLEX
HYD000373;HYDROFLEX
HYD000373;HYDROFLEX
HYD000376;HYDROFLEX
HYD000376;HYDROFLEX
HYD000376;HYDROFLEX
HYD000378;HYDROFLEX
HYD000378;HYDROFLEX
HYD000378;HYDROFLEX
HYD000380;HYDROFLEX
HYD000380;HYDROFLEX
HYD000380;HYDROFLEX
HYD000382;HYDROFLEX
HYD000382;HYDROFLEX
HYD000382;HYDROFLEX
HYD000383;HYDROFLEX
HYD000383;HYDROFLEX
HYD000383;HYDROFLEX
HYD000384;HYDROFLEX
HYD000384;HYDROFLEX
HYD000384;HYDROFLEX
HYD000385;HYDROFLEX
HYD000385;HYDROFLEX
HYD000385;HYDROFLEX
HYD000386;HYDROFLEX
HYD000386;HYDROFLEX
HYD000386;HYDROFLEX
HYD000387;HYDROFLEX
HYD000387;HYDROFLEX
HYD000387;HYDROFLEX
HYD000389;HYDROFLEX
HYD000389;HYDROFLEX
HYD000389;HYDROFLEX
HYD000390;HYDROFLEX
HYD000390;HYDROFLEX
HYD000390;HYDROFLEX
HYD000391;HYDROFLEX
HYD000391;HYDROFLEX
HYD000391;HYDROFLEX
HYD000392;HYDROFLEX
HYD000392;HYDROFLEX
HYD000392;HYDROFLEX
HYD000393;HYDROFLEX
HYD000393;HYDROFLEX
HYD000393;HYDROFLEX
HYD000395;HYDROFLEX
HYD000395;HYDROFLEX
HYD000395;HYDROFLEX
HYD000396;HYDROFLEX
HYD000396;HYDROFLEX
HYD000396;HYDROFLEX
HYD000397;HYDROFLEX
HYD000397;HYDROFLEX
HYD000397;HYDROFLEX
HYD000398;HYDROFLEX
HYD000398;HYDROFLEX
HYD000398;HYDROFLEX
HYD000400;HYDROFLEX
HYD000400;HYDROFLEX
HYD000400;HYDROFLEX
HYD000401;HYDROFLEX
HYD000401;HYDROFLEX
HYD000401;HYDROFLEX
HYD000402;HYDROFLEX
HYD000402;HYDROFLEX
HYD000402;HYDROFLEX
HYD000404;HYDROFLEX
HYD000404;HYDROFLEX
HYD000404;HYDROFLEX
HYD000405;HYDROFLEX
HYD000405;HYDROFLEX
HYD000405;HYDROFLEX
HYD000407;HYDROFLEX
HYD000407;HYDROFLEX
HYD000407;HYDROFLEX
HYD000409;HYDROFLEX
HYD000409;HYDROFLEX
HYD000409;HYDROFLEX
HYD000410;HYDROFLEX
HYD000410;HYDROFLEX
HYD000410;HYDROFLEX
HYD000412;HYDROFLEX
HYD000412;HYDROFLEX
HYD000412;HYDROFLEX
HYD000413;HYDROFLEX
HYD000413;HYDROFLEX
HYD000413;HYDROFLEX
HYD000414;HYDROFLEX
HYD000414;HYDROFLEX
HYD000414;HYDROFLEX
HYD000417;HYDROFLEX
HYD000417;HYDROFLEX
HYD000417;HYDROFLEX
HYD000418;HYDROFLEX
HYD000418;HYDROFLEX
HYD000418;HYDROFLEX
HYD000419;HYDROFLEX
HYD000419;HYDROFLEX
HYD000419;HYDROFLEX
HYD000421;HYDROFLEX
HYD000421;HYDROFLEX
HYD000421;HYDROFLEX
HYD000422;HYDROFLEX
HYD000422;HYDROFLEX
HYD000422;HYDROFLEX
HYD000423;HYDROFLEX
HYD000423;HYDROFLEX
HYD000423;HYDROFLEX
HYD000424;HYDROFLEX
HYD000424;HYDROFLEX
HYD000424;HYDROFLEX
HYD000425;HYDROFLEX
HYD000425;HYDROFLEX
HYD000425;HYDROFLEX
HYD000426;HYDROFLEX
HYD000426;HYDROFLEX
HYD000426;HYDROFLEX
HYD000427;HYDROFLEX
HYD000427;HYDROFLEX
HYD000427;HYDROFLEX
HYD000428;HYDROFLEX
HYD000428;HYDROFLEX
HYD000428;HYDROFLEX
HYD000429;HYDROFLEX
HYD000429;HYDROFLEX
HYD000429;HYDROFLEX
HYD000430;HYDROFLEX
HYD000430;HYDROFLEX
HYD000430;HYDROFLEX
HYD000431;HYDROFLEX
HYD000431;HYDROFLEX
HYD000431;HYDROFLEX
HYD000432;HYDROFLEX
HYD000432;HYDROFLEX
HYD000432;HYDROFLEX
HYD000433;HYDROFLEX
HYD000433;HYDROFLEX
HYD000433;HYDROFLEX
HYD000434;HYDROFLEX
HYD000434;HYDROFLEX
HYD000434;HYDROFLEX
HYD000435;HYDROFLEX
HYD000435;HYDROFLEX
HYD000435;HYDROFLEX
HYD000436;HYDROFLEX
HYD000436;HYDROFLEX
HYD000436;HYDROFLEX
HYD000437;HYDROFLEX
HYD000437;HYDROFLEX
HYD000437;HYDROFLEX
HYD000438;HYDROFLEX
HYD000438;HYDROFLEX
HYD000438;HYDROFLEX
HYD000439;HYDROFLEX
HYD000439;HYDROFLEX
HYD000439;HYDROFLEX
HYD000440;HYDROFLEX
HYD000440;HYDROFLEX
HYD000440;HYDROFLEX
HYD000441;HYDROFLEX
HYD000441;HYDROFLEX
HYD000441;HYDROFLEX
HYD000442;HYDROFLEX
HYD000442;HYDROFLEX
HYD000442;HYDROFLEX
HYD000443;HYDROFLEX
HYD000443;HYDROFLEX
HYD000443;HYDROFLEX
HYD000444;HYDROFLEX
HYD000444;HYDROFLEX
HYD000444;HYDROFLEX
HYD000445;HYDROFLEX
HYD000445;HYDROFLEX
HYD000445;HYDROFLEX
HYD000446;HYDROFLEX
HYD000446;HYDROFLEX
HYD000446;HYDROFLEX
HYD000447;HYDROFLEX
HYD000447;HYDROFLEX
HYD000447;HYDROFLEX
HYD000448;HYDROFLEX
HYD000448;HYDROFLEX
HYD000448;HYDROFLEX
HYD000453;HYDROFLEX
HYD000453;HYDROFLEX
HYD000453;HYDROFLEX
HYD000454;HYDROFLEX
HYD000454;HYDROFLEX
HYD000454;HYDROFLEX
HYD000455;HYDROFLEX
HYD000455;HYDROFLEX
HYD000455;HYDROFLEX
HYD000456;HYDROFLEX
HYD000456;HYDROFLEX
HYD000456;HYDROFLEX
HYD000458;HYDROFLEX
HYD000458;HYDROFLEX
HYD000458;HYDROFLEX
HYD000462;HYDROFLEX
HYD000462;HYDROFLEX
HYD000462;HYDROFLEX
HYD000463;HYDROFLEX
HYD000463;HYDROFLEX
HYD000463;HYDROFLEX
HYD000464;HYDROFLEX
HYD000464;HYDROFLEX
HYD000464;HYDROFLEX
HYD000465;HYDROFLEX
HYD000465;HYDROFLEX
HYD000465;HYDROFLEX
HYD000466;HYDROFLEX
HYD000466;HYDROFLEX
HYD000466;HYDROFLEX
HYD000467;HYDROFLEX
HYD000467;HYDROFLEX
HYD000467;HYDROFLEX
HYD000468;HYDROFLEX
HYD000468;HYDROFLEX
HYD000468;HYDROFLEX
HYD000469;HYDROFLEX
HYD000469;HYDROFLEX
HYD000469;HYDROFLEX
HYD000470;HYDROFLEX
HYD000470;HYDROFLEX
HYD000470;HYDROFLEX
HYD000471;HYDROFLEX
HYD000471;HYDROFLEX
HYD000471;HYDROFLEX
HYD000472;HYDROFLEX
HYD000472;HYDROFLEX
HYD000472;HYDROFLEX
HYD000473;HYDROFLEX
HYD000473;HYDROFLEX
HYD000473;HYDROFLEX
HYD000474;HYDROFLEX
HYD000474;HYDROFLEX
HYD000474;HYDROFLEX
HYD000475;HYDROFLEX
HYD000475;HYDROFLEX
HYD000475;HYDROFLEX
HYD000476;HYDROFLEX
HYD000476;HYDROFLEX
HYD000476;HYDROFLEX
HYD000477;HYDROFLEX
HYD000477;HYDROFLEX
HYD000477;HYDROFLEX
HYD000478;HYDROFLEX
HYD000478;HYDROFLEX
HYD000478;HYDROFLEX
HYD000479;HYDROFLEX
HYD000479;HYDROFLEX
HYD000479;HYDROFLEX
HYD000480;HYDROFLEX
HYD000480;HYDROFLEX
HYD000480;HYDROFLEX
HYD000481;HYDROFLEX
HYD000481;HYDROFLEX
HYD000481;HYDROFLEX
HYD000482;HYDROFLEX
HYD000482;HYDROFLEX
HYD000482;HYDROFLEX
HYD000483;HYDROFLEX
HYD000483;HYDROFLEX
HYD000483;HYDROFLEX
HYD000484;HYDROFLEX
HYD000484;HYDROFLEX
HYD000484;HYDROFLEX
HYD000485;HYDROFLEX
HYD000485;HYDROFLEX
HYD000485;HYDROFLEX
HYD000486;HYDROFLEX
HYD000486;HYDROFLEX
HYD000486;HYDROFLEX
HYD000487;HYDROFLEX
HYD000487;HYDROFLEX
HYD000487;HYDROFLEX
HYD000488;HYDROFLEX
HYD000488;HYDROFLEX
HYD000488;HYDROFLEX
HYD000489;HYDROFLEX
HYD000489;HYDROFLEX
HYD000489;HYDROFLEX
HYD000490;HYDROFLEX
HYD000490;HYDROFLEX
HYD000490;HYDROFLEX
HYD000491;HYDROFLEX
HYD000491;HYDROFLEX
HYD000491;HYDROFLEX
HYD000492;HYDROFLEX
HYD000492;HYDROFLEX
HYD000492;HYDROFLEX
HYD000493;HYDROFLEX
HYD000493;HYDROFLEX
HYD000493;HYDROFLEX
HYD000494;HYDROFLEX
HYD000494;HYDROFLEX
HYD000494;HYDROFLEX
HYD000495;HYDROFLEX
HYD000495;HYDROFLEX
HYD000495;HYDROFLEX
HYD000500;HYDROFLEX
HYD000500;HYDROFLEX
HYD000500;HYDROFLEX
HYD000501;HYDROFLEX
HYD000501;HYDROFLEX
HYD000501;HYDROFLEX
HYD000502;HYDROFLEX
HYD000502;HYDROFLEX
HYD000502;HYDROFLEX
HYD000503;HYDROFLEX
HYD000503;HYDROFLEX
HYD000503;HYDROFLEX
HYD000504;HYDROFLEX
HYD000504;HYDROFLEX
HYD000504;HYDROFLEX
HYD000505;HYDROFLEX
HYD000505;HYDROFLEX
HYD000505;HYDROFLEX
HYD000506;HYDROFLEX
HYD000506;HYDROFLEX
HYD000506;HYDROFLEX
HYD000507;HYDROFLEX
HYD000507;HYDROFLEX
HYD000507;HYDROFLEX
HYD000508;HYDROFLEX
HYD000508;HYDROFLEX
HYD000508;HYDROFLEX
HYD000509;HYDROFLEX
HYD000509;HYDROFLEX
HYD000509;HYDROFLEX
HYD000510;HYDROFLEX
HYD000510;HYDROFLEX
HYD000510;HYDROFLEX
HYD000511;HYDROFLEX
HYD000511;HYDROFLEX
HYD000511;HYDROFLEX
HYD000512;HYDROFLEX
HYD000512;HYDROFLEX
HYD000512;HYDROFLEX
HYD000513;HYDROFLEX
HYD000513;HYDROFLEX
HYD000513;HYDROFLEX
HYD000514;HYDROFLEX
HYD000514;HYDROFLEX
HYD000514;HYDROFLEX
HYD000516;HYDROFLEX
HYD000516;HYDROFLEX
HYD000516;HYDROFLEX
HYD000517;HYDROFLEX
HYD000517;HYDROFLEX
HYD000517;HYDROFLEX
HYD000518;HYDROFLEX
HYD000518;HYDROFLEX
HYD000518;HYDROFLEX
HYD000519;HYDROFLEX
HYD000519;HYDROFLEX
HYD000519;HYDROFLEX
HYD000520;HYDROFLEX
HYD000520;HYDROFLEX
HYD000520;HYDROFLEX
HYD000521;HYDROFLEX
HYD000521;HYDROFLEX
HYD000521;HYDROFLEX
HYD000522;HYDROFLEX
HYD000522;HYDROFLEX
HYD000522;HYDROFLEX
HYD000523;HYDROFLEX
HYD000523;HYDROFLEX
HYD000523;HYDROFLEX
HYD000524;HYDROFLEX
HYD000524;HYDROFLEX
HYD000524;HYDROFLEX
HYD000525;HYDROFLEX
HYD000525;HYDROFLEX
HYD000525;HYDROFLEX
HYD000526;HYDROFLEX
HYD000526;HYDROFLEX
HYD000526;HYDROFLEX
HYD000527;HYDROFLEX
HYD000527;HYDROFLEX
HYD000527;HYDROFLEX
HYD000528;HYDROFLEX
HYD000528;HYDROFLEX
HYD000528;HYDROFLEX
HYD000529;HYDROFLEX
HYD000529;HYDROFLEX
HYD000529;HYDROFLEX
HYD000530;HYDROFLEX
HYD000530;HYDROFLEX
HYD000530;HYDROFLEX
HYD000531;HYDROFLEX
HYD000531;HYDROFLEX
HYD000531;HYDROFLEX
HYD000532;HYDROFLEX
HYD000532;HYDROFLEX
HYD000532;HYDROFLEX
HYD000533;HYDROFLEX
HYD000533;HYDROFLEX
HYD000533;HYDROFLEX
HYD000534;HYDROFLEX
HYD000534;HYDROFLEX
HYD000534;HYDROFLEX
HYD000535;HYDROFLEX
HYD000535;HYDROFLEX
HYD000535;HYDROFLEX
HYD000536;HYDROFLEX
HYD000536;HYDROFLEX
HYD000536;HYDROFLEX
HYD000537;HYDROFLEX
HYD000537;HYDROFLEX
HYD000537;HYDROFLEX
HYD000538;HYDROFLEX
HYD000538;HYDROFLEX
HYD000538;HYDROFLEX
HYD000539;HYDROFLEX
HYD000539;HYDROFLEX
HYD000539;HYDROFLEX
HYD000540;HYDROFLEX
HYD000540;HYDROFLEX
HYD000540;HYDROFLEX
HYD000541;HYDROFLEX
HYD000541;HYDROFLEX
HYD000541;HYDROFLEX
HYD000542;HYDROFLEX
HYD000542;HYDROFLEX
HYD000542;HYDROFLEX
HYD000543;HYDROFLEX
HYD000543;HYDROFLEX
HYD000543;HYDROFLEX
HYD000545;HYDROFLEX
HYD000545;HYDROFLEX
HYD000545;HYDROFLEX
HYD000546;HYDROFLEX
HYD000546;HYDROFLEX
HYD000546;HYDROFLEX
HYD000547;HYDROFLEX
HYD000547;HYDROFLEX
HYD000547;HYDROFLEX
HYD000548;HYDROFLEX
HYD000548;HYDROFLEX
HYD000548;HYDROFLEX
HYD000549;HYDROFLEX
HYD000549;HYDROFLEX
HYD000549;HYDROFLEX
HYD000550;HYDROFLEX
HYD000550;HYDROFLEX
HYD000550;HYDROFLEX
HYD000551;HYDROFLEX
HYD000551;HYDROFLEX
HYD000551;HYDROFLEX
HYD000552;HYDROFLEX
HYD000552;HYDROFLEX
HYD000552;HYDROFLEX
HYD000553;HYDROFLEX
HYD000553;HYDROFLEX
HYD000553;HYDROFLEX
HYD000554;HYDROFLEX
HYD000554;HYDROFLEX
HYD000554;HYDROFLEX
HYD000555;HYDROFLEX
HYD000555;HYDROFLEX
HYD000555;HYDROFLEX
HYD000556;HYDROFLEX
HYD000556;HYDROFLEX
HYD000556;HYDROFLEX
HYD000557;HYDROFLEX
HYD000557;HYDROFLEX
HYD000557;HYDROFLEX
HYD000558;HYDROFLEX
HYD000558;HYDROFLEX
HYD000558;HYDROFLEX
HYD000559;HYDROFLEX
HYD000559;HYDROFLEX
HYD000559;HYDROFLEX
HYD000560;HYDROFLEX
HYD000560;HYDROFLEX
HYD000560;HYDROFLEX
HYD000561;HYDROFLEX
HYD000561;HYDROFLEX
HYD000561;HYDROFLEX
HYD000562;HYDROFLEX
HYD000562;HYDROFLEX
HYD000562;HYDROFLEX
HYD000563;HYDROFLEX
HYD000563;HYDROFLEX
HYD000563;HYDROFLEX
HYD000564;HYDROFLEX
HYD000564;HYDROFLEX
HYD000564;HYDROFLEX
HYD000565;HYDROFLEX
HYD000565;HYDROFLEX
HYD000565;HYDROFLEX
HYD000566;HYDROFLEX
HYD000566;HYDROFLEX
HYD000566;HYDROFLEX
HYD000567;HYDROFLEX
HYD000567;HYDROFLEX
HYD000567;HYDROFLEX
HYD000568;HYDROFLEX
HYD000568;HYDROFLEX
HYD000568;HYDROFLEX
HYD000569;HYDROFLEX
HYD000569;HYDROFLEX
HYD000569;HYDROFLEX
HYD000570;HYDROFLEX
HYD000570;HYDROFLEX
HYD000570;HYDROFLEX
HYD000571;HYDROFLEX
HYD000571;HYDROFLEX
HYD000571;HYDROFLEX
HYD000572;HYDROFLEX
HYD000572;HYDROFLEX
HYD000572;HYDROFLEX
HYD000573;HYDROFLEX
HYD000573;HYDROFLEX
HYD000573;HYDROFLEX
HYD000574;HYDROFLEX
HYD000574;HYDROFLEX
HYD000574;HYDROFLEX
HYD000575;HYDROFLEX
HYD000575;HYDROFLEX
HYD000575;HYDROFLEX
HYD000576;HYDROFLEX
HYD000576;HYDROFLEX
HYD000576;HYDROFLEX
HYD000577;HYDROFLEX
HYD000577;HYDROFLEX
HYD000577;HYDROFLEX
HYD000578;HYDROFLEX
HYD000578;HYDROFLEX
HYD000578;HYDROFLEX
HYD000579;HYDROFLEX
HYD000579;HYDROFLEX
HYD000579;HYDROFLEX
HYD000580;HYDROFLEX
HYD000580;HYDROFLEX
HYD000580;HYDROFLEX
HYD000581;HYDROFLEX
HYD000581;HYDROFLEX
HYD000581;HYDROFLEX
HYD000582;HYDROFLEX
HYD000582;HYDROFLEX
HYD000582;HYDROFLEX
HYD000583;HYDROFLEX
HYD000583;HYDROFLEX
HYD000583;HYDROFLEX
HYD000584;HYDROFLEX
HYD000584;HYDROFLEX
HYD000584;HYDROFLEX
HYD000585;HYDROFLEX
HYD000585;HYDROFLEX
HYD000585;HYDROFLEX
HYD000586;HYDROFLEX
HYD000586;HYDROFLEX
HYD000586;HYDROFLEX
HYD000587;HYDROFLEX
HYD000587;HYDROFLEX
HYD000587;HYDROFLEX
HYD000588;HYDROFLEX
HYD000588;HYDROFLEX
HYD000588;HYDROFLEX
HYD000590;HYDROFLEX
HYD000590;HYDROFLEX
HYD000590;HYDROFLEX
HYD000591;HYDROFLEX
HYD000591;HYDROFLEX
HYD000591;HYDROFLEX
HYD000592;HYDROFLEX
HYD000592;HYDROFLEX
HYD000592;HYDROFLEX
HYD000593;HYDROFLEX
HYD000593;HYDROFLEX
HYD000593;HYDROFLEX
HYD000594;HYDROFLEX
HYD000594;HYDROFLEX
HYD000594;HYDROFLEX
HYD000595;HYDROFLEX
HYD000595;HYDROFLEX
HYD000595;HYDROFLEX
HYD000596;HYDROFLEX
HYD000596;HYDROFLEX
HYD000596;HYDROFLEX
HYD000597;HYDROFLEX
HYD000597;HYDROFLEX
HYD000597;HYDROFLEX
HYD000598;HYDROFLEX
HYD000598;HYDROFLEX
HYD000598;HYDROFLEX
HYD000599;HYDROFLEX
HYD000599;HYDROFLEX
HYD000599;HYDROFLEX
HYD000600;HYDROFLEX
HYD000600;HYDROFLEX
HYD000600;HYDROFLEX
HYD000601;HYDROFLEX
HYD000601;HYDROFLEX
HYD000601;HYDROFLEX
HYD000602;HYDROFLEX
HYD000602;HYDROFLEX
HYD000602;HYDROFLEX
HYD000603;HYDROFLEX
HYD000603;HYDROFLEX
HYD000603;HYDROFLEX
HYD000604;HYDROFLEX
HYD000604;HYDROFLEX
HYD000604;HYDROFLEX
HYD000605;HYDROFLEX
HYD000605;HYDROFLEX
HYD000605;HYDROFLEX
HYD000606;HYDROFLEX
HYD000606;HYDROFLEX
HYD000606;HYDROFLEX
HYD000607;HYDROFLEX
HYD000607;HYDROFLEX
HYD000607;HYDROFLEX
HYD000608;HYDROFLEX
HYD000608;HYDROFLEX
HYD000608;HYDROFLEX
HYD000609;HYDROFLEX
HYD000609;HYDROFLEX
HYD000609;HYDROFLEX
HYD000610;HYDROFLEX
HYD000610;HYDROFLEX
HYD000610;HYDROFLEX
HYD000611;HYDROFLEX
HYD000611;HYDROFLEX
HYD000611;HYDROFLEX
HYD000612;HYDROFLEX
HYD000612;HYDROFLEX
HYD000612;HYDROFLEX
HYD000613;HYDROFLEX
HYD000613;HYDROFLEX
HYD000613;HYDROFLEX
HYD000614;HYDROFLEX
HYD000614;HYDROFLEX
HYD000614;HYDROFLEX
HYD000615;HYDROFLEX
HYD000615;HYDROFLEX
HYD000615;HYDROFLEX
HYD000616;HYDROFLEX
HYD000616;HYDROFLEX
HYD000616;HYDROFLEX
HYD000617;HYDROFLEX
HYD000617;HYDROFLEX
HYD000617;HYDROFLEX
HYD000618;HYDROFLEX
HYD000618;HYDROFLEX
HYD000618;HYDROFLEX
HYD000619;HYDROFLEX
HYD000619;HYDROFLEX
HYD000619;HYDROFLEX
HYD000620;HYDROFLEX
HYD000620;HYDROFLEX
HYD000620;HYDROFLEX
HYD000621;HYDROFLEX
HYD000621;HYDROFLEX
HYD000621;HYDROFLEX
HYD000622;HYDROFLEX
HYD000622;HYDROFLEX
HYD000622;HYDROFLEX
HYD000623;HYDROFLEX
HYD000623;HYDROFLEX
HYD000623;HYDROFLEX
HYD000624;HYDROFLEX
HYD000624;HYDROFLEX
HYD000624;HYDROFLEX
HYD000625;HYDROFLEX
HYD000625;HYDROFLEX
HYD000625;HYDROFLEX
HYD000626;HYDROFLEX
HYD000626;HYDROFLEX
HYD000626;HYDROFLEX
HYD000627;HYDROFLEX
HYD000627;HYDROFLEX
HYD000627;HYDROFLEX
HYD000628;HYDROFLEX
HYD000628;HYDROFLEX
HYD000628;HYDROFLEX
HYD000629;HYDROFLEX
HYD000629;HYDROFLEX
HYD000629;HYDROFLEX
HYD000630;HYDROFLEX
HYD000630;HYDROFLEX
HYD000630;HYDROFLEX
HYD000631;HYDROFLEX
HYD000631;HYDROFLEX
HYD000631;HYDROFLEX
HYD000633;HYDROFLEX
HYD000633;HYDROFLEX
HYD000633;HYDROFLEX
HYD000634;HYDROFLEX
HYD000634;HYDROFLEX
HYD000634;HYDROFLEX
HYD000635;HYDROFLEX
HYD000635;HYDROFLEX
HYD000635;HYDROFLEX
HYD000636;HYDROFLEX
HYD000636;HYDROFLEX
HYD000636;HYDROFLEX
HYD000637;HYDROFLEX
HYD000637;HYDROFLEX
HYD000637;HYDROFLEX
HYD000638;HYDROFLEX
HYD000638;HYDROFLEX
HYD000638;HYDROFLEX
HYD000639;HYDROFLEX
HYD000639;HYDROFLEX
HYD000639;HYDROFLEX
HYD000640;HYDROFLEX
HYD000640;HYDROFLEX
HYD000640;HYDROFLEX
HYD000641;HYDROFLEX
HYD000641;HYDROFLEX
HYD000641;HYDROFLEX
HYD000642;HYDROFLEX
HYD000642;HYDROFLEX
HYD000642;HYDROFLEX
HYD000643;HYDROFLEX
HYD000643;HYDROFLEX
HYD000643;HYDROFLEX
HYD000644;HYDROFLEX
HYD000644;HYDROFLEX
HYD000644;HYDROFLEX
HYD000645;HYDROFLEX
HYD000645;HYDROFLEX
HYD000645;HYDROFLEX
HYD000646;HYDROFLEX
HYD000646;HYDROFLEX
HYD000646;HYDROFLEX
HYD000647;HYDROFLEX
HYD000647;HYDROFLEX
HYD000647;HYDROFLEX
HYD000648;HYDROFLEX
HYD000648;HYDROFLEX
HYD000648;HYDROFLEX
HYD000649;HYDROFLEX
HYD000649;HYDROFLEX
HYD000649;HYDROFLEX
HYD000650;HYDROFLEX
HYD000650;HYDROFLEX
HYD000650;HYDROFLEX
HYD000651;HYDROFLEX
HYD000651;HYDROFLEX
HYD000651;HYDROFLEX
HYD000652;HYDROFLEX
HYD000652;HYDROFLEX
HYD000652;HYDROFLEX
HYD000653;HYDROFLEX
HYD000653;HYDROFLEX
HYD000653;HYDROFLEX
HYD000654;HYDROFLEX
HYD000654;HYDROFLEX
HYD000654;HYDROFLEX
HYD000655;HYDROFLEX
HYD000655;HYDROFLEX
HYD000655;HYDROFLEX
HYD000656;HYDROFLEX
HYD000656;HYDROFLEX
HYD000656;HYDROFLEX
HYD000657;HYDROFLEX
HYD000657;HYDROFLEX
HYD000657;HYDROFLEX
HYD000658;HYDROFLEX
HYD000658;HYDROFLEX
HYD000658;HYDROFLEX
HYD000659;HYDROFLEX
HYD000659;HYDROFLEX
HYD000659;HYDROFLEX
HYD000660;HYDROFLEX
HYD000660;HYDROFLEX
HYD000660;HYDROFLEX
HYD000661;HYDROFLEX
HYD000661;HYDROFLEX
HYD000661;HYDROFLEX
HYD000662;HYDROFLEX
HYD000662;HYDROFLEX
HYD000662;HYDROFLEX
HYD000663;HYDROFLEX
HYD000663;HYDROFLEX
HYD000663;HYDROFLEX
HYD000664;HYDROFLEX
HYD000664;HYDROFLEX
HYD000664;HYDROFLEX
HYD000665;HYDROFLEX
HYD000665;HYDROFLEX
HYD000665;HYDROFLEX
HYD000666;HYDROFLEX
HYD000666;HYDROFLEX
HYD000666;HYDROFLEX
HYD000667;HYDROFLEX
HYD000667;HYDROFLEX
HYD000667;HYDROFLEX
HYD000668;HYDROFLEX
HYD000668;HYDROFLEX
HYD000668;HYDROFLEX
HYD000669;HYDROFLEX
HYD000669;HYDROFLEX
HYD000669;HYDROFLEX
HYD000670;HYDROFLEX
HYD000670;HYDROFLEX
HYD000670;HYDROFLEX
HYD000671;HYDROFLEX
HYD000671;HYDROFLEX
HYD000671;HYDROFLEX
HYD000672;HYDROFLEX
HYD000672;HYDROFLEX
HYD000672;HYDROFLEX
HYD000673;HYDROFLEX
HYD000673;HYDROFLEX
HYD000673;HYDROFLEX
HYD000674;HYDROFLEX
HYD000674;HYDROFLEX
HYD000674;HYDROFLEX
HYD000675;HYDROFLEX
HYD000675;HYDROFLEX
HYD000675;HYDROFLEX
HYD000676;HYDROFLEX
HYD000676;HYDROFLEX
HYD000676;HYDROFLEX
HYD000677;HYDROFLEX
HYD000677;HYDROFLEX
HYD000677;HYDROFLEX
HYD000678;HYDROFLEX
HYD000678;HYDROFLEX
HYD000678;HYDROFLEX
HYD000679;HYDROFLEX
HYD000679;HYDROFLEX
HYD000679;HYDROFLEX
HYD000680;HYDROFLEX
HYD000680;HYDROFLEX
HYD000680;HYDROFLEX
HYD000681;HYDROFLEX
HYD000681;HYDROFLEX
HYD000681;HYDROFLEX
HYD000682;HYDROFLEX
HYD000682;HYDROFLEX
HYD000682;HYDROFLEX
HYD000683;HYDROFLEX
HYD000683;HYDROFLEX
HYD000683;HYDROFLEX
HYD000684;HYDROFLEX
HYD000684;HYDROFLEX
HYD000684;HYDROFLEX
HYD000685;HYDROFLEX
HYD000685;HYDROFLEX
HYD000685;HYDROFLEX
HYD000686;HYDROFLEX
HYD000686;HYDROFLEX
HYD000686;HYDROFLEX
HYD000687;HYDROFLEX
HYD000687;HYDROFLEX
HYD000687;HYDROFLEX
HYD000688;HYDROFLEX
HYD000688;HYDROFLEX
HYD000688;HYDROFLEX
HYD000689;HYDROFLEX
HYD000689;HYDROFLEX
HYD000689;HYDROFLEX
HYD000690;HYDROFLEX
HYD000690;HYDROFLEX
HYD000690;HYDROFLEX
HYD000691;HYDROFLEX
HYD000691;HYDROFLEX
HYD000691;HYDROFLEX
HYD000692;HYDROFLEX
HYD000692;HYDROFLEX
HYD000692;HYDROFLEX
HYD000693;HYDROFLEX
HYD000693;HYDROFLEX
HYD000693;HYDROFLEX
HYD000694;HYDROFLEX
HYD000694;HYDROFLEX
HYD000694;HYDROFLEX
HYD000695;HYDROFLEX
HYD000695;HYDROFLEX
HYD000695;HYDROFLEX
HYD000696;HYDROFLEX
HYD000696;HYDROFLEX
HYD000696;HYDROFLEX
HYD000697;HYDROFLEX
HYD000697;HYDROFLEX
HYD000697;HYDROFLEX
HYD000698;HYDROFLEX
HYD000698;HYDROFLEX
HYD000698;HYDROFLEX
HYD000699;HYDROFLEX
HYD000699;HYDROFLEX
HYD000699;HYDROFLEX
HYD000700;HYDROFLEX
HYD000700;HYDROFLEX
HYD000700;HYDROFLEX
HYD000701;HYDROFLEX
HYD000701;HYDROFLEX
HYD000701;HYDROFLEX
HYD000702;HYDROFLEX
HYD000702;HYDROFLEX
HYD000702;HYDROFLEX
HYD000703;HYDROFLEX
HYD000703;HYDROFLEX
HYD000703;HYDROFLEX
HYD000704;HYDROFLEX
HYD000704;HYDROFLEX
HYD000704;HYDROFLEX
HYD000705;HYDROFLEX
HYD000705;HYDROFLEX
HYD000705;HYDROFLEX
HYD000706;HYDROFLEX
HYD000706;HYDROFLEX
HYD000706;HYDROFLEX
HYD000707;HYDROFLEX
HYD000707;HYDROFLEX
HYD000707;HYDROFLEX
HYD000708;HYDROFLEX
HYD000708;HYDROFLEX
HYD000708;HYDROFLEX
HYD000709;HYDROFLEX
HYD000709;HYDROFLEX
HYD000709;HYDROFLEX
HYD000710;HYDROFLEX
HYD000710;HYDROFLEX
HYD000710;HYDROFLEX
HYD000711;HYDROFLEX
HYD000711;HYDROFLEX
HYD000711;HYDROFLEX
HYD000712;HYDROFLEX
HYD000712;HYDROFLEX
HYD000712;HYDROFLEX
HYD000713;HYDROFLEX
HYD000713;HYDROFLEX
HYD000713;HYDROFLEX
HYD000714;HYDROFLEX
HYD000714;HYDROFLEX
HYD000714;HYDROFLEX
HYD000715;HYDROFLEX
HYD000715;HYDROFLEX
HYD000715;HYDROFLEX
HYD000716;HYDROFLEX
HYD000716;HYDROFLEX
HYD000716;HYDROFLEX
HYD000717;HYDROFLEX
HYD000717;HYDROFLEX
HYD000717;HYDROFLEX
HYD000718;HYDROFLEX
HYD000718;HYDROFLEX
HYD000718;HYDROFLEX
HYD000719;HYDROFLEX
HYD000719;HYDROFLEX
HYD000719;HYDROFLEX
HYD000720;HYDROFLEX
HYD000720;HYDROFLEX
HYD000720;HYDROFLEX
HYD000721;HYDROFLEX
HYD000721;HYDROFLEX
HYD000721;HYDROFLEX
HYD000722;HYDROFLEX
HYD000722;HYDROFLEX
HYD000722;HYDROFLEX
HYD000723;HYDROFLEX
HYD000723;HYDROFLEX
HYD000723;HYDROFLEX
HYD000724;HYDROFLEX
HYD000724;HYDROFLEX
HYD000724;HYDROFLEX
HYD000725;HYDROFLEX
HYD000725;HYDROFLEX
HYD000725;HYDROFLEX
HYD000726;HYDROFLEX
HYD000726;HYDROFLEX
HYD000726;HYDROFLEX
HYD000727;HYDROFLEX
HYD000727;HYDROFLEX
HYD000727;HYDROFLEX
HYD000728;HYDROFLEX
HYD000728;HYDROFLEX
HYD000728;HYDROFLEX
HYD000729;HYDROFLEX
HYD000729;HYDROFLEX
HYD000729;HYDROFLEX
HYD000730;HYDROFLEX
HYD000730;HYDROFLEX
HYD000730;HYDROFLEX
HYD000731;HYDROFLEX
HYD000731;HYDROFLEX
HYD000731;HYDROFLEX
HYD000732;HYDROFLEX
HYD000732;HYDROFLEX
HYD000732;HYDROFLEX
HYD000733;HYDROFLEX
HYD000733;HYDROFLEX
HYD000733;HYDROFLEX
HYD000734;HYDROFLEX
HYD000734;HYDROFLEX
HYD000734;HYDROFLEX
HYD000735;HYDROFLEX
HYD000735;HYDROFLEX
HYD000735;HYDROFLEX
HYD000736;HYDROFLEX
HYD000736;HYDROFLEX
HYD000736;HYDROFLEX
HYD000737;HYDROFLEX
HYD000737;HYDROFLEX
HYD000737;HYDROFLEX
HYD000738;HYDROFLEX
HYD000738;HYDROFLEX
HYD000738;HYDROFLEX
HYD000739;HYDROFLEX
HYD000739;HYDROFLEX
HYD000739;HYDROFLEX
HYD000740;HYDROFLEX
HYD000740;HYDROFLEX
HYD000740;HYDROFLEX
HYD000741;HYDROFLEX
HYD000741;HYDROFLEX
HYD000741;HYDROFLEX
HYD000742;HYDROFLEX
HYD000742;HYDROFLEX
HYD000742;HYDROFLEX
HYD000743;HYDROFLEX
HYD000743;HYDROFLEX
HYD000743;HYDROFLEX
HYD000744;HYDROFLEX
HYD000744;HYDROFLEX
HYD000744;HYDROFLEX
HYD000745;HYDROFLEX
HYD000745;HYDROFLEX
HYD000745;HYDROFLEX
HYD000746;HYDROFLEX
HYD000746;HYDROFLEX
HYD000746;HYDROFLEX
HYD000747;HYDROFLEX
HYD000747;HYDROFLEX
HYD000747;HYDROFLEX
HYD000748;HYDROFLEX
HYD000748;HYDROFLEX
HYD000748;HYDROFLEX
HYD000749;HYDROFLEX
HYD000749;HYDROFLEX
HYD000749;HYDROFLEX
HYD000750;HYDROFLEX
HYD000750;HYDROFLEX
HYD000750;HYDROFLEX
HYD000751;HYDROFLEX
HYD000751;HYDROFLEX
HYD000751;HYDROFLEX
HYD000752;HYDROFLEX
HYD000752;HYDROFLEX
HYD000752;HYDROFLEX
HYD000753;HYDROFLEX
HYD000753;HYDROFLEX
HYD000753;HYDROFLEX
HYD000754;HYDROFLEX
HYD000754;HYDROFLEX
HYD000754;HYDROFLEX
HYD000755;HYDROFLEX
HYD000755;HYDROFLEX
HYD000755;HYDROFLEX
HYD000756;HYDROFLEX
HYD000756;HYDROFLEX
HYD000756;HYDROFLEX
HYD000757;HYDROFLEX
HYD000757;HYDROFLEX
HYD000757;HYDROFLEX
HYD000758;HYDROFLEX
HYD000758;HYDROFLEX
HYD000758;HYDROFLEX
HYD000759;HYDROFLEX
HYD000759;HYDROFLEX
HYD000759;HYDROFLEX
HYD000760;HYDROFLEX
HYD000760;HYDROFLEX
HYD000760;HYDROFLEX
HYD000761;HYDROFLEX
HYD000761;HYDROFLEX
HYD000761;HYDROFLEX
HYD000762;HYDROFLEX
HYD000762;HYDROFLEX
HYD000762;HYDROFLEX
HYD000763;HYDROFLEX
HYD000763;HYDROFLEX
HYD000763;HYDROFLEX
HYD000764;HYDROFLEX
HYD000764;HYDROFLEX
HYD000764;HYDROFLEX
HYD000765;HYDROFLEX
HYD000765;HYDROFLEX
HYD000765;HYDROFLEX
HYD000766;HYDROFLEX
HYD000766;HYDROFLEX
HYD000766;HYDROFLEX
HYD000767;HYDROFLEX
HYD000767;HYDROFLEX
HYD000767;HYDROFLEX
HYD000768;HYDROFLEX
HYD000768;HYDROFLEX
HYD000768;HYDROFLEX
HYD000769;HYDROFLEX
HYD000769;HYDROFLEX
HYD000769;HYDROFLEX
HYD000770;HYDROFLEX
HYD000770;HYDROFLEX
HYD000770;HYDROFLEX
HYD000771;HYDROFLEX
HYD000771;HYDROFLEX
HYD000771;HYDROFLEX
HYD000772;HYDROFLEX
HYD000772;HYDROFLEX
HYD000772;HYDROFLEX
HYD000773;HYDROFLEX
HYD000773;HYDROFLEX
HYD000773;HYDROFLEX
HYD000774;HYDROFLEX
HYD000774;HYDROFLEX
HYD000774;HYDROFLEX
HYD000775;HYDROFLEX
HYD000775;HYDROFLEX
HYD000775;HYDROFLEX
HYD000776;HYDROFLEX
HYD000776;HYDROFLEX
HYD000776;HYDROFLEX
HYD000777;HYDROFLEX
HYD000777;HYDROFLEX
HYD000777;HYDROFLEX
HYD000778;HYDROFLEX
HYD000778;HYDROFLEX
HYD000778;HYDROFLEX
HYD000779;HYDROFLEX
HYD000779;HYDROFLEX
HYD000779;HYDROFLEX
HYD000780;HYDROFLEX
HYD000780;HYDROFLEX
HYD000780;HYDROFLEX
HYD000781;HYDROFLEX
HYD000781;HYDROFLEX
HYD000781;HYDROFLEX
HYD000782;HYDROFLEX
HYD000782;HYDROFLEX
HYD000782;HYDROFLEX
HYD000783;HYDROFLEX
HYD000783;HYDROFLEX
HYD000783;HYDROFLEX
HYD000785;HYDROFLEX
HYD000785;HYDROFLEX
HYD000785;HYDROFLEX
HYD000786;HYDROFLEX
HYD000786;HYDROFLEX
HYD000786;HYDROFLEX
HYD000787;HYDROFLEX
HYD000787;HYDROFLEX
HYD000787;HYDROFLEX
HYD000788;HYDROFLEX
HYD000788;HYDROFLEX
HYD000788;HYDROFLEX
HYD000789;HYDROFLEX
HYD000789;HYDROFLEX
HYD000789;HYDROFLEX
HYD000790;HYDROFLEX
HYD000790;HYDROFLEX
HYD000790;HYDROFLEX
HYD000791;HYDROFLEX
HYD000791;HYDROFLEX
HYD000791;HYDROFLEX
HYD000792;HYDROFLEX
HYD000792;HYDROFLEX
HYD000792;HYDROFLEX
HYD000793;HYDROFLEX
HYD000793;HYDROFLEX
HYD000793;HYDROFLEX
HYD000794;HYDROFLEX
HYD000794;HYDROFLEX
HYD000794;HYDROFLEX
HYD000795;HYDROFLEX
HYD000795;HYDROFLEX
HYD000795;HYDROFLEX
HYD000796;HYDROFLEX
HYD000796;HYDROFLEX
HYD000796;HYDROFLEX
HYD000797;HYDROFLEX
HYD000797;HYDROFLEX
HYD000797;HYDROFLEX
HYD000798;HYDROFLEX
HYD000798;HYDROFLEX
HYD000798;HYDROFLEX
HYD000799;HYDROFLEX
HYD000799;HYDROFLEX
HYD000799;HYDROFLEX
HYD000800;HYDROFLEX
HYD000800;HYDROFLEX
HYD000800;HYDROFLEX
HYD000801;HYDROFLEX
HYD000801;HYDROFLEX
HYD000801;HYDROFLEX
HYD000802;HYDROFLEX
HYD000802;HYDROFLEX
HYD000802;HYDROFLEX
HYD000803;HYDROFLEX
HYD000803;HYDROFLEX
HYD000803;HYDROFLEX
HYD000804;HYDROFLEX
HYD000804;HYDROFLEX
HYD000804;HYDROFLEX
HYD000805;HYDROFLEX
HYD000805;HYDROFLEX
HYD000805;HYDROFLEX
HYD000806;HYDROFLEX
HYD000806;HYDROFLEX
HYD000806;HYDROFLEX
HYD000807;HYDROFLEX
HYD000807;HYDROFLEX
HYD000807;HYDROFLEX
HYD000808;HYDROFLEX
HYD000808;HYDROFLEX
HYD000808;HYDROFLEX
HYD000809;HYDROFLEX
HYD000809;HYDROFLEX
HYD000809;HYDROFLEX
HYD000810;HYDROFLEX
HYD000810;HYDROFLEX
HYD000810;HYDROFLEX
HYD000811;HYDROFLEX
HYD000811;HYDROFLEX
HYD000811;HYDROFLEX
HYD000812;HYDROFLEX
HYD000812;HYDROFLEX
HYD000812;HYDROFLEX
HYD000813;HYDROFLEX
HYD000813;HYDROFLEX
HYD000813;HYDROFLEX
HYD000814;HYDROFLEX
HYD000814;HYDROFLEX
HYD000814;HYDROFLEX
HYD000815;HYDROFLEX
HYD000815;HYDROFLEX
HYD000815;HYDROFLEX
HYD000816;HYDROFLEX
HYD000816;HYDROFLEX
HYD000816;HYDROFLEX
HYD000817;HYDROFLEX
HYD000817;HYDROFLEX
HYD000817;HYDROFLEX
HYD000818;HYDROFLEX
HYD000818;HYDROFLEX
HYD000818;HYDROFLEX
HYD000819;HYDROFLEX
HYD000819;HYDROFLEX
HYD000819;HYDROFLEX
HYD000820;HYDROFLEX
HYD000820;HYDROFLEX
HYD000820;HYDROFLEX
HYD000821;HYDROFLEX
HYD000821;HYDROFLEX
HYD000821;HYDROFLEX
HYD000822;HYDROFLEX
HYD000822;HYDROFLEX
HYD000822;HYDROFLEX
HYD000823;HYDROFLEX
HYD000823;HYDROFLEX
HYD000823;HYDROFLEX
HYD000824;HYDROFLEX
HYD000824;HYDROFLEX
HYD000824;HYDROFLEX
HYD000825;HYDROFLEX
HYD000825;HYDROFLEX
HYD000825;HYDROFLEX
HYD000826;HYDROFLEX
HYD000826;HYDROFLEX
HYD000826;HYDROFLEX
HYD000827;HYDROFLEX
HYD000827;HYDROFLEX
HYD000827;HYDROFLEX
HYD000828;HYDROFLEX
HYD000828;HYDROFLEX
HYD000828;HYDROFLEX
HYD000829;HYDROFLEX
HYD000829;HYDROFLEX
HYD000829;HYDROFLEX
HYD000830;HYDROFLEX
HYD000830;HYDROFLEX
HYD000830;HYDROFLEX
HYD000831;HYDROFLEX
HYD000831;HYDROFLEX
HYD000831;HYDROFLEX
HYD000832;HYDROFLEX
HYD000832;HYDROFLEX
HYD000832;HYDROFLEX
HYD000833;HYDROFLEX
HYD000833;HYDROFLEX
HYD000833;HYDROFLEX
HYD000834;HYDROFLEX
HYD000834;HYDROFLEX
HYD000834;HYDROFLEX
HYD000835;HYDROFLEX
HYD000835;HYDROFLEX
HYD000835;HYDROFLEX
HYD000836;HYDROFLEX
HYD000836;HYDROFLEX
HYD000836;HYDROFLEX
HYD000837;HYDROFLEX
HYD000837;HYDROFLEX
HYD000837;HYDROFLEX
HYD000838;HYDROFLEX
HYD000838;HYDROFLEX
HYD000838;HYDROFLEX
HYD000839;HYDROFLEX
HYD000839;HYDROFLEX
HYD000839;HYDROFLEX
HYD000840;HYDROFLEX
HYD000840;HYDROFLEX
HYD000840;HYDROFLEX
HYD000841;HYDROFLEX
HYD000841;HYDROFLEX
HYD000841;HYDROFLEX
HYD000842;HYDROFLEX
HYD000842;HYDROFLEX
HYD000842;HYDROFLEX
HYD000843;HYDROFLEX
HYD000843;HYDROFLEX
HYD000843;HYDROFLEX
HYD000844;HYDROFLEX
HYD000844;HYDROFLEX
HYD000844;HYDROFLEX
HYD000845;HYDROFLEX
HYD000845;HYDROFLEX
HYD000845;HYDROFLEX
HYD000846;HYDROFLEX
HYD000846;HYDROFLEX
HYD000846;HYDROFLEX
HYD000847;HYDROFLEX
HYD000847;HYDROFLEX
HYD000847;HYDROFLEX
HYD000848;HYDROFLEX
HYD000848;HYDROFLEX
HYD000848;HYDROFLEX
HYD000849;HYDROFLEX
HYD000849;HYDROFLEX
HYD000849;HYDROFLEX
HYD000850;HYDROFLEX
HYD000850;HYDROFLEX
HYD000850;HYDROFLEX
HYD000851;HYDROFLEX
HYD000851;HYDROFLEX
HYD000851;HYDROFLEX
HYD000852;HYDROFLEX
HYD000852;HYDROFLEX
HYD000852;HYDROFLEX
HYD000853;HYDROFLEX
HYD000853;HYDROFLEX
HYD000853;HYDROFLEX
HYD000854;HYDROFLEX
HYD000854;HYDROFLEX
HYD000854;HYDROFLEX
HYD000855;HYDROFLEX
HYD000855;HYDROFLEX
HYD000855;HYDROFLEX
HYD000856;HYDROFLEX
HYD000856;HYDROFLEX
HYD000856;HYDROFLEX
HYD000857;HYDROFLEX
HYD000857;HYDROFLEX
HYD000857;HYDROFLEX
HYD000858;HYDROFLEX
HYD000858;HYDROFLEX
HYD000858;HYDROFLEX
HYD000859;HYDROFLEX
HYD000859;HYDROFLEX
HYD000859;HYDROFLEX
HYD000860;HYDROFLEX
HYD000860;HYDROFLEX
HYD000860;HYDROFLEX
HYD000861;HYDROFLEX
HYD000861;HYDROFLEX
HYD000861;HYDROFLEX
HYD000862;HYDROFLEX
HYD000862;HYDROFLEX
HYD000862;HYDROFLEX
HYD000863;HYDROFLEX
HYD000863;HYDROFLEX
HYD000863;HYDROFLEX
HYD000864;HYDROFLEX
HYD000864;HYDROFLEX
HYD000864;HYDROFLEX
HYD000865;HYDROFLEX
HYD000865;HYDROFLEX
HYD000865;HYDROFLEX
HYD000866;HYDROFLEX
HYD000866;HYDROFLEX
HYD000866;HYDROFLEX
HYD000867;HYDROFLEX
HYD000867;HYDROFLEX
HYD000867;HYDROFLEX
HYD000868;HYDROFLEX
HYD000868;HYDROFLEX
HYD000868;HYDROFLEX
HYD000869;HYDROFLEX
HYD000869;HYDROFLEX
HYD000869;HYDROFLEX
HYD000870;HYDROFLEX
HYD000870;HYDROFLEX
HYD000870;HYDROFLEX
HYD000871;HYDROFLEX
HYD000871;HYDROFLEX
HYD000871;HYDROFLEX
HYD000872;HYDROFLEX
HYD000872;HYDROFLEX
HYD000872;HYDROFLEX
HYD000873;HYDROFLEX
HYD000873;HYDROFLEX
HYD000873;HYDROFLEX
HYD000874;HYDROFLEX
HYD000874;HYDROFLEX
HYD000874;HYDROFLEX
HYD000875;HYDROFLEX
HYD000875;HYDROFLEX
HYD000875;HYDROFLEX
HYD000876;HYDROFLEX
HYD000876;HYDROFLEX
HYD000876;HYDROFLEX
HYD000877;HYDROFLEX
HYD000877;HYDROFLEX
HYD000877;HYDROFLEX
HYD000878;HYDROFLEX
HYD000878;HYDROFLEX
HYD000878;HYDROFLEX
HYD000879;HYDROFLEX
HYD000879;HYDROFLEX
HYD000879;HYDROFLEX
HYD000880;HYDROFLEX
HYD000880;HYDROFLEX
HYD000880;HYDROFLEX
HYD000881;HYDROFLEX
HYD000881;HYDROFLEX
HYD000881;HYDROFLEX
HYD000882;HYDROFLEX
HYD000882;HYDROFLEX
HYD000882;HYDROFLEX
HYD000883;HYDROFLEX
HYD000883;HYDROFLEX
HYD000883;HYDROFLEX
HYD000884;HYDROFLEX
HYD000884;HYDROFLEX
HYD000884;HYDROFLEX
HYD000885;HYDROFLEX
HYD000885;HYDROFLEX
HYD000885;HYDROFLEX
HYD000886;HYDROFLEX
HYD000886;HYDROFLEX
HYD000886;HYDROFLEX
HYD000887;HYDROFLEX
HYD000887;HYDROFLEX
HYD000887;HYDROFLEX
HYD000888;HYDROFLEX
HYD000888;HYDROFLEX
HYD000888;HYDROFLEX
HYD000889;HYDROFLEX
HYD000889;HYDROFLEX
HYD000889;HYDROFLEX
HYD000890;HYDROFLEX
HYD000890;HYDROFLEX
HYD000890;HYDROFLEX
HYD000891;HYDROFLEX
HYD000891;HYDROFLEX
HYD000891;HYDROFLEX
HYD000892;HYDROFLEX
HYD000892;HYDROFLEX
HYD000892;HYDROFLEX
HYD000893;HYDROFLEX
HYD000893;HYDROFLEX
HYD000893;HYDROFLEX
HYD000894;HYDROFLEX
HYD000894;HYDROFLEX
HYD000894;HYDROFLEX
HYD000895;HYDROFLEX
HYD000895;HYDROFLEX
HYD000895;HYDROFLEX
HYD000896;HYDROFLEX
HYD000896;HYDROFLEX
HYD000896;HYDROFLEX
HYD000897;HYDROFLEX
HYD000897;HYDROFLEX
HYD000897;HYDROFLEX
HYD000898;HYDROFLEX
HYD000898;HYDROFLEX
HYD000898;HYDROFLEX
HYD000899;HYDROFLEX
HYD000899;HYDROFLEX
HYD000899;HYDROFLEX
HYD000900;HYDROFLEX
HYD000900;HYDROFLEX
HYD000900;HYDROFLEX
HYD000901;HYDROFLEX
HYD000901;HYDROFLEX
HYD000901;HYDROFLEX
HYD000902;HYDROFLEX
HYD000902;HYDROFLEX
HYD000902;HYDROFLEX
HYD000903;HYDROFLEX
HYD000903;HYDROFLEX
HYD000903;HYDROFLEX
HYD000904;HYDROFLEX
HYD000904;HYDROFLEX
HYD000904;HYDROFLEX
HYD000905;HYDROFLEX
HYD000905;HYDROFLEX
HYD000905;HYDROFLEX
HYD000906;HYDROFLEX
HYD000906;HYDROFLEX
HYD000906;HYDROFLEX
HYD000907;HYDROFLEX
HYD000907;HYDROFLEX
HYD000907;HYDROFLEX
HYD000908;HYDROFLEX
HYD000908;HYDROFLEX
HYD000908;HYDROFLEX
HYD000909;HYDROFLEX
HYD000909;HYDROFLEX
HYD000909;HYDROFLEX
HYD000910;HYDROFLEX
HYD000910;HYDROFLEX
HYD000910;HYDROFLEX
HYD000911;HYDROFLEX
HYD000911;HYDROFLEX
HYD000911;HYDROFLEX
HYD000912;HYDROFLEX
HYD000912;HYDROFLEX
HYD000912;HYDROFLEX
HYD000913;HYDROFLEX
HYD000913;HYDROFLEX
HYD000913;HYDROFLEX
HYD000914;HYDROFLEX
HYD000914;HYDROFLEX
HYD000914;HYDROFLEX
HYD000915;HYDROFLEX
HYD000915;HYDROFLEX
HYD000915;HYDROFLEX
HYD000916;HYDROFLEX
HYD000916;HYDROFLEX
HYD000916;HYDROFLEX
HYD000917;HYDROFLEX
HYD000917;HYDROFLEX
HYD000917;HYDROFLEX
HYD000919;HYDROFLEX
HYD000919;HYDROFLEX
HYD000919;HYDROFLEX
HYD000920;HYDROFLEX
HYD000920;HYDROFLEX
HYD000920;HYDROFLEX
HYD000921;HYDROFLEX
HYD000921;HYDROFLEX
HYD000921;HYDROFLEX
HYD000922;HYDROFLEX
HYD000922;HYDROFLEX
HYD000922;HYDROFLEX
HYD000923;HYDROFLEX
HYD000923;HYDROFLEX
HYD000923;HYDROFLEX
HYD000924;HYDROFLEX
HYD000924;HYDROFLEX
HYD000924;HYDROFLEX
HYD000925;HYDROFLEX
HYD000925;HYDROFLEX
HYD000925;HYDROFLEX
HYD000926;HYDROFLEX
HYD000926;HYDROFLEX
HYD000926;HYDROFLEX
HYD000927;HYDROFLEX
HYD000927;HYDROFLEX
HYD000927;HYDROFLEX
HYD000928;HYDROFLEX
HYD000928;HYDROFLEX
HYD000928;HYDROFLEX
HYD000929;HYDROFLEX
HYD000929;HYDROFLEX
HYD000929;HYDROFLEX
HYD000930;HYDROFLEX
HYD000930;HYDROFLEX
HYD000930;HYDROFLEX
HYD000935;HYDROFLEX
HYD000935;HYDROFLEX
HYD000935;HYDROFLEX
HYD000936;HYDROFLEX
HYD000936;HYDROFLEX
HYD000936;HYDROFLEX
HYD000937;HYDROFLEX
HYD000937;HYDROFLEX
HYD000937;HYDROFLEX
HYD000938;HYDROFLEX
HYD000938;HYDROFLEX
HYD000938;HYDROFLEX
HYD000939;HYDROFLEX
HYD000939;HYDROFLEX
HYD000939;HYDROFLEX
HYD000940;HYDROFLEX
HYD000940;HYDROFLEX
HYD000940;HYDROFLEX
HYD000941;HYDROFLEX
HYD000941;HYDROFLEX
HYD000941;HYDROFLEX
HYD000942;HYDROFLEX
HYD000942;HYDROFLEX
HYD000942;HYDROFLEX
HYD000943;HYDROFLEX
HYD000943;HYDROFLEX
HYD000943;HYDROFLEX
HYD000944;HYDROFLEX
HYD000944;HYDROFLEX
HYD000944;HYDROFLEX
HYD000945;HYDROFLEX
HYD000945;HYDROFLEX
HYD000945;HYDROFLEX
HYD000946;HYDROFLEX
HYD000946;HYDROFLEX
HYD000946;HYDROFLEX
HYD000947;HYDROFLEX
HYD000947;HYDROFLEX
HYD000947;HYDROFLEX
HYD000948;HYDROFLEX
HYD000948;HYDROFLEX
HYD000948;HYDROFLEX
HYD000949;HYDROFLEX
HYD000949;HYDROFLEX
HYD000949;HYDROFLEX
HYD000950;HYDROFLEX
HYD000950;HYDROFLEX
HYD000950;HYDROFLEX
HYD000951;HYDROFLEX
HYD000951;HYDROFLEX
HYD000951;HYDROFLEX
HYD000952;HYDROFLEX
HYD000952;HYDROFLEX
HYD000952;HYDROFLEX
HYD000953;HYDROFLEX
HYD000953;HYDROFLEX
HYD000953;HYDROFLEX
HYD000954;HYDROFLEX
HYD000954;HYDROFLEX
HYD000954;HYDROFLEX
HYD000955;HYDROFLEX
HYD000955;HYDROFLEX
HYD000955;HYDROFLEX
HYD000956;HYDROFLEX
HYD000956;HYDROFLEX
HYD000956;HYDROFLEX
HYD000957;HYDROFLEX
HYD000957;HYDROFLEX
HYD000957;HYDROFLEX
HYD000958;HYDROFLEX
HYD000958;HYDROFLEX
HYD000958;HYDROFLEX
HYD000959;HYDROFLEX
HYD000959;HYDROFLEX
HYD000959;HYDROFLEX
HYD000960;HYDROFLEX
HYD000960;HYDROFLEX
HYD000960;HYDROFLEX
HYD0009612;HYDROFLEX
HYD0009612;HYDROFLEX
HYD0009612;HYDROFLEX
HYD000962;HYDROFLEX
HYD000962;HYDROFLEX
HYD000962;HYDROFLEX
HYD000963;HYDROFLEX
HYD000963;HYDROFLEX
HYD000963;HYDROFLEX
HYD000964;HYDROFLEX
HYD000964;HYDROFLEX
HYD000964;HYDROFLEX
HYD000965;HYDROFLEX
HYD000965;HYDROFLEX
HYD000965;HYDROFLEX
HYD000966;HYDROFLEX
HYD000966;HYDROFLEX
HYD000966;HYDROFLEX
HYD000967;HYDROFLEX
HYD000967;HYDROFLEX
HYD000967;HYDROFLEX
HYD000968;HYDROFLEX
HYD000968;HYDROFLEX
HYD000968;HYDROFLEX
HYD000969;HYDROFLEX
HYD000969;HYDROFLEX
HYD000969;HYDROFLEX
HYD000970;HYDROFLEX
HYD000970;HYDROFLEX
HYD000970;HYDROFLEX
HYD000971;HYDROFLEX
HYD000971;HYDROFLEX
HYD000971;HYDROFLEX
HYD000972;HYDROFLEX
HYD000972;HYDROFLEX
HYD000972;HYDROFLEX
HYD000973;HYDROFLEX
HYD000973;HYDROFLEX
HYD000973;HYDROFLEX
HYD000974;HYDROFLEX
HYD000974;HYDROFLEX
HYD000974;HYDROFLEX
HYD000975;HYDROFLEX
HYD000975;HYDROFLEX
HYD000975;HYDROFLEX
HYD000976;HYDROFLEX
HYD000976;HYDROFLEX
HYD000976;HYDROFLEX
HYD000977;HYDROFLEX
HYD000977;HYDROFLEX
HYD000977;HYDROFLEX
HYD000978;HYDROFLEX
HYD000978;HYDROFLEX
HYD000978;HYDROFLEX
HYD000979;HYDROFLEX
HYD000979;HYDROFLEX
HYD000979;HYDROFLEX
HYD000980;HYDROFLEX
HYD000980;HYDROFLEX
HYD000980;HYDROFLEX
HYD000981;HYDROFLEX
HYD000981;HYDROFLEX
HYD000981;HYDROFLEX
HYD000982;HYDROFLEX
HYD000982;HYDROFLEX
HYD000982;HYDROFLEX
HYD000983;HYDROFLEX
HYD000983;HYDROFLEX
HYD000983;HYDROFLEX
HYD000984;HYDROFLEX
HYD000984;HYDROFLEX
HYD000984;HYDROFLEX
HYD000985;HYDROFLEX
HYD000985;HYDROFLEX
HYD000985;HYDROFLEX
HYD000986;HYDROFLEX
HYD000986;HYDROFLEX
HYD000986;HYDROFLEX
HYD000987;HYDROFLEX
HYD000987;HYDROFLEX
HYD000987;HYDROFLEX
HYD000988;HYDROFLEX
HYD000988;HYDROFLEX
HYD000988;HYDROFLEX
HYD000989;HYDROFLEX
HYD000989;HYDROFLEX
HYD000989;HYDROFLEX
HYD000990;HYDROFLEX
HYD000990;HYDROFLEX
HYD000990;HYDROFLEX
HYD000991;HYDROFLEX
HYD000991;HYDROFLEX
HYD000991;HYDROFLEX
HYD000992;HYDROFLEX
HYD000992;HYDROFLEX
HYD000992;HYDROFLEX
HYD000993;HYDROFLEX
HYD000993;HYDROFLEX
HYD000993;HYDROFLEX
HYD000994;HYDROFLEX
HYD000994;HYDROFLEX
HYD000994;HYDROFLEX
HYD000995;HYDROFLEX
HYD000995;HYDROFLEX
HYD000995;HYDROFLEX
HYD000996;HYDROFLEX
HYD000996;HYDROFLEX
HYD000996;HYDROFLEX
HYD000997;HYDROFLEX
HYD000997;HYDROFLEX
HYD000997;HYDROFLEX
HYD000998;HYDROFLEX
HYD000998;HYDROFLEX
HYD000998;HYDROFLEX
HYD000999;HYDROFLEX
HYD000999;HYDROFLEX
HYD000999;HYDROFLEX
HYD001000;HYDROFLEX
HYD001000;HYDROFLEX
HYD001000;HYDROFLEX
HYD001001;HYDROFLEX
HYD001001;HYDROFLEX
HYD001001;HYDROFLEX
HYD001002;HYDROFLEX
HYD001002;HYDROFLEX
HYD001002;HYDROFLEX
HYD001003;HYDROFLEX
HYD001003;HYDROFLEX
HYD001003;HYDROFLEX
HYD001004;HYDROFLEX
HYD001004;HYDROFLEX
HYD001004;HYDROFLEX
HYD001005;HYDROFLEX
HYD001005;HYDROFLEX
HYD001005;HYDROFLEX
HYD001006;HYDROFLEX
HYD001006;HYDROFLEX
HYD001006;HYDROFLEX
HYD001007;HYDROFLEX
HYD001007;HYDROFLEX
HYD001007;HYDROFLEX
HYD001008;HYDROFLEX
HYD001008;HYDROFLEX
HYD001008;HYDROFLEX
HYD001009;HYDROFLEX
HYD001009;HYDROFLEX
HYD001009;HYDROFLEX
HYD001010;HYDROFLEX
HYD001010;HYDROFLEX
HYD001010;HYDROFLEX
HYD001011;HYDROFLEX
HYD001011;HYDROFLEX
HYD001011;HYDROFLEX
HYD001012;HYDROFLEX
HYD001012;HYDROFLEX
HYD001012;HYDROFLEX
HYD001013;HYDROFLEX
HYD001013;HYDROFLEX
HYD001013;HYDROFLEX
HYD001014;HYDROFLEX
HYD001014;HYDROFLEX
HYD001014;HYDROFLEX
HYD001015;HYDROFLEX
HYD001015;HYDROFLEX
HYD001015;HYDROFLEX
HYD001016;HYDROFLEX
HYD001016;HYDROFLEX
HYD001016;HYDROFLEX
HYD001017;HYDROFLEX
HYD001017;HYDROFLEX
HYD001017;HYDROFLEX
HYD001018;HYDROFLEX
HYD001018;HYDROFLEX
HYD001018;HYDROFLEX
HYD001019;HYDROFLEX
HYD001019;HYDROFLEX
HYD001019;HYDROFLEX
HYD001020;HYDROFLEX
HYD001020;HYDROFLEX
HYD001020;HYDROFLEX
HYD001021;HYDROFLEX
HYD001021;HYDROFLEX
HYD001021;HYDROFLEX
HYD001022;HYDROFLEX
HYD001022;HYDROFLEX
HYD001022;HYDROFLEX
HYD001023;HYDROFLEX
HYD001023;HYDROFLEX
HYD001023;HYDROFLEX
HYD001024;HYDROFLEX
HYD001024;HYDROFLEX
HYD001024;HYDROFLEX
HYD001025;HYDROFLEX
HYD001025;HYDROFLEX
HYD001025;HYDROFLEX
HYD001026;HYDROFLEX
HYD001026;HYDROFLEX
HYD001026;HYDROFLEX
HYD001027;HYDROFLEX
HYD001027;HYDROFLEX
HYD001027;HYDROFLEX
HYD001028;HYDROFLEX
HYD001028;HYDROFLEX
HYD001028;HYDROFLEX
HYD001029;HYDROFLEX
HYD001029;HYDROFLEX
HYD001029;HYDROFLEX
HYD001030;HYDROFLEX
HYD001030;HYDROFLEX
HYD001030;HYDROFLEX
HYD001031;HYDROFLEX
HYD001031;HYDROFLEX
HYD001031;HYDROFLEX
HYD001032;HYDROFLEX
HYD001032;HYDROFLEX
HYD001032;HYDROFLEX
HYD001033;HYDROFLEX
HYD001033;HYDROFLEX
HYD001033;HYDROFLEX
HYD001034;HYDROFLEX
HYD001034;HYDROFLEX
HYD001034;HYDROFLEX
HYD001035;HYDROFLEX
HYD001035;HYDROFLEX
HYD001035;HYDROFLEX
HYD001036;HYDROFLEX
HYD001036;HYDROFLEX
HYD001036;HYDROFLEX
HYD001037;HYDROFLEX
HYD001037;HYDROFLEX
HYD001037;HYDROFLEX
HYD001038;HYDROFLEX
HYD001038;HYDROFLEX
HYD001038;HYDROFLEX
HYD001039;HYDROFLEX
HYD001039;HYDROFLEX
HYD001039;HYDROFLEX
HYD001040;HYDROFLEX
HYD001040;HYDROFLEX
HYD001040;HYDROFLEX
HYD001041;HYDROFLEX
HYD001041;HYDROFLEX
HYD001041;HYDROFLEX
HYD001042;HYDROFLEX
HYD001042;HYDROFLEX
HYD001042;HYDROFLEX
HYD001043;HYDROFLEX
HYD001043;HYDROFLEX
HYD001043;HYDROFLEX
HYD001044;HYDROFLEX
HYD001044;HYDROFLEX
HYD001044;HYDROFLEX
HYD001045;HYDROFLEX
HYD001045;HYDROFLEX
HYD001045;HYDROFLEX
HYD001046;HYDROFLEX
HYD001046;HYDROFLEX
HYD001046;HYDROFLEX
HYD001047;HYDROFLEX
HYD001047;HYDROFLEX
HYD001047;HYDROFLEX
HYD001048;HYDROFLEX
HYD001048;HYDROFLEX
HYD001048;HYDROFLEX
HYD001049;HYDROFLEX
HYD001049;HYDROFLEX
HYD001049;HYDROFLEX
HYD001050;HYDROFLEX
HYD001050;HYDROFLEX
HYD001050;HYDROFLEX
HYD001051;HYDROFLEX
HYD001051;HYDROFLEX
HYD001051;HYDROFLEX
HYD001052;HYDROFLEX
HYD001052;HYDROFLEX
HYD001052;HYDROFLEX
HYD001053;HYDROFLEX
HYD001053;HYDROFLEX
HYD001053;HYDROFLEX
HYD001054;HYDROFLEX
HYD001054;HYDROFLEX
HYD001054;HYDROFLEX
HYD001055;HYDROFLEX
HYD001055;HYDROFLEX
HYD001055;HYDROFLEX
HYD001056;HYDROFLEX
HYD001056;HYDROFLEX
HYD001056;HYDROFLEX
HYD001057;HYDROFLEX
HYD001057;HYDROFLEX
HYD001057;HYDROFLEX
HYD001058;HYDROFLEX
HYD001058;HYDROFLEX
HYD001058;HYDROFLEX
HYD001059;HYDROFLEX
HYD001059;HYDROFLEX
HYD001059;HYDROFLEX
HYD001060;HYDROFLEX
HYD001060;HYDROFLEX
HYD001060;HYDROFLEX
HYD001061;HYDROFLEX
HYD001061;HYDROFLEX
HYD001061;HYDROFLEX
HYD001062;HYDROFLEX
HYD001062;HYDROFLEX
HYD001062;HYDROFLEX
HYD001063;HYDROFLEX
HYD001063;HYDROFLEX
HYD001063;HYDROFLEX
HYD001064;HYDROFLEX
HYD001064;HYDROFLEX
HYD001064;HYDROFLEX
HYD001065;HYDROFLEX
HYD001065;HYDROFLEX
HYD001065;HYDROFLEX
HYD001066;HYDROFLEX
HYD001066;HYDROFLEX
HYD001066;HYDROFLEX
HYD001067;HYDROFLEX
HYD001067;HYDROFLEX
HYD001067;HYDROFLEX
HYD001068;HYDROFLEX
HYD001068;HYDROFLEX
HYD001068;HYDROFLEX
HYD001069;HYDROFLEX
HYD001069;HYDROFLEX
HYD001069;HYDROFLEX
HYD001070;HYDROFLEX
HYD001070;HYDROFLEX
HYD001070;HYDROFLEX
HYD001071;HYDROFLEX
HYD001071;HYDROFLEX
HYD001071;HYDROFLEX
HYD001072;HYDROFLEX
HYD001072;HYDROFLEX
HYD001072;HYDROFLEX
HYD001073;HYDROFLEX
HYD001073;HYDROFLEX
HYD001073;HYDROFLEX
HYD001074;HYDROFLEX
HYD001074;HYDROFLEX
HYD001074;HYDROFLEX
HYD001075;HYDROFLEX
HYD001075;HYDROFLEX
HYD001075;HYDROFLEX
HYD001076;HYDROFLEX
HYD001076;HYDROFLEX
HYD001076;HYDROFLEX
HYD001077;HYDROFLEX
HYD001077;HYDROFLEX
HYD001077;HYDROFLEX
HYD001078;HYDROFLEX
HYD001078;HYDROFLEX
HYD001078;HYDROFLEX
HYD001079;HYDROFLEX
HYD001079;HYDROFLEX
HYD001079;HYDROFLEX
HYD001080;HYDROFLEX
HYD001080;HYDROFLEX
HYD001080;HYDROFLEX
HYD001081;HYDROFLEX
HYD001081;HYDROFLEX
HYD001081;HYDROFLEX
HYD001082;HYDROFLEX
HYD001082;HYDROFLEX
HYD001082;HYDROFLEX
HYD001083;HYDROFLEX
HYD001083;HYDROFLEX
HYD001083;HYDROFLEX
HYD001084;HYDROFLEX
HYD001084;HYDROFLEX
HYD001084;HYDROFLEX
HYD001085;HYDROFLEX
HYD001085;HYDROFLEX
HYD001085;HYDROFLEX
HYD001086;HYDROFLEX
HYD001086;HYDROFLEX
HYD001086;HYDROFLEX
HYD001087;HYDROFLEX
HYD001087;HYDROFLEX
HYD001087;HYDROFLEX
HYD001088;HYDROFLEX
HYD001088;HYDROFLEX
HYD001088;HYDROFLEX
HYD001089;HYDROFLEX
HYD001089;HYDROFLEX
HYD001089;HYDROFLEX
HYD001090;HYDROFLEX
HYD001090;HYDROFLEX
HYD001090;HYDROFLEX
HYD001091;HYDROFLEX
HYD001091;HYDROFLEX
HYD001091;HYDROFLEX
HYD001092;HYDROFLEX
HYD001092;HYDROFLEX
HYD001092;HYDROFLEX
HYD001093;HYDROFLEX
HYD001093;HYDROFLEX
HYD001093;HYDROFLEX
HYD001094;HYDROFLEX
HYD001094;HYDROFLEX
HYD001094;HYDROFLEX
HYD001095;HYDROFLEX
HYD001095;HYDROFLEX
HYD001095;HYDROFLEX
HYD001096;HYDROFLEX
HYD001096;HYDROFLEX
HYD001096;HYDROFLEX
HYD001097;HYDROFLEX
HYD001097;HYDROFLEX
HYD001097;HYDROFLEX
HYD001098;HYDROFLEX
HYD001098;HYDROFLEX
HYD001098;HYDROFLEX
HYD001099;HYDROFLEX
HYD001099;HYDROFLEX
HYD001099;HYDROFLEX
HYD001100;HYDROFLEX
HYD001100;HYDROFLEX
HYD001100;HYDROFLEX
HYD001101;HYDROFLEX
HYD001101;HYDROFLEX
HYD001101;HYDROFLEX
HYD001102;HYDROFLEX
HYD001102;HYDROFLEX
HYD001102;HYDROFLEX
HYD001103;HYDROFLEX
HYD001103;HYDROFLEX
HYD001103;HYDROFLEX
HYD001104;HYDROFLEX
HYD001104;HYDROFLEX
HYD001104;HYDROFLEX
HYD001105;HYDROFLEX
HYD001105;HYDROFLEX
HYD001105;HYDROFLEX
HYD001106;HYDROFLEX
HYD001106;HYDROFLEX
HYD001106;HYDROFLEX
HYD001107;HYDROFLEX
HYD001107;HYDROFLEX
HYD001107;HYDROFLEX
HYD001108;HYDROFLEX
HYD001108;HYDROFLEX
HYD001108;HYDROFLEX
HYD001109;HYDROFLEX
HYD001109;HYDROFLEX
HYD001109;HYDROFLEX
HYD001110;HYDROFLEX
HYD001110;HYDROFLEX
HYD001110;HYDROFLEX
HYD001111;HYDROFLEX
HYD001111;HYDROFLEX
HYD001111;HYDROFLEX
HYD001112;HYDROFLEX
HYD001112;HYDROFLEX
HYD001112;HYDROFLEX
HYD001113;HYDROFLEX
HYD001113;HYDROFLEX
HYD001113;HYDROFLEX
HYD001114;HYDROFLEX
HYD001114;HYDROFLEX
HYD001114;HYDROFLEX
HYD001115;HYDROFLEX
HYD001115;HYDROFLEX
HYD001115;HYDROFLEX
HYD001116;HYDROFLEX
HYD001116;HYDROFLEX
HYD001116;HYDROFLEX
HYD001117;HYDROFLEX
HYD001117;HYDROFLEX
HYD001117;HYDROFLEX
HYD001118;HYDROFLEX
HYD001118;HYDROFLEX
HYD001118;HYDROFLEX
HYD001119;HYDROFLEX
HYD001119;HYDROFLEX
HYD001119;HYDROFLEX
HYD001120;HYDROFLEX
HYD001120;HYDROFLEX
HYD001120;HYDROFLEX
HYD001121;HYDROFLEX
HYD001121;HYDROFLEX
HYD001121;HYDROFLEX
HYD001122;HYDROFLEX
HYD001122;HYDROFLEX
HYD001122;HYDROFLEX
HYD001123;HYDROFLEX
HYD001123;HYDROFLEX
HYD001123;HYDROFLEX
HYD001124;HYDROFLEX
HYD001124;HYDROFLEX
HYD001124;HYDROFLEX
HYD001125;HYDROFLEX
HYD001125;HYDROFLEX
HYD001125;HYDROFLEX
HYD001126;HYDROFLEX
HYD001126;HYDROFLEX
HYD001126;HYDROFLEX
HYD001127;HYDROFLEX
HYD001127;HYDROFLEX
HYD001127;HYDROFLEX
HYD001128;HYDROFLEX
HYD001128;HYDROFLEX
HYD001128;HYDROFLEX
HYD001129;HYDROFLEX
HYD001129;HYDROFLEX
HYD001129;HYDROFLEX
HYD001130;HYDROFLEX
HYD001130;HYDROFLEX
HYD001130;HYDROFLEX
HYD001131;HYDROFLEX
HYD001131;HYDROFLEX
HYD001131;HYDROFLEX
HYD001132;HYDROFLEX
HYD001132;HYDROFLEX
HYD001132;HYDROFLEX
HYD001133;HYDROFLEX
HYD001133;HYDROFLEX
HYD001133;HYDROFLEX
HYD001134;HYDROFLEX
HYD001134;HYDROFLEX
HYD001134;HYDROFLEX
HYD001135;HYDROFLEX
HYD001135;HYDROFLEX
HYD001135;HYDROFLEX
HYD001136;HYDROFLEX
HYD001136;HYDROFLEX
HYD001136;HYDROFLEX
HYD001137;HYDROFLEX
HYD001137;HYDROFLEX
HYD001137;HYDROFLEX
HYD001138;HYDROFLEX
HYD001138;HYDROFLEX
HYD001138;HYDROFLEX
HYD001139;HYDROFLEX
HYD001139;HYDROFLEX
HYD001139;HYDROFLEX
HYD001140;HYDROFLEX
HYD001140;HYDROFLEX
HYD001140;HYDROFLEX
HYD001141;HYDROFLEX
HYD001141;HYDROFLEX
HYD001141;HYDROFLEX
HYD001142;HYDROFLEX
HYD001142;HYDROFLEX
HYD001142;HYDROFLEX
HYD001143;HYDROFLEX
HYD001143;HYDROFLEX
HYD001143;HYDROFLEX
HYD001144;HYDROFLEX
HYD001144;HYDROFLEX
HYD001144;HYDROFLEX
HYD001145;HYDROFLEX
HYD001145;HYDROFLEX
HYD001145;HYDROFLEX
HYD001146;HYDROFLEX
HYD001146;HYDROFLEX
HYD001146;HYDROFLEX
HYD001147;HYDROFLEX
HYD001147;HYDROFLEX
HYD001147;HYDROFLEX
HYD001148;HYDROFLEX
HYD001148;HYDROFLEX
HYD001148;HYDROFLEX
HYD001149;HYDROFLEX
HYD001149;HYDROFLEX
HYD001149;HYDROFLEX
HYD001150;HYDROFLEX
HYD001150;HYDROFLEX
HYD001150;HYDROFLEX
HYD001151;HYDROFLEX
HYD001151;HYDROFLEX
HYD001151;HYDROFLEX
HYD001152;HYDROFLEX
HYD001152;HYDROFLEX
HYD001152;HYDROFLEX
HYD001153;HYDROFLEX
HYD001153;HYDROFLEX
HYD001153;HYDROFLEX
HYD001155;HYDROFLEX
HYD001155;HYDROFLEX
HYD001155;HYDROFLEX
HYD001156;HYDROFLEX
HYD001156;HYDROFLEX
HYD001156;HYDROFLEX
HYD001157;HYDROFLEX
HYD001157;HYDROFLEX
HYD001157;HYDROFLEX
HYD001158;HYDROFLEX
HYD001158;HYDROFLEX
HYD001158;HYDROFLEX
HYD001159;HYDROFLEX
HYD001159;HYDROFLEX
HYD001159;HYDROFLEX
HYD001160;HYDROFLEX
HYD001160;HYDROFLEX
HYD001160;HYDROFLEX
HYD001161;HYDROFLEX
HYD001161;HYDROFLEX
HYD001161;HYDROFLEX
HYD001162;HYDROFLEX
HYD001162;HYDROFLEX
HYD001162;HYDROFLEX
HYD001163;HYDROFLEX
HYD001163;HYDROFLEX
HYD001163;HYDROFLEX
HYD001164;HYDROFLEX
HYD001164;HYDROFLEX
HYD001164;HYDROFLEX
HYD001165;HYDROFLEX
HYD001165;HYDROFLEX
HYD001165;HYDROFLEX
HYD001166;HYDROFLEX
HYD001166;HYDROFLEX
HYD001166;HYDROFLEX
HYD001167;HYDROFLEX
HYD001167;HYDROFLEX
HYD001167;HYDROFLEX
HYD001168;HYDROFLEX
HYD001168;HYDROFLEX
HYD001168;HYDROFLEX
HYD001169;HYDROFLEX
HYD001169;HYDROFLEX
HYD001169;HYDROFLEX
HYD001170;HYDROFLEX
HYD001170;HYDROFLEX
HYD001170;HYDROFLEX
HYD001171;HYDROFLEX
HYD001171;HYDROFLEX
HYD001171;HYDROFLEX
HYD001172;HYDROFLEX
HYD001172;HYDROFLEX
HYD001172;HYDROFLEX
HYD001173;HYDROFLEX
HYD001173;HYDROFLEX
HYD001173;HYDROFLEX
HYD001174;HYDROFLEX
HYD001174;HYDROFLEX
HYD001174;HYDROFLEX
HYD001175;HYDROFLEX
HYD001175;HYDROFLEX
HYD001175;HYDROFLEX
HYD001176;HYDROFLEX
HYD001176;HYDROFLEX
HYD001176;HYDROFLEX
HYD001177;HYDROFLEX
HYD001177;HYDROFLEX
HYD001177;HYDROFLEX
HYD001178;HYDROFLEX
HYD001178;HYDROFLEX
HYD001178;HYDROFLEX
HYD001179;HYDROFLEX
HYD001179;HYDROFLEX
HYD001179;HYDROFLEX
HYD001180;HYDROFLEX
HYD001180;HYDROFLEX
HYD001180;HYDROFLEX
HYD001181;HYDROFLEX
HYD001181;HYDROFLEX
HYD001181;HYDROFLEX
HYD001182;HYDROFLEX
HYD001182;HYDROFLEX
HYD001182;HYDROFLEX
HYD001183;HYDROFLEX
HYD001183;HYDROFLEX
HYD001183;HYDROFLEX
HYD001184;HYDROFLEX
HYD001184;HYDROFLEX
HYD001184;HYDROFLEX
HYD001185;HYDROFLEX
HYD001185;HYDROFLEX
HYD001185;HYDROFLEX
HYD001186;HYDROFLEX
HYD001186;HYDROFLEX
HYD001186;HYDROFLEX
HYD001187;HYDROFLEX
HYD001187;HYDROFLEX
HYD001187;HYDROFLEX
HYD001188;HYDROFLEX
HYD001188;HYDROFLEX
HYD001188;HYDROFLEX
HYD001189;HYDROFLEX
HYD001189;HYDROFLEX
HYD001189;HYDROFLEX
HYD001190;HYDROFLEX
HYD001190;HYDROFLEX
HYD001190;HYDROFLEX
HYD001191;HYDROFLEX
HYD001191;HYDROFLEX
HYD001191;HYDROFLEX
HYD001192;HYDROFLEX
HYD001192;HYDROFLEX
HYD001192;HYDROFLEX
HYD001193;HYDROFLEX
HYD001193;HYDROFLEX
HYD001193;HYDROFLEX
HYD001194;HYDROFLEX
HYD001194;HYDROFLEX
HYD001194;HYDROFLEX
HYD001195;HYDROFLEX
HYD001195;HYDROFLEX
HYD001195;HYDROFLEX
HYD001196;HYDROFLEX
HYD001196;HYDROFLEX
HYD001196;HYDROFLEX
HYD001197;HYDROFLEX
HYD001197;HYDROFLEX
HYD001197;HYDROFLEX
HYD001198;HYDROFLEX
HYD001198;HYDROFLEX
HYD001198;HYDROFLEX
HYD001199;HYDROFLEX
HYD001199;HYDROFLEX
HYD001199;HYDROFLEX
HYD001200;HYDROFLEX
HYD001200;HYDROFLEX
HYD001200;HYDROFLEX
HYD001201;HYDROFLEX
HYD001201;HYDROFLEX
HYD001201;HYDROFLEX
HYD001202;HYDROFLEX
HYD001202;HYDROFLEX
HYD001202;HYDROFLEX
HYD001203;HYDROFLEX
HYD001203;HYDROFLEX
HYD001203;HYDROFLEX
HYD001204;HYDROFLEX
HYD001204;HYDROFLEX
HYD001204;HYDROFLEX
HYD001205;HYDROFLEX
HYD001205;HYDROFLEX
HYD001205;HYDROFLEX
HYD001206;HYDROFLEX
HYD001206;HYDROFLEX
HYD001206;HYDROFLEX
HYD001207;HYDROFLEX
HYD001207;HYDROFLEX
HYD001207;HYDROFLEX
HYD001208;HYDROFLEX
HYD001208;HYDROFLEX
HYD001208;HYDROFLEX
HYD001209;HYDROFLEX
HYD001209;HYDROFLEX
HYD001209;HYDROFLEX
HYD001210;HYDROFLEX
HYD001210;HYDROFLEX
HYD001210;HYDROFLEX
HYD001211;HYDROFLEX
HYD001211;HYDROFLEX
HYD001211;HYDROFLEX
HYD001212;HYDROFLEX
HYD001212;HYDROFLEX
HYD001212;HYDROFLEX
HYD001213;HYDROFLEX
HYD001213;HYDROFLEX
HYD001213;HYDROFLEX
HYD001214;HYDROFLEX
HYD001214;HYDROFLEX
HYD001214;HYDROFLEX
HYD001215;HYDROFLEX
HYD001215;HYDROFLEX
HYD001215;HYDROFLEX
HYD001216;HYDROFLEX
HYD001216;HYDROFLEX
HYD001216;HYDROFLEX
HYD001217;HYDROFLEX
HYD001217;HYDROFLEX
HYD001217;HYDROFLEX
HYD001218;HYDROFLEX
HYD001218;HYDROFLEX
HYD001218;HYDROFLEX
HYD001219;HYDROFLEX
HYD001219;HYDROFLEX
HYD001219;HYDROFLEX
HYD001220;HYDROFLEX
HYD001220;HYDROFLEX
HYD001220;HYDROFLEX
HYD001221;HYDROFLEX
HYD001221;HYDROFLEX
HYD001221;HYDROFLEX
HYD001222;HYDROFLEX
HYD001222;HYDROFLEX
HYD001222;HYDROFLEX
HYD001223;HYDROFLEX
HYD001223;HYDROFLEX
HYD001223;HYDROFLEX
HYD001224;HYDROFLEX
HYD001224;HYDROFLEX
HYD001224;HYDROFLEX
HYD001225;HYDROFLEX
HYD001225;HYDROFLEX
HYD001225;HYDROFLEX
HYD001226;HYDROFLEX
HYD001226;HYDROFLEX
HYD001226;HYDROFLEX
HYD001227;HYDROFLEX
HYD001227;HYDROFLEX
HYD001227;HYDROFLEX
HYD001228;HYDROFLEX
HYD001228;HYDROFLEX
HYD001228;HYDROFLEX
HYD001229;HYDROFLEX
HYD001229;HYDROFLEX
HYD001229;HYDROFLEX
HYD001230;HYDROFLEX
HYD001230;HYDROFLEX
HYD001230;HYDROFLEX
HYD001231;HYDROFLEX
HYD001231;HYDROFLEX
HYD001231;HYDROFLEX
HYD001232;HYDROFLEX
HYD001232;HYDROFLEX
HYD001232;HYDROFLEX
HYD001233;HYDROFLEX
HYD001233;HYDROFLEX
HYD001233;HYDROFLEX
HYD001234;HYDROFLEX
HYD001234;HYDROFLEX
HYD001234;HYDROFLEX
HYD001235;HYDROFLEX
HYD001235;HYDROFLEX
HYD001235;HYDROFLEX
HYD001236;HYDROFLEX
HYD001236;HYDROFLEX
HYD001236;HYDROFLEX
HYD001237;HYDROFLEX
HYD001237;HYDROFLEX
HYD001237;HYDROFLEX
HYD001238;HYDROFLEX
HYD001238;HYDROFLEX
HYD001238;HYDROFLEX
HYD001239;HYDROFLEX
HYD001239;HYDROFLEX
HYD001239;HYDROFLEX
HYD001240;HYDROFLEX
HYD001240;HYDROFLEX
HYD001240;HYDROFLEX
HYD001241;HYDROFLEX
HYD001241;HYDROFLEX
HYD001241;HYDROFLEX
HYD001242;HYDROFLEX
HYD001242;HYDROFLEX
HYD001242;HYDROFLEX
HYD001243;HYDROFLEX
HYD001243;HYDROFLEX
HYD001243;HYDROFLEX
HYD001244;HYDROFLEX
HYD001244;HYDROFLEX
HYD001244;HYDROFLEX
HYD001245;HYDROFLEX
HYD001245;HYDROFLEX
HYD001245;HYDROFLEX
HYD001246;HYDROFLEX
HYD001246;HYDROFLEX
HYD001246;HYDROFLEX
HYD001247;HYDROFLEX
HYD001247;HYDROFLEX
HYD001247;HYDROFLEX
HYD001248;HYDROFLEX
HYD001248;HYDROFLEX
HYD001248;HYDROFLEX
HYD001249;HYDROFLEX
HYD001249;HYDROFLEX
HYD001249;HYDROFLEX
HYD001250;HYDROFLEX
HYD001250;HYDROFLEX
HYD001250;HYDROFLEX
HYD001251;HYDROFLEX
HYD001251;HYDROFLEX
HYD001251;HYDROFLEX
HYD001252;HYDROFLEX
HYD001252;HYDROFLEX
HYD001252;HYDROFLEX
HYD001253;HYDROFLEX
HYD001253;HYDROFLEX
HYD001253;HYDROFLEX
HYD001254;HYDROFLEX
HYD001254;HYDROFLEX
HYD001254;HYDROFLEX
HYD001255;HYDROFLEX
HYD001255;HYDROFLEX
HYD001255;HYDROFLEX
HYD001256;HYDROFLEX
HYD001256;HYDROFLEX
HYD001256;HYDROFLEX
HYD001257;HYDROFLEX
HYD001257;HYDROFLEX
HYD001257;HYDROFLEX
HYD001258;HYDROFLEX
HYD001258;HYDROFLEX
HYD001258;HYDROFLEX
INNE0007;INNE
INNE0007;INNE
INNE0007;INNE
INNE0010;INNE
INNE0010;INNE
INNE0010;INNE
INNE0011;INNE
INNE0011;INNE
INNE0011;INNE
INNE0018;INNE
INNE0018;INNE
INNE0018;INNE
INNE0021;INNE
INNE0021;INNE
INNE0021;INNE
INNE0030;INNE
INNE0030;INNE
INNE0030;INNE
INNE0031;INNE
INNE0031;INNE
INNE0031;INNE
INNE0035;INNE
INNE0035;INNE
INNE0035;INNE
INNE0037;INNE
INNE0037;INNE
INNE0037;INNE
INNE0039;INNE
INNE0039;INNE
INNE0039;INNE
INNE0040;INNE
INNE0040;INNE
INNE0040;INNE
INNE0041;INNE
INNE0041;INNE
INNE0041;INNE
INNE0042;INNE
INNE0042;INNE
INNE0042;INNE
INNE0045;INNE
INNE0045;INNE
INNE0045;INNE
INNE0046;INNE
INNE0046;INNE
INNE0046;INNE
INNE0047;INNE
INNE0047;INNE
INNE0047;INNE
INNE0048;INNE
INNE0048;INNE
INNE0048;INNE
INNE0049;INNE
INNE0049;INNE
INNE0049;INNE
INNE0050;INNE
INNE0050;INNE
INNE0050;INNE
INNE0051;INNE
INNE0051;INNE
INNE0051;INNE
INNE0053;INNE
INNE0053;INNE
INNE0053;INNE
INNE0054;INNE
INNE0054;INNE
INNE0054;INNE
INNE0055;INNE
INNE0055;INNE
INNE0055;INNE
INNE0057;INNE
INNE0057;INNE
INNE0057;INNE
INNE0058;INNE
INNE0058;INNE
INNE0058;INNE
INNE0059;INNE
INNE0059;INNE
INNE0059;INNE
INNE0060;INNE
INNE0060;INNE
INNE0060;INNE
INNE0061;INNE
INNE0061;INNE
INNE0061;INNE
INNE0062;INNE
INNE0062;INNE
INNE0062;INNE
INNE0063;INNE
INNE0063;INNE
INNE0063;INNE
INNE0064;INNE
INNE0064;INNE
INNE0064;INNE
INNE0065;INNE
INNE0065;INNE
INNE0065;INNE
INNE0066;INNE
INNE0066;INNE
INNE0066;INNE
INNE0068;INNE
INNE0068;INNE
INNE0068;INNE
INNE0069;INNE
INNE0069;INNE
INNE0069;INNE
INNE0071;INNE
INNE0071;INNE
INNE0071;INNE
INNE0072;INNE
INNE0072;INNE
INNE0072;INNE
INNE0073;INNE
INNE0073;INNE
INNE0073;INNE
INNE0075;INNE
INNE0075;INNE
INNE0075;INNE
INNE0076;INNE
INNE0076;INNE
INNE0076;INNE
INNE0077;INNE
INNE0077;INNE
INNE0077;INNE
INNE0078;INNE
INNE0078;INNE
INNE0078;INNE
INNE0079;INNE
INNE0079;INNE
INNE0079;INNE
INNE0080;INNE
INNE0080;INNE
INNE0080;INNE
INNE0081;INNE
INNE0081;INNE
INNE0081;INNE
INNE0083;INNE
INNE0083;INNE
INNE0083;INNE
INNE0084;INNE
INNE0084;INNE
INNE0084;INNE
INNE0085;INNE
INNE0085;INNE
INNE0085;INNE
INNE0086;INNE
INNE0086;INNE
INNE0086;INNE
INNE0087;INNE
INNE0087;INNE
INNE0087;INNE
INNE0088;INNE
INNE0088;INNE
INNE0088;INNE
INNE0089;INNE
INNE0089;INNE
INNE0089;INNE
INNE0090;INNE
INNE0090;INNE
INNE0090;INNE
INNE0091;INNE
INNE0091;INNE
INNE0091;INNE
INNE0092;INNE
INNE0092;INNE
INNE0092;INNE
INNE0093;INNE
INNE0093;INNE
INNE0093;INNE
INNE0094;INNE
INNE0094;INNE
INNE0094;INNE
INNE0095;INNE
INNE0095;INNE
INNE0095;INNE
INNE0096;INNE
INNE0096;INNE
INNE0096;INNE
INNE0097;INNE
INNE0097;INNE
INNE0097;INNE
INNE0098;INNE
INNE0098;INNE
INNE0098;INNE
INNE0099;INNE
INNE0099;INNE
INNE0099;INNE
INNE0100;INNE
INNE0100;INNE
INNE0100;INNE
INNE0101;INNE
INNE0101;INNE
INNE0101;INNE
INNE0102;INNE
INNE0102;INNE
INNE0102;INNE
INNE0103;INNE
INNE0103;INNE
INNE0103;INNE
INNE0104;INNE
INNE0104;INNE
INNE0104;INNE
INNE0105;INNE
INNE0105;INNE
INNE0105;INNE
INNE0106;INNE
INNE0106;INNE
INNE0106;INNE
INNE0107;INNE
INNE0107;INNE
INNE0107;INNE
INNE0108;INNE
INNE0108;INNE
INNE0108;INNE
INNE0109;INNE
INNE0109;INNE
INNE0109;INNE
INNE0110;INNE
INNE0110;INNE
INNE0110;INNE
INNE0111;INNE
INNE0111;INNE
INNE0111;INNE
INNE0112;INNE
INNE0112;INNE
INNE0112;INNE
INNE0114;INNE
INNE0114;INNE
INNE0114;INNE
INNE0115;INNE
INNE0115;INNE
INNE0115;INNE
INNE0116;INNE
INNE0116;INNE
INNE0116;INNE
INNE0117;INNE
INNE0117;INNE
INNE0117;INNE
INNE0118;INNE
INNE0118;INNE
INNE0118;INNE
INNE0119;INNE
INNE0119;INNE
INNE0119;INNE
INNE0120;INNE
INNE0120;INNE
INNE0120;INNE
INNE0121;INNE
INNE0121;INNE
INNE0121;INNE
INNE0122;INNE
INNE0122;INNE
INNE0122;INNE
INNE0123;INNE
INNE0123;INNE
INNE0123;INNE
INNE0124;INNE
INNE0124;INNE
INNE0124;INNE
INNE0125;INNE
INNE0125;INNE
INNE0125;INNE
INNE0126;INNE
INNE0126;INNE
INNE0126;INNE
INNE0127;INNE
INNE0127;INNE
INNE0127;INNE
INNE0128;INNE
INNE0128;INNE
INNE0128;INNE
INNE0129;INNE
INNE0129;INNE
INNE0129;INNE
INNE0130;INNE
INNE0130;INNE
INNE0130;INNE
INNE0131;INNE
INNE0131;INNE
INNE0131;INNE
INNE0132;INNE
INNE0132;INNE
INNE0132;INNE
INNE0133;INNE
INNE0133;INNE
INNE0133;INNE
INNE0135;INNE
INNE0135;INNE
INNE0135;INNE
INNE0136;INNE
INNE0136;INNE
INNE0136;INNE
INNE0137;INNE
INNE0137;INNE
INNE0137;INNE
INNE0138;INNE
INNE0138;INNE
INNE0138;INNE
INNE0139;INNE
INNE0139;INNE
INNE0139;INNE
INNE0140;INNE
INNE0140;INNE
INNE0140;INNE
INNE0141;INNE
INNE0141;INNE
INNE0141;INNE
INNE0142;INNE
INNE0142;INNE
INNE0142;INNE
INNE0143;INNE
INNE0143;INNE
INNE0143;INNE
INNE0144;INNE
INNE0144;INNE
INNE0144;INNE
INNE0145;INNE
INNE0145;INNE
INNE0145;INNE
INNE0146;INNE
INNE0146;INNE
INNE0146;INNE
INNE0147;INNE
INNE0147;INNE
INNE0147;INNE
INNE0148;INNE
INNE0148;INNE
INNE0148;INNE
INNE0149;INNE
INNE0149;INNE
INNE0149;INNE
INNE0150;INNE
INNE0150;INNE
INNE0150;INNE
INNE0151;INNE
INNE0151;INNE
INNE0151;INNE
INNE0152;INNE
INNE0152;INNE
INNE0152;INNE
INNE0153;INNE
INNE0153;INNE
INNE0153;INNE
INNE0154;INNE
INNE0154;INNE
INNE0154;INNE
INNE0155;INNE
INNE0155;INNE
INNE0155;INNE
INNE0156;INNE
INNE0156;INNE
INNE0156;INNE
INNE0157;INNE
INNE0157;INNE
INNE0157;INNE
INNE0158;INNE
INNE0158;INNE
INNE0158;INNE
INNE0159;INNE
INNE0159;INNE
INNE0159;INNE
INNE0160;INNE
INNE0160;INNE
INNE0160;INNE
INNE0161;INNE
INNE0161;INNE
INNE0161;INNE
INNE0162;INNE
INNE0162;INNE
INNE0162;INNE
INNE0163;INNE
INNE0163;INNE
INNE0163;INNE
INNE0164;INNE
INNE0164;INNE
INNE0164;INNE
INNE0165;INNE
INNE0165;INNE
INNE0165;INNE
INNE0166;INNE
INNE0166;INNE
INNE0166;INNE
INNE0167;INNE
INNE0167;INNE
INNE0167;INNE
INNE0168;INNE
INNE0168;INNE
INNE0168;INNE
INNE0169;INNE
INNE0169;INNE
INNE0169;INNE
INNE0170;INNE
INNE0170;INNE
INNE0170;INNE
INNE0171;INNE
INNE0171;INNE
INNE0171;INNE
INNE0172;INNE
INNE0172;INNE
INNE0172;INNE
INNE0173;INNE
INNE0173;INNE
INNE0173;INNE
INNE0174;INNE
INNE0174;INNE
INNE0174;INNE
INNE0175;INNE
INNE0175;INNE
INNE0175;INNE
INNE0176;INNE
INNE0176;INNE
INNE0176;INNE
INNE0177;INNE
INNE0177;INNE
INNE0177;INNE
INNE0178;INNE
INNE0178;INNE
INNE0178;INNE
INNE0179;INNE
INNE0179;INNE
INNE0179;INNE
INNE0180;INNE
INNE0180;INNE
INNE0180;INNE
INNE0181;INNE
INNE0181;INNE
INNE0181;INNE
INNE0182;INNE
INNE0182;INNE
INNE0182;INNE
INNE0183;INNE
INNE0183;INNE
INNE0183;INNE
INNE0184;INNE
INNE0184;INNE
INNE0184;INNE
INNE0185;INNE
INNE0185;INNE
INNE0185;INNE
INNE0186;INNE
INNE0186;INNE
INNE0186;INNE
INNE0187;INNE
INNE0187;INNE
INNE0187;INNE
INNE0188;INNE
INNE0188;INNE
INNE0188;INNE
INNE0189;INNE
INNE0189;INNE
INNE0189;INNE
INNE0190;INNE
INNE0190;INNE
INNE0190;INNE
INNE0191;INNE
INNE0191;INNE
INNE0191;INNE
INNE0192;INNE
INNE0192;INNE
INNE0192;INNE
INNE0193;INNE
INNE0193;INNE
INNE0193;INNE
INNE0194;INNE
INNE0194;INNE
INNE0194;INNE
INNE0195;INNE
INNE0195;INNE
INNE0195;INNE
INNE0196;INNE
INNE0196;INNE
INNE0196;INNE
INNE0197;INNE
INNE0197;INNE
INNE0197;INNE
INNE0198;INNE
INNE0198;INNE
INNE0198;INNE
INNE0199;INNE
INNE0199;INNE
INNE0199;INNE
INNE0200;INNE
INNE0200;INNE
INNE0200;INNE
INNE0201;INNE
INNE0201;INNE
INNE0201;INNE
INNE0202;INNE
INNE0202;INNE
INNE0202;INNE
INNE0203;INNE
INNE0203;INNE
INNE0203;INNE
INNE0204;INNE
INNE0204;INNE
INNE0204;INNE
INNE0205;INNE
INNE0205;INNE
INNE0205;INNE
INNE0206;INNE
INNE0206;INNE
INNE0206;INNE
INNE0207;INNE
INNE0207;INNE
INNE0207;INNE
INNE0208;INNE
INNE0208;INNE
INNE0208;INNE
INNE0209;INNE
INNE0209;INNE
INNE0209;INNE
INNE0210;INNE
INNE0210;INNE
INNE0210;INNE
INNE0211;INNE
INNE0211;INNE
INNE0211;INNE
INNE0212;INNE
INNE0212;INNE
INNE0212;INNE
INNE0213;INNE
INNE0213;INNE
INNE0213;INNE
INNE0214;INNE
INNE0214;INNE
INNE0214;INNE
INNE0215;INNE
INNE0215;INNE
INNE0215;INNE
INNE0216;INNE
INNE0216;INNE
INNE0216;INNE
INNE0217;INNE
INNE0217;INNE
INNE0217;INNE
INNE0218;INNE
INNE0218;INNE
INNE0218;INNE
INNE0219;INNE
INNE0219;INNE
INNE0219;INNE
INNE0220;INNE
INNE0220;INNE
INNE0220;INNE
INNE0221;INNE
INNE0221;INNE
INNE0221;INNE
INNE0222;INNE
INNE0222;INNE
INNE0222;INNE
INNE0223;INNE
INNE0223;INNE
INNE0223;INNE
INNE0224;INNE
INNE0224;INNE
INNE0224;INNE
INNE0225;INNE
INNE0225;INNE
INNE0225;INNE
INNE0226;INNE
INNE0226;INNE
INNE0226;INNE
INNE0227;INNE
INNE0227;INNE
INNE0227;INNE
INNE0228;INNE
INNE0228;INNE
INNE0228;INNE
INNE0229;INNE
INNE0229;INNE
INNE0229;INNE
INNE0230;INNE
INNE0230;INNE
INNE0230;INNE
INNE0231;INNE
INNE0231;INNE
INNE0231;INNE
INNE0232;INNE
INNE0232;INNE
INNE0232;INNE
INNE0233;INNE
INNE0233;INNE
INNE0233;INNE
INNE0234;INNE
INNE0234;INNE
INNE0234;INNE
INNE0235;INNE
INNE0235;INNE
INNE0235;INNE
INNE0236;INNE
INNE0236;INNE
INNE0236;INNE
INNE0237;INNE
INNE0237;INNE
INNE0237;INNE
INNE0238;INNE
INNE0238;INNE
INNE0238;INNE
INNE0239;INNE
INNE0239;INNE
INNE0239;INNE
INNE0240;INNE
INNE0240;INNE
INNE0240;INNE
INNE0241;INNE
INNE0241;INNE
INNE0241;INNE
INNE0242;INNE
INNE0242;INNE
INNE0242;INNE
INNE0243;INNE
INNE0243;INNE
INNE0243;INNE
INNE0244;INNE
INNE0244;INNE
INNE0244;INNE
INNE0245;INNE
INNE0245;INNE
INNE0245;INNE
INNE0246;INNE
INNE0246;INNE
INNE0246;INNE
INNE0247;INNE
INNE0247;INNE
INNE0247;INNE
INNE0248;INNE
INNE0248;INNE
INNE0248;INNE
INNE0249;INNE
INNE0249;INNE
INNE0249;INNE
INNE0250;INNE
INNE0250;INNE
INNE0250;INNE
INNE0251;INNE
INNE0251;INNE
INNE0251;INNE
INNE0252;INNE
INNE0252;INNE
INNE0252;INNE
INNE0253;INNE
INNE0253;INNE
INNE0253;INNE
INNE0254;INNE
INNE0254;INNE
INNE0254;INNE
INNE0255;INNE
INNE0255;INNE
INNE0255;INNE
INNE0256;INNE
INNE0256;INNE
INNE0256;INNE
INNE0257;INNE
INNE0257;INNE
INNE0257;INNE
INNE0258;INNE
INNE0258;INNE
INNE0258;INNE
INNE0260;INNE
INNE0260;INNE
INNE0260;INNE
INNE0261;INNE
INNE0261;INNE
INNE0261;INNE
INNE0262;INNE
INNE0262;INNE
INNE0262;INNE
INNE0263;INNE
INNE0263;INNE
INNE0263;INNE
INNE0264;INNE
INNE0264;INNE
INNE0264;INNE
INNE0266;INNE
INNE0266;INNE
INNE0266;INNE
INNE0267;INNE
INNE0267;INNE
INNE0267;INNE
INNE0268;INNE
INNE0268;INNE
INNE0268;INNE
INNE0269;INNE
INNE0269;INNE
INNE0269;INNE
INNE0270;INNE
INNE0270;INNE
INNE0270;INNE
INNE0271;INNE
INNE0271;INNE
INNE0271;INNE
INNE0272;INNE
INNE0272;INNE
INNE0272;INNE
INNE0273;INNE
INNE0273;INNE
INNE0273;INNE
INNE0274;INNE
INNE0274;INNE
INNE0274;INNE
INNE0275;INNE
INNE0275;INNE
INNE0275;INNE
INNE0276;INNE
INNE0276;INNE
INNE0276;INNE
INNE0277;INNE
INNE0277;INNE
INNE0277;INNE
INNE0278;INNE
INNE0278;INNE
INNE0278;INNE
INNE0279;INNE
INNE0279;INNE
INNE0279;INNE
INNE0280;INNE
INNE0280;INNE
INNE0280;INNE
INNE0281;INNE
INNE0281;INNE
INNE0281;INNE
INNE0282;INNE
INNE0282;INNE
INNE0282;INNE
INNE0283;INNE
INNE0283;INNE
INNE0283;INNE
INNE0284;INNE
INNE0284;INNE
INNE0284;INNE
INNE0285;INNE
INNE0285;INNE
INNE0285;INNE
INNE0286;INNE
INNE0286;INNE
INNE0286;INNE
INNE0287;INNE
INNE0287;INNE
INNE0287;INNE
INNE0288;INNE
INNE0288;INNE
INNE0288;INNE
INNE0289;INNE
INNE0289;INNE
INNE0289;INNE
INNE0290;INNE
INNE0290;INNE
INNE0290;INNE
INNE0291;INNE
INNE0291;INNE
INNE0291;INNE
INNE0292;INNE
INNE0292;INNE
INNE0292;INNE
INNE0293;INNE
INNE0293;INNE
INNE0293;INNE
INNE0294;INNE
INNE0294;INNE
INNE0294;INNE
INNE0296;INNE
INNE0296;INNE
INNE0296;INNE
INNE0297;INNE
INNE0297;INNE
INNE0297;INNE
INNE0298;INNE
INNE0298;INNE
INNE0298;INNE
INNE0299;INNE
INNE0299;INNE
INNE0299;INNE
INNE0300;INNE
INNE0300;INNE
INNE0300;INNE
INNE0301;INNE
INNE0301;INNE
INNE0301;INNE
INNE0302;INNE
INNE0302;INNE
INNE0302;INNE
INNE0303;INNE
INNE0303;INNE
INNE0303;INNE
INNE0304;INNE
INNE0304;INNE
INNE0304;INNE
INNE0305;INNE
INNE0305;INNE
INNE0305;INNE
INNE0306;INNE
INNE0306;INNE
INNE0306;INNE
INNE0307;INNE
INNE0307;INNE
INNE0307;INNE
INNE0308;INNE
INNE0308;INNE
INNE0308;INNE
INNE0309;INNE
INNE0309;INNE
INNE0309;INNE
INNE0310;INNE
INNE0310;INNE
INNE0310;INNE
INNE0311;INNE
INNE0311;INNE
INNE0311;INNE
INNE0312;INNE
INNE0312;INNE
INNE0312;INNE
INNE0313;INNE
INNE0313;INNE
INNE0313;INNE
INNE0314;INNE
INNE0314;INNE
INNE0314;INNE
INNE0315;INNE
INNE0315;INNE
INNE0315;INNE
INNE0316;INNE
INNE0316;INNE
INNE0316;INNE
INNE0317;INNE
INNE0317;INNE
INNE0317;INNE
INNE0318;INNE
INNE0318;INNE
INNE0318;INNE
INNE0319;INNE
INNE0319;INNE
INNE0319;INNE
INNE0320;INNE
INNE0320;INNE
INNE0320;INNE
INNE0322;INNE
INNE0322;INNE
INNE0322;INNE
INNE0323;INNE
INNE0323;INNE
INNE0323;INNE
INNE0324;INNE
INNE0324;INNE
INNE0324;INNE
INNE0325;INNE
INNE0325;INNE
INNE0325;INNE
INNE0326;INNE
INNE0326;INNE
INNE0326;INNE
INNE0327;INNE
INNE0327;INNE
INNE0327;INNE
INNE0328;INNE
INNE0328;INNE
INNE0328;INNE
INNE0329;INNE
INNE0329;INNE
INNE0329;INNE
INNE0330;INNE
INNE0330;INNE
INNE0330;INNE
INNE0331;INNE
INNE0331;INNE
INNE0331;INNE
INNE0332;INNE
INNE0332;INNE
INNE0332;INNE
INNE0333;INNE
INNE0333;INNE
INNE0333;INNE
INNE0334;INNE
INNE0334;INNE
INNE0334;INNE
INNE0335;INNE
INNE0335;INNE
INNE0335;INNE
INNE0336;INNE
INNE0336;INNE
INNE0336;INNE
INNE0337;INNE
INNE0337;INNE
INNE0337;INNE
INNE0338;INNE
INNE0338;INNE
INNE0338;INNE
INNE0339;INNE
INNE0339;INNE
INNE0339;INNE
INNE0340;INNE
INNE0340;INNE
INNE0340;INNE
INNE0341;INNE
INNE0341;INNE
INNE0341;INNE
INNE0343;INNE
INNE0343;INNE
INNE0343;INNE
INNE0344;INNE
INNE0344;INNE
INNE0344;INNE
INNE0345;INNE
INNE0345;INNE
INNE0345;INNE
INNE0346;INNE
INNE0346;INNE
INNE0346;INNE
INNE0347;INNE
INNE0347;INNE
INNE0347;INNE
INNE0348;INNE
INNE0348;INNE
INNE0348;INNE
INNE0349;INNE
INNE0349;INNE
INNE0349;INNE
INNE0350;INNE
INNE0350;INNE
INNE0350;INNE
INNE0351;INNE
INNE0351;INNE
INNE0351;INNE
INNE0352;INNE
INNE0352;INNE
INNE0352;INNE
INNE0353;INNE
INNE0353;INNE
INNE0353;INNE
INNE0354;INNE
INNE0354;INNE
INNE0354;INNE
INNE0355;INNE
INNE0355;INNE
INNE0355;INNE
INNE0356;INNE
INNE0356;INNE
INNE0356;INNE
INNE0357;INNE
INNE0357;INNE
INNE0357;INNE
INNE0358;INNE
INNE0358;INNE
INNE0358;INNE
INNE0359;INNE
INNE0359;INNE
INNE0359;INNE
INNE0360;INNE
INNE0360;INNE
INNE0360;INNE
INNE0361;INNE
INNE0361;INNE
INNE0361;INNE
INNE0362;INNE
INNE0362;INNE
INNE0362;INNE
INNE0363;INNE
INNE0363;INNE
INNE0363;INNE
INNE0364;INNE
INNE0364;INNE
INNE0364;INNE
INNE0365;INNE
INNE0365;INNE
INNE0365;INNE
INNE0366;INNE
INNE0366;INNE
INNE0366;INNE
INNE0367;INNE
INNE0367;INNE
INNE0367;INNE
INNE0368;INNE
INNE0368;INNE
INNE0368;INNE
INNE0369;INNE
INNE0369;INNE
INNE0369;INNE
INNE0370;INNE
INNE0370;INNE
INNE0370;INNE
INNE0371;INNE
INNE0371;INNE
INNE0371;INNE
INNE0372;INNE
INNE0372;INNE
INNE0372;INNE
INNE0373;INNE
INNE0373;INNE
INNE0373;INNE
INNE0374;INNE
INNE0374;INNE
INNE0374;INNE
INNE0375;INNE
INNE0375;INNE
INNE0375;INNE
INNE0376;INNE
INNE0376;INNE
INNE0376;INNE
INNE0377;INNE
INNE0377;INNE
INNE0377;INNE
INNE0378;INNE
INNE0378;INNE
INNE0378;INNE
INNE0379;INNE
INNE0379;INNE
INNE0379;INNE
INNE0380;INNE
INNE0380;INNE
INNE0380;INNE
INNE0381;INNE
INNE0381;INNE
INNE0381;INNE
INNE0382;INNE
INNE0382;INNE
INNE0382;INNE
INNE0383;INNE
INNE0383;INNE
INNE0383;INNE
INNE0384;INNE
INNE0384;INNE
INNE0384;INNE
INNE0385;INNE
INNE0385;INNE
INNE0385;INNE
INNE0386;INNE
INNE0386;INNE
INNE0386;INNE
INNE0387;INNE
INNE0387;INNE
INNE0387;INNE
INNE0388;INNE
INNE0388;INNE
INNE0388;INNE
INNE0389;INNE
INNE0389;INNE
INNE0389;INNE
INNE0390;INNE
INNE0390;INNE
INNE0390;INNE
INNE0393;INNE
INNE0393;INNE
INNE0393;INNE
INNE0394;INNE
INNE0394;INNE
INNE0394;INNE
INNE0395;INNE
INNE0395;INNE
INNE0395;INNE
INNE0396;INNE
INNE0396;INNE
INNE0396;INNE
INNE0397;INNE
INNE0397;INNE
INNE0397;INNE
INNE0398;INNE
INNE0398;INNE
INNE0398;INNE
INNE0399;INNE
INNE0399;INNE
INNE0399;INNE
INNE0400;INNE
INNE0400;INNE
INNE0400;INNE
INNE0401;INNE
INNE0401;INNE
INNE0401;INNE
INNE0402;INNE
INNE0402;INNE
INNE0402;INNE
INNE0403;INNE
INNE0403;INNE
INNE0403;INNE
INNE0404;INNE
INNE0404;INNE
INNE0404;INNE
INNE0405;INNE
INNE0405;INNE
INNE0405;INNE
INNE0406;INNE
INNE0406;INNE
INNE0406;INNE
INNE0407;INNE
INNE0407;INNE
INNE0407;INNE
INNE0408;INNE
INNE0408;INNE
INNE0408;INNE
INNE0409;INNE
INNE0409;INNE
INNE0409;INNE
INNE0410;INNE
INNE0410;INNE
INNE0410;INNE
INNE0411;INNE
INNE0411;INNE
INNE0411;INNE
INNE0412;INNE
INNE0412;INNE
INNE0412;INNE
INNE0413;INNE
INNE0413;INNE
INNE0413;INNE
INNE0414;INNE
INNE0414;INNE
INNE0414;INNE
INNE0415;INNE
INNE0415;INNE
INNE0415;INNE
INNE0416;INNE
INNE0416;INNE
INNE0416;INNE
INNE0417;INNE
INNE0417;INNE
INNE0417;INNE
INNE0418;INNE
INNE0418;INNE
INNE0418;INNE
INNE0419;INNE
INNE0419;INNE
INNE0419;INNE
INNE0420;INNE
INNE0420;INNE
INNE0420;INNE
INNE0422;INNE
INNE0422;INNE
INNE0422;INNE
INNE0423;INNE
INNE0423;INNE
INNE0423;INNE
INNE0424;INNE
INNE0424;INNE
INNE0424;INNE
INNE0425;INNE
INNE0425;INNE
INNE0425;INNE
INNE0426;INNE
INNE0426;INNE
INNE0426;INNE
INNE0427;INNE
INNE0427;INNE
INNE0427;INNE
INNE0428;INNE
INNE0428;INNE
INNE0428;INNE
INNE0429;INNE
INNE0429;INNE
INNE0429;INNE
INNE0430;INNE
INNE0430;INNE
INNE0430;INNE
INNE0431;INNE
INNE0431;INNE
INNE0431;INNE
INNE0432;INNE
INNE0432;INNE
INNE0432;INNE
INNE0433;INNE
INNE0433;INNE
INNE0433;INNE
INNE0434;INNE
INNE0434;INNE
INNE0434;INNE
INNE0435;INNE
INNE0435;INNE
INNE0435;INNE
INNE0436;INNE
INNE0436;INNE
INNE0436;INNE
INNE0437;INNE
INNE0437;INNE
INNE0437;INNE
INNE0438;INNE
INNE0438;INNE
INNE0438;INNE
INNE0439;INNE
INNE0439;INNE
INNE0439;INNE
INNE0440;INNE
INNE0440;INNE
INNE0440;INNE
INNE0441;INNE
INNE0441;INNE
INNE0441;INNE
INNE0442;INNE
INNE0442;INNE
INNE0442;INNE
INNE0443;INNE
INNE0443;INNE
INNE0443;INNE
INNE0444;INNE
INNE0444;INNE
INNE0444;INNE
INNE0445;INNE
INNE0445;INNE
INNE0445;INNE
INNE0447;INNE
INNE0447;INNE
INNE0447;INNE
INNE0448;INNE
INNE0448;INNE
INNE0448;INNE
INNE0449;INNE
INNE0449;INNE
INNE0449;INNE
INNE0450;INNE
INNE0450;INNE
INNE0450;INNE
INNE0451;INNE
INNE0451;INNE
INNE0451;INNE
INNE0452;INNE
INNE0452;INNE
INNE0452;INNE
INNE0453;INNE
INNE0453;INNE
INNE0453;INNE
INNE0454;INNE
INNE0454;INNE
INNE0454;INNE
INNE0455;INNE
INNE0455;INNE
INNE0455;INNE
INNE0456;INNE
INNE0456;INNE
INNE0456;INNE
INNE0457;INNE
INNE0457;INNE
INNE0457;INNE
INNE0458;INNE
INNE0458;INNE
INNE0458;INNE
INNE0459;INNE
INNE0459;INNE
INNE0459;INNE
INNE0461;INNE
INNE0461;INNE
INNE0461;INNE
INNE0470;INNE
INNE0470;INNE
INNE0470;INNE
INNE0471;INNE
INNE0471;INNE
INNE0471;INNE
INNE0472;INNE
INNE0472;INNE
INNE0472;INNE
INNE0473;INNE
INNE0473;INNE
INNE0473;INNE
INNE0474;INNE
INNE0474;INNE
INNE0474;INNE
INNE0475;INNE
INNE0475;INNE
INNE0475;INNE
INNE0476;INNE
INNE0476;INNE
INNE0476;INNE
INNE0477;INNE
INNE0477;INNE
INNE0477;INNE
INNE0478;INNE
INNE0478;INNE
INNE0478;INNE
INNE0479;INNE
INNE0479;INNE
INNE0479;INNE
INNE0480;INNE
INNE0480;INNE
INNE0480;INNE
INNE0481;INNE
INNE0481;INNE
INNE0481;INNE
INNE0482;INNE
INNE0482;INNE
INNE0482;INNE
INNE0483;INNE
INNE0483;INNE
INNE0483;INNE
INNE0484;INNE
INNE0484;INNE
INNE0484;INNE
INNE0485;INNE
INNE0485;INNE
INNE0485;INNE
INNE0486;INNE
INNE0486;INNE
INNE0486;INNE
INNE0487;INNE
INNE0487;INNE
INNE0487;INNE
INNE0488;INNE
INNE0488;INNE
INNE0488;INNE
INNE0489;INNE
INNE0489;INNE
INNE0489;INNE
INNE0490;INNE
INNE0490;INNE
INNE0490;INNE
INNE0491;INNE
INNE0491;INNE
INNE0491;INNE
INNE0492;INNE
INNE0492;INNE
INNE0492;INNE
INNE0493;INNE
INNE0493;INNE
INNE0493;INNE
INNE0494;INNE
INNE0494;INNE
INNE0494;INNE
INNE0495;INNE
INNE0495;INNE
INNE0495;INNE
INNE0496;INNE
INNE0496;INNE
INNE0496;INNE
INNE0497;INNE
INNE0497;INNE
INNE0497;INNE
INNE0498;INNE
INNE0498;INNE
INNE0498;INNE
INNE0499;INNE
INNE0499;INNE
INNE0499;INNE
INNE0500;INNE
INNE0500;INNE
INNE0500;INNE
INNE0501;INNE
INNE0501;INNE
INNE0501;INNE
INNE0502;INNE
INNE0502;INNE
INNE0502;INNE
INNE0503;INNE
INNE0503;INNE
INNE0503;INNE
INNE0504;INNE
INNE0504;INNE
INNE0504;INNE
INNE0505;INNE
INNE0505;INNE
INNE0505;INNE
INNE0506;INNE
INNE0506;INNE
INNE0506;INNE
INNE0507;INNE
INNE0507;INNE
INNE0507;INNE
INNE0508;INNE
INNE0508;INNE
INNE0508;INNE
INNE0509;INNE
INNE0509;INNE
INNE0509;INNE
INNE0510;INNE
INNE0510;INNE
INNE0510;INNE
INNE0511;INNE
INNE0511;INNE
INNE0511;INNE
INNE0512;INNE
INNE0512;INNE
INNE0512;INNE
INNE0513;INNE
INNE0513;INNE
INNE0513;INNE
INNE0514;INNE
INNE0514;INNE
INNE0514;INNE
INNE0515;INNE
INNE0515;INNE
INNE0515;INNE
INNE0516;INNE
INNE0516;INNE
INNE0516;INNE
INNE0517;INNE
INNE0517;INNE
INNE0517;INNE
INNE0518;INNE
INNE0518;INNE
INNE0518;INNE
INNE0519;INNE
INNE0519;INNE
INNE0519;INNE
INNE0520;INNE
INNE0520;INNE
INNE0520;INNE
INNE0521;INNE
INNE0521;INNE
INNE0521;INNE
INNE0522;INNE
INNE0522;INNE
INNE0522;INNE
INNE0523;INNE
INNE0523;INNE
INNE0523;INNE
INNE0524;INNE
INNE0524;INNE
INNE0524;INNE
INNE0525;INNE
INNE0525;INNE
INNE0525;INNE
INNE0527;INNE
INNE0527;INNE
INNE0527;INNE
INNE0528;INNE
INNE0528;INNE
INNE0528;INNE
INNE0529;INNE
INNE0529;INNE
INNE0529;INNE
INNE0530;INNE
INNE0530;INNE
INNE0530;INNE
INNE0531;INNE
INNE0531;INNE
INNE0531;INNE
INNE0532;INNE
INNE0532;INNE
INNE0532;INNE
INNE0533;INNE
INNE0533;INNE
INNE0533;INNE
INNE0534;INNE
INNE0534;INNE
INNE0534;INNE
INNE0535;INNE
INNE0535;INNE
INNE0535;INNE
INNE0536;INNE
INNE0536;INNE
INNE0536;INNE
INNE0537;INNE
INNE0537;INNE
INNE0537;INNE
INNE0538;INNE
INNE0538;INNE
INNE0538;INNE
INNE0539;INNE
INNE0539;INNE
INNE0539;INNE
INNE0540;INNE
INNE0540;INNE
INNE0540;INNE
INNE0541;INNE
INNE0541;INNE
INNE0541;INNE
INNE0542;INNE
INNE0542;INNE
INNE0542;INNE
INNE0543;INNE
INNE0543;INNE
INNE0543;INNE
INNE0544;INNE
INNE0544;INNE
INNE0544;INNE
INNE0545;INNE
INNE0545;INNE
INNE0545;INNE
INNE0546;INNE
INNE0546;INNE
INNE0546;INNE
INNE0547;INNE
INNE0547;INNE
INNE0547;INNE
INNE0548;INNE
INNE0548;INNE
INNE0548;INNE
INNE0549;INNE
INNE0549;INNE
INNE0549;INNE
INNE0550;INNE
INNE0550;INNE
INNE0550;INNE
INNE0551;INNE
INNE0551;INNE
INNE0551;INNE
INNE0552;INNE
INNE0552;INNE
INNE0552;INNE
INNE0553;INNE
INNE0553;INNE
INNE0553;INNE
INNE0554;INNE
INNE0554;INNE
INNE0554;INNE
INNE0555;INNE
INNE0555;INNE
INNE0555;INNE
INNE0556;INNE
INNE0556;INNE
INNE0556;INNE
INNE0557;INNE
INNE0557;INNE
INNE0557;INNE
INNE0558;INNE
INNE0558;INNE
INNE0558;INNE
INNE0559;INNE
INNE0559;INNE
INNE0559;INNE
INNE0560;INNE
INNE0560;INNE
INNE0560;INNE
INNE0561;INNE
INNE0561;INNE
INNE0561;INNE
INNE0562;INNE
INNE0562;INNE
INNE0562;INNE
INNE0563;INNE
INNE0563;INNE
INNE0563;INNE
INNE0564;INNE
INNE0564;INNE
INNE0564;INNE
INNE0565;INNE
INNE0565;INNE
INNE0565;INNE
INNE0566;INNE
INNE0566;INNE
INNE0566;INNE
INNE0567;INNE
INNE0567;INNE
INNE0567;INNE
INNE0568;INNE
INNE0568;INNE
INNE0568;INNE
INNE0569;INNE
INNE0569;INNE
INNE0569;INNE
INNE0570;INNE
INNE0570;INNE
INNE0570;INNE
INNE0571;INNE
INNE0571;INNE
INNE0571;INNE
INNE0572;INNE
INNE0572;INNE
INNE0572;INNE
INNE0573;INNE
INNE0573;INNE
INNE0573;INNE
INNE0574;INNE
INNE0574;INNE
INNE0574;INNE
INNE0575;INNE
INNE0575;INNE
INNE0575;INNE
INNE0576;INNE
INNE0576;INNE
INNE0576;INNE
INNE0577;INNE
INNE0577;INNE
INNE0577;INNE
INNE0578;INNE
INNE0578;INNE
INNE0578;INNE
INNE0579;INNE
INNE0579;INNE
INNE0579;INNE
INNE0580;INNE
INNE0580;INNE
INNE0580;INNE
INNE0581;INNE
INNE0581;INNE
INNE0581;INNE
INNE0582;INNE
INNE0582;INNE
INNE0582;INNE
INNE0583;INNE
INNE0583;INNE
INNE0583;INNE
INNE0584;INNE
INNE0584;INNE
INNE0584;INNE
INNE0585;INNE
INNE0585;INNE
INNE0585;INNE
INNE0586;INNE
INNE0586;INNE
INNE0586;INNE
INNE0587;INNE
INNE0587;INNE
INNE0587;INNE
INNE0588;INNE
INNE0588;INNE
INNE0588;INNE
INNE0589;INNE
INNE0589;INNE
INNE0589;INNE
INNE0590;INNE
INNE0590;INNE
INNE0590;INNE
INNE0591;INNE
INNE0591;INNE
INNE0591;INNE
INNE0592;INNE
INNE0592;INNE
INNE0592;INNE
INNE0593;INNE
INNE0593;INNE
INNE0593;INNE
INNE0594;INNE
INNE0594;INNE
INNE0594;INNE
INNE0595;INNE
INNE0595;INNE
INNE0595;INNE
INNE0596;INNE
INNE0596;INNE
INNE0596;INNE
INNE0597;INNE
INNE0597;INNE
INNE0597;INNE
INNE0598;INNE
INNE0598;INNE
INNE0598;INNE
INNE0599;INNE
INNE0599;INNE
INNE0599;INNE
INNE0600;INNE
INNE0600;INNE
INNE0600;INNE
INNE0638;INNE
INNE0638;INNE
INNE0638;INNE
INNE0640;INNE
INNE0640;INNE
INNE0640;INNE
INNE0644;INNE
INNE0644;INNE
INNE0644;INNE
INNE0660;INNE
INNE0660;INNE
INNE0660;INNE
INNE0661;INNE
INNE0661;INNE
INNE0661;INNE
INNE0667;INNE
INNE0667;INNE
INNE0667;INNE
INNE0674;INNE
INNE0674;INNE
INNE0674;INNE
INNE0677;INNE
INNE0677;INNE
INNE0677;INNE
INNE0682;INNE
INNE0682;INNE
INNE0682;INNE
INNE0713;INNE
INNE0713;INNE
INNE0713;INNE
INNE0747;INNE
INNE0747;INNE
INNE0747;INNE
INNE0759;INNE
INNE0759;INNE
INNE0759;INNE
INNE0760;INNE
INNE0760;INNE
INNE0760;INNE
INNE0761;INNE
INNE0761;INNE
INNE0761;INNE
INNE0762;INNE
INNE0762;INNE
INNE0762;INNE
INNE0770;INNE
INNE0770;INNE
INNE0770;INNE
INNE0777;INNE
INNE0777;INNE
INNE0777;INNE
INNE0779;INNE
INNE0779;INNE
INNE0779;INNE
INNE0798;INNE
INNE0798;INNE
INNE0798;INNE
INNE0810;INNE
INNE0810;INNE
INNE0810;INNE
INNE0811;INNE
INNE0811;INNE
INNE0811;INNE
INNE0812;INNE
INNE0812;INNE
INNE0812;INNE
INNE0813;INNE
INNE0813;INNE
INNE0813;INNE
INNE0817;INNE
INNE0817;INNE
INNE0817;INNE
INNE0820;INNE
INNE0820;INNE
INNE0820;INNE
INNE0821;INNE
INNE0821;INNE
INNE0821;INNE
INNE0866;INNE
INNE0866;INNE
INNE0866;INNE
INNE0870;INNE
INNE0870;INNE
INNE0870;INNE
INNE0874;INNE
INNE0874;INNE
INNE0874;INNE
INNE0878;INNE
INNE0878;INNE
INNE0878;INNE
INNE0879;INNE
INNE0879;INNE
INNE0879;INNE
INNE0899;INNE
INNE0899;INNE
INNE0899;INNE
INNE0901;INNE
INNE0901;INNE
INNE0901;INNE
INNE0903;INNE
INNE0903;INNE
INNE0903;INNE
INNE0908;INNE
INNE0908;INNE
INNE0908;INNE
INNE0912;INNE
INNE0912;INNE
INNE0912;INNE
INNE0938;INNE
INNE0938;INNE
INNE0938;INNE
INNE0945;INNE
INNE0945;INNE
INNE0945;INNE
INNE0950;INNE
INNE0950;INNE
INNE0950;INNE
INNE0951;INNE
INNE0951;INNE
INNE0951;INNE
INNE0955;INNE
INNE0955;INNE
INNE0955;INNE
INNE0959;INNE
INNE0959;INNE
INNE0959;INNE
INNE0968;INNE
INNE0968;INNE
INNE0968;INNE
INNE0992;INNE
INNE0992;INNE
INNE0992;INNE
INNE0998;INNE
INNE0998;INNE
INNE0998;INNE
INNE1000;INNE
INNE1000;INNE
INNE1000;INNE
INNE1006;INNE
INNE1006;INNE
INNE1006;INNE
INNE1008;INNE
INNE1008;INNE
INNE1008;INNE
INNE1017;INNE
INNE1017;INNE
INNE1017;INNE
INNE1024;INNE
INNE1024;INNE
INNE1024;INNE
INNE1030;INNE
INNE1030;INNE
INNE1030;INNE
INNE1041;INNE
INNE1041;INNE
INNE1041;INNE
INNE1043;INNE
INNE1043;INNE
INNE1043;INNE
INNE1047;INNE
INNE1047;INNE
INNE1047;INNE
INNE1048;INNE
INNE1048;INNE
INNE1048;INNE
INNE1060;INNE
INNE1060;INNE
INNE1060;INNE
INNE1061;INNE
INNE1061;INNE
INNE1061;INNE
INNE1063;GRASS
INNE1063;GRASS
INNE1063;GRASS
INNE1068;INNE
INNE1068;INNE
INNE1068;INNE
INNE1069;INNE
INNE1069;INNE
INNE1069;INNE
INNE1078;INNE
INNE1078;INNE
INNE1078;INNE
INNE1079;INNE
INNE1079;INNE
INNE1079;INNE
INNE1094;INNE
INNE1094;INNE
INNE1094;INNE
JAC000003;JACK
JAC000003;JACK
JAC000003;JACK
JAC000005;JACK
JAC000005;JACK
JAC000005;JACK
JAC000006;JACK
JAC000006;JACK
JAC000006;JACK
JAC000007;JACK
JAC000007;JACK
JAC000007;JACK
JAC000008;JACK
JAC000008;JACK
JAC000008;JACK
JAC000009;JACK
JAC000009;JACK
JAC000009;JACK
JAC000012;JACK
JAC000012;JACK
JAC000012;JACK
JAC000013;JACK
JAC000013;JACK
JAC000013;JACK
JAC000015;JACK
JAC000015;JACK
JAC000015;JACK
JAC000016;JACK
JAC000016;JACK
JAC000016;JACK
JAC000017;JACK
JAC000017;JACK
JAC000017;JACK
JAC000018;JACK
JAC000018;JACK
JAC000018;JACK
JAC000022;JACK
JAC000022;JACK
JAC000022;JACK
JAC000023;JACK
JAC000023;JACK
JAC000023;JACK
JAC000026;JACK
JAC000026;JACK
JAC000026;JACK
JAC000027;JACK
JAC000027;JACK
JAC000027;JACK
JAC000028;JACK
JAC000028;JACK
JAC000028;JACK
JAC000029;JACK
JAC000029;JACK
JAC000029;JACK
JAC000030;JACK
JAC000030;JACK
JAC000030;JACK
JAC000031;JACK
JAC000031;JACK
JAC000031;JACK
JAC000032;JACK
JAC000032;JACK
JAC000032;JACK
JAC000033;JACK
JAC000033;JACK
JAC000033;JACK
JAC000034;JACK
JAC000034;JACK
JAC000034;JACK
JAC000035;JACK
JAC000035;JACK
JAC000035;JACK
JAC000036;JACK
JAC000036;JACK
JAC000036;JACK
JAC000037;JACK
JAC000037;JACK
JAC000037;JACK
JAC000038;JACK
JAC000038;JACK
JAC000038;JACK
JAC000039;JACK
JAC000039;JACK
JAC000039;JACK
JAC000040;JACK
JAC000040;JACK
JAC000040;JACK
JAC000041;JACK
JAC000041;JACK
JAC000041;JACK
JAC000042;JACK
JAC000042;JACK
JAC000042;JACK
JAC000043;JACK
JAC000043;JACK
JAC000043;JACK
JAC000044;JACK
JAC000044;JACK
JAC000044;JACK
JAC000045;JACK
JAC000045;JACK
JAC000045;JACK
JAC000046;JACK
JAC000046;JACK
JAC000046;JACK
JAC000047;JACK
JAC000047;JACK
JAC000047;JACK
JAC000048;JACK
JAC000048;JACK
JAC000048;JACK
JAC000049;JACK
JAC000049;JACK
JAC000049;JACK
JAX000001;JAX
JAX000001;JAX
JAX000001;JAX
JAX000002;JAX
JAX000002;JAX
JAX000002;JAX
JAX000003;JAX
JAX000003;JAX
JAX000003;JAX
JAX000004;JAX
JAX000004;JAX
JAX000004;JAX
JAX000005;JAX
JAX000005;JAX
JAX000005;JAX
JAX000006;JAX
JAX000006;JAX
JAX000006;JAX
JAX000007;JAX
JAX000007;JAX
JAX000007;JAX
JAX000008;JAX
JAX000008;JAX
JAX000008;JAX
JAX000009;JAX
JAX000009;JAX
JAX000009;JAX
JAX000010;JAX
JAX000010;JAX
JAX000010;JAX
JAX000011;JAX
JAX000011;JAX
JAX000011;JAX
JAX000012;JAX
JAX000012;JAX
JAX000012;JAX
JAX000013;JAX
JAX000013;JAX
JAX000013;JAX
JAX000014;JAX
JAX000014;JAX
JAX000014;JAX
JAX000015;JAX
JAX000015;JAX
JAX000015;JAX
JAX000016;JAX
JAX000016;JAX
JAX000016;JAX
JAX000017;JAX
JAX000017;JAX
JAX000017;JAX
JAX000018;JAX
JAX000018;JAX
JAX000018;JAX
JAX000019;JAX
JAX000019;JAX
JAX000019;JAX
JAX000020;JAX
JAX000020;JAX
JAX000020;JAX
JAX000022;JAX
JAX000022;JAX
JAX000022;JAX
JAX000023;JAX
JAX000023;JAX
JAX000023;JAX
JAX000024;JAX
JAX000024;JAX
JAX000024;JAX
JAX000025;JAX
JAX000025;JAX
JAX000025;JAX
JAX000026;JAX
JAX000026;JAX
JAX000026;JAX
JAX000036;JAX
JAX000036;JAX
JAX000036;JAX
K2000001;K2
K2000001;K2
K2000001;K2
K2000002;K2
K2000002;K2
K2000002;K2
K2000003;K2
K2000003;K2
K2000003;K2
K2000004;K2
K2000004;K2
K2000004;K2
K2000005;K2
K2000005;K2
K2000005;K2
K2000006;K2
K2000006;K2
K2000006;K2
K2000007;K2
K2000007;K2
K2000007;K2
K2000008;K2
K2000008;K2
K2000008;K2
K2000009;K2
K2000009;K2
K2000009;K2
K2000010;K2
K2000010;K2
K2000010;K2
K2000011;K2
K2000011;K2
K2000011;K2
K2000012;K2
K2000012;K2
K2000012;K2
K2000013;K2
K2000013;K2
K2000013;K2
K2000014;K2
K2000014;K2
K2000014;K2
K2000015;K2
K2000015;K2
K2000015;K2
K2000016;K2
K2000016;K2
K2000016;K2
K2000017;K2
K2000017;K2
K2000017;K2
K2000018;K2
K2000018;K2
K2000018;K2
K2000019;K2
K2000019;K2
K2000019;K2
K2000020;K2
K2000020;K2
K2000020;K2
K2000021;K2
K2000021;K2
K2000021;K2
K2000022;K2
K2000022;K2
K2000022;K2
K2000023;K2
K2000023;K2
K2000023;K2
K2000024;K2
K2000024;K2
K2000024;K2
K2000025;K2
K2000025;K2
K2000025;K2
K2000026;K2
K2000026;K2
K2000026;K2
K2000027;K2
K2000027;K2
K2000027;K2
K2000028;K2
K2000028;K2
K2000028;K2
K2000029;K2
K2000029;K2
K2000029;K2
K2000030;K2
K2000030;K2
K2000030;K2
K2000031;K2
K2000031;K2
K2000031;K2
K2000032;K2
K2000032;K2
K2000032;K2
K2000033;K2
K2000033;K2
K2000033;K2
K2000034;K2
K2000034;K2
K2000034;K2
K2000035;K2
K2000035;K2
K2000035;K2
K2000036;K2
K2000036;K2
K2000036;K2
K2000038;K2
K2000038;K2
K2000038;K2
K2000039;K2
K2000039;K2
K2000039;K2
K2000040;K2
K2000040;K2
K2000040;K2
K2000041;K2
K2000041;K2
K2000041;K2
K2000042;K2
K2000042;K2
K2000042;K2
K2000043;K2
K2000043;K2
K2000043;K2
K2000044;K2
K2000044;K2
K2000044;K2
K2000045;K2
K2000045;K2
K2000045;K2
K2000046;K2
K2000046;K2
K2000046;K2
K2000047;K2
K2000047;K2
K2000047;K2
K2000048;K2
K2000048;K2
K2000048;K2
K2000049;K2
K2000049;K2
K2000049;K2
K2000050;K2
K2000050;K2
K2000050;K2
K2000051;K2
K2000051;K2
K2000051;K2
K2000052;K2
K2000052;K2
K2000052;K2
K2000053;K2
K2000053;K2
K2000053;K2
K2000054;K2
K2000054;K2
K2000054;K2
K2000055;K2
K2000055;K2
K2000055;K2
K2000056;K2
K2000056;K2
K2000056;K2
K2000057;K2
K2000057;K2
K2000057;K2
K2000058;K2
K2000058;K2
K2000058;K2
K2000059;K2
K2000059;K2
K2000059;K2
K2000060;K2
K2000060;K2
K2000060;K2
K2000061;K2
K2000061;K2
K2000061;K2
K2000062;K2
K2000062;K2
K2000062;K2
K2000063;K2
K2000063;K2
K2000063;K2
K2000064;K2
K2000064;K2
K2000064;K2
K2000065;K2
K2000065;K2
K2000065;K2
K2000066;K2
K2000066;K2
K2000066;K2
KAL000001;KALA
KAL000001;KALA
KAL000001;KALA
KAL000004;KALA
KAL000004;KALA
KAL000004;KALA
KAL000005;KALA
KAL000005;KALA
KAL000005;KALA
KAL000006;KALA
KAL000006;KALA
KAL000006;KALA
KAL000007;KALA
KAL000007;KALA
KAL000007;KALA
KAL000008;KALA
KAL000008;KALA
KAL000008;KALA
KAL000009;KALA
KAL000009;KALA
KAL000009;KALA
KAL000010;KALA
KAL000010;KALA
KAL000010;KALA
KAL000011;KALA
KAL000011;KALA
KAL000011;KALA
KAL000012;KALA
KAL000012;KALA
KAL000012;KALA
KAL000013;KALA
KAL000013;KALA
KAL000013;KALA
KAL000014;KALA
KAL000014;KALA
KAL000014;KALA
KAL000015;KALA
KAL000015;KALA
KAL000015;KALA
KAL000016;KALA
KAL000016;KALA
KAL000016;KALA
KAL000017;KALA
KAL000017;KALA
KAL000017;KALA
KAL000018;KALA
KAL000018;KALA
KAL000018;KALA
KAL000019;KALA
KAL000019;KALA
KAL000019;KALA
KAL000020;KALA
KAL000020;KALA
KAL000020;KALA
KAL000021;KALA
KAL000021;KALA
KAL000021;KALA
KAL000022;KALA
KAL000022;KALA
KAL000022;KALA
KAL000023;KALA
KAL000023;KALA
KAL000023;KALA
KAL000024;KALA
KAL000024;KALA
KAL000024;KALA
KAL000025;KALA
KAL000025;KALA
KAL000025;KALA
KAL000026;KALA
KAL000026;KALA
KAL000026;KALA
KAL000027;KALA
KAL000027;KALA
KAL000027;KALA
KAL000028;KALA
KAL000028;KALA
KAL000028;KALA
KAL000029;KALA
KAL000029;KALA
KAL000029;KALA
KAL000030;KALA
KAL000030;KALA
KAL000030;KALA
KAL000031;KALA
KAL000031;KALA
KAL000031;KALA
KAL000032;KALA
KAL000032;KALA
KAL000032;KALA
KAL000033;KALA
KAL000033;KALA
KAL000033;KALA
KAL000034;KALA
KAL000034;KALA
KAL000034;KALA
KAL000035;KALA
KAL000035;KALA
KAL000035;KALA
KAL000036;KALA
KAL000036;KALA
KAL000036;KALA
KAL000037;KALA
KAL000037;KALA
KAL000037;KALA
KAL000038;KALA
KAL000038;KALA
KAL000038;KALA
KAL000039;KALA
KAL000039;KALA
KAL000039;KALA
KAL000040;KALA
KAL000040;KALA
KAL000040;KALA
KAL000041;KALA
KAL000041;KALA
KAL000041;KALA
KAL000042;KALA
KAL000042;KALA
KAL000042;KALA
KAL000043;KALA
KAL000043;KALA
KAL000043;KALA
KAL000044;KALA
KAL000044;KALA
KAL000044;KALA
KAL000045;KALA
KAL000045;KALA
KAL000045;KALA
KAL000046;KALA
KAL000046;KALA
KAL000046;KALA
KAL000047;KALA
KAL000047;KALA
KAL000047;KALA
KAL000048;KALA
KAL000048;KALA
KAL000048;KALA
KAL000049;KALA
KAL000049;KALA
KAL000049;KALA
KAL000050;KALA
KAL000050;KALA
KAL000050;KALA
KAL000051;KALA
KAL000051;KALA
KAL000051;KALA
KAL000052;KALA
KAL000052;KALA
KAL000052;KALA
KAL000053;KALA
KAL000053;KALA
KAL000053;KALA
KAL000054;KALA
KAL000054;KALA
KAL000054;KALA
KAL000055;KALA
KAL000055;KALA
KAL000055;KALA
KAL000056;KALA
KAL000056;KALA
KAL000056;KALA
KAL000057;KALA
KAL000057;KALA
KAL000057;KALA
KAL000058;KALA
KAL000058;KALA
KAL000058;KALA
KAL000059;KALA
KAL000059;KALA
KAL000059;KALA
KAL000060;KALA
KAL000060;KALA
KAL000060;KALA
KAL000061;KALA
KAL000061;KALA
KAL000061;KALA
KAL000062;KALA
KAL000062;KALA
KAL000062;KALA
KAL000063;KALA
KAL000063;KALA
KAL000063;KALA
KAL000065;KALA
KAL000065;KALA
KAL000065;KALA
KAL000066;KALA
KAL000066;KALA
KAL000066;KALA
KAL000067;KALA
KAL000067;KALA
KAL000067;KALA
KAL000068;KALA
KAL000068;KALA
KAL000068;KALA
KAL000069;KALA
KAL000069;KALA
KAL000069;KALA
KAL000070;KALA
KAL000070;KALA
KAL000070;KALA
KAL000071;KALA
KAL000071;KALA
KAL000071;KALA
KAL000072;KALA
KAL000072;KALA
KAL000072;KALA
KAL000073;KALA
KAL000073;KALA
KAL000073;KALA
KAL000074;KALA
KAL000074;KALA
KAL000074;KALA
KAL000075;KALA
KAL000075;KALA
KAL000075;KALA
KAL000076;KALA
KAL000076;KALA
KAL000076;KALA
KAL000077;KALA
KAL000077;KALA
KAL000077;KALA
KAL000078;KALA
KAL000078;KALA
KAL000078;KALA
KAL000079;KALA
KAL000079;KALA
KAL000079;KALA
KAL000080;KALA
KAL000080;KALA
KAL000080;KALA
KAL000081;KALA
KAL000081;KALA
KAL000081;KALA
KAL000082;KALA
KAL000082;KALA
KAL000082;KALA
KAL000083;KALA
KAL000083;KALA
KAL000083;KALA
KAL000084;KALA
KAL000084;KALA
KAL000084;KALA
KAL000085;KALA
KAL000085;KALA
KAL000085;KALA
KAL000086;KALA
KAL000086;KALA
KAL000086;KALA
KAL000087;KALA
KAL000087;KALA
KAL000087;KALA
KAL000088;KALA
KAL000088;KALA
KAL000088;KALA
KAL000089;KALA
KAL000089;KALA
KAL000089;KALA
KAL000090;KALA
KAL000090;KALA
KAL000090;KALA
KAL000091;KALA
KAL000091;KALA
KAL000091;KALA
KAL000092;KALA
KAL000092;KALA
KAL000092;KALA
KAL000093;KALA
KAL000093;KALA
KAL000093;KALA
KAL000094;KALA
KAL000094;KALA
KAL000094;KALA
KAL000095;KALA
KAL000095;KALA
KAL000095;KALA
KAL000096;KALA
KAL000096;KALA
KAL000096;KALA
KAL000097;KALA
KAL000097;KALA
KAL000097;KALA
KAL000098;KALA
KAL000098;KALA
KAL000098;KALA
KAL000099;KALA
KAL000099;KALA
KAL000099;KALA
KAL000100;KALA
KAL000100;KALA
KAL000100;KALA
KAL000101;KALA
KAL000101;KALA
KAL000101;KALA
KAL000102;KALA
KAL000102;KALA
KAL000102;KALA
KAL000103;KALA
KAL000103;KALA
KAL000103;KALA
KAL000104;KALA
KAL000104;KALA
KAL000104;KALA
KAL000105;KALA
KAL000105;KALA
KAL000105;KALA
KAL000106;KALA
KAL000106;KALA
KAL000106;KALA
KAL000107;KALA
KAL000107;KALA
KAL000107;KALA
KAL000108;KALA
KAL000108;KALA
KAL000108;KALA
KAL000109;KALA
KAL000109;KALA
KAL000109;KALA
KAL000110;KALA
KAL000110;KALA
KAL000110;KALA
KAL000111;KALA
KAL000111;KALA
KAL000111;KALA
KAL000112;KALA
KAL000112;KALA
KAL000112;KALA
KAL000113;KALA
KAL000113;KALA
KAL000113;KALA
KAL000114;KALA
KAL000114;KALA
KAL000114;KALA
KAL000115;KALA
KAL000115;KALA
KAL000115;KALA
KAL000116;KALA
KAL000116;KALA
KAL000116;KALA
KAL000117;KALA
KAL000117;KALA
KAL000117;KALA
KAL000118;KALA
KAL000118;KALA
KAL000118;KALA
KAL000119;KALA
KAL000119;KALA
KAL000119;KALA
KAL000120;KALA
KAL000120;KALA
KAL000120;KALA
KAL000121;KALA
KAL000121;KALA
KAL000121;KALA
KAL000122;KALA
KAL000122;KALA
KAL000122;KALA
KAL000123;KALA
KAL000123;KALA
KAL000123;KALA
KAL000124;KALA
KAL000124;KALA
KAL000124;KALA
KAL000125;KALA
KAL000125;KALA
KAL000125;KALA
KAL000126;KALA
KAL000126;KALA
KAL000126;KALA
KAL000127;KALA
KAL000127;KALA
KAL000127;KALA
KAL000128;KALA
KAL000128;KALA
KAL000128;KALA
KAL000129;KALA
KAL000129;KALA
KAL000129;KALA
KAL000130;KALA
KAL000130;KALA
KAL000130;KALA
KAL000131;KALA
KAL000131;KALA
KAL000131;KALA
KAL000132;KALA
KAL000132;KALA
KAL000132;KALA
KAL000133;KALA
KAL000133;KALA
KAL000133;KALA
KAL000134;KALA
KAL000134;KALA
KAL000134;KALA
KAL000135;KALA
KAL000135;KALA
KAL000135;KALA
KAL000136;KALA
KAL000136;KALA
KAL000136;KALA
KAL000137;KALA
KAL000137;KALA
KAL000137;KALA
KAL000138;KALA
KAL000138;KALA
KAL000138;KALA
KAL000139;KALA
KAL000139;KALA
KAL000139;KALA
KAL000141;KALA
KAL000141;KALA
KAL000141;KALA
KAL000142;KALA
KAL000142;KALA
KAL000142;KALA
KAL000143;KALA
KAL000143;KALA
KAL000143;KALA
KAL000144;KALA
KAL000144;KALA
KAL000144;KALA
KAL000145;KALA
KAL000145;KALA
KAL000145;KALA
KAL000146;KALA
KAL000146;KALA
KAL000146;KALA
KAL000147;KALA
KAL000147;KALA
KAL000147;KALA
KAL000148;KALA
KAL000148;KALA
KAL000148;KALA
KAL000149;KALA
KAL000149;KALA
KAL000149;KALA
KAL000150;KALA
KAL000150;KALA
KAL000150;KALA
KAL000151;KALA
KAL000151;KALA
KAL000151;KALA
KAL000152;KALA
KAL000152;KALA
KAL000152;KALA
KAL000153;KALA
KAL000153;KALA
KAL000153;KALA
KAL000154;KALA
KAL000154;KALA
KAL000154;KALA
KAL000155;KALA
KAL000155;KALA
KAL000155;KALA
KAL000156;KALA
KAL000156;KALA
KAL000156;KALA
KAL000157;KALA
KAL000157;KALA
KAL000157;KALA
KAL000158;KALA
KAL000158;KALA
KAL000158;KALA
KAL000159;KALA
KAL000159;KALA
KAL000159;KALA
KAL000160;KALA
KAL000160;KALA
KAL000160;KALA
KAL000161;KALA
KAL000161;KALA
KAL000161;KALA
KAL000162;KALA
KAL000162;KALA
KAL000162;KALA
KAL000163;KALA
KAL000163;KALA
KAL000163;KALA
KAL000164;KALA
KAL000164;KALA
KAL000164;KALA
KAL000165;KALA
KAL000165;KALA
KAL000165;KALA
KAL000166;KALA
KAL000166;KALA
KAL000166;KALA
KAL000167;KALA
KAL000167;KALA
KAL000167;KALA
KAL000168;KALA
KAL000168;KALA
KAL000168;KALA
KAL000169;KALA
KAL000169;KALA
KAL000169;KALA
KAL000170;KALA
KAL000170;KALA
KAL000170;KALA
KAL000171;KALA
KAL000171;KALA
KAL000171;KALA
KAL000172;KALA
KAL000172;KALA
KAL000172;KALA
KAL000173;KALA
KAL000173;KALA
KAL000173;KALA
KAL000174;KALA
KAL000174;KALA
KAL000174;KALA
KAL000175;KALA
KAL000175;KALA
KAL000175;KALA
KAL000176;KALA
KAL000176;KALA
KAL000176;KALA
KAL000177;KALA
KAL000177;KALA
KAL000177;KALA
KAL000178;KALA
KAL000178;KALA
KAL000178;KALA
KAL000179;KALA
KAL000179;KALA
KAL000179;KALA
KAL000180;KALA
KAL000180;KALA
KAL000180;KALA
KAL000181;KALA
KAL000181;KALA
KAL000181;KALA
KAL000182;KALA
KAL000182;KALA
KAL000182;KALA
KAL000183;KALA
KAL000183;KALA
KAL000183;KALA
KAL000184;KALA
KAL000184;KALA
KAL000184;KALA
KAL000185;KALA
KAL000185;KALA
KAL000185;KALA
KAL000186;KALA
KAL000186;KALA
KAL000186;KALA
KAL000187;KALA
KAL000187;KALA
KAL000187;KALA
KAL000188;KALA
KAL000188;KALA
KAL000188;KALA
KAL000189;KALA
KAL000189;KALA
KAL000189;KALA
KAL000190;KALA
KAL000190;KALA
KAL000190;KALA
KAL000191;KALA
KAL000191;KALA
KAL000191;KALA
KAL000192;KALA
KAL000192;KALA
KAL000192;KALA
KAL000193;KALA
KAL000193;KALA
KAL000193;KALA
KAL000194;KALA
KAL000194;KALA
KAL000194;KALA
KAL000195;KALA
KAL000195;KALA
KAL000195;KALA
KAL000196;KALA
KAL000196;KALA
KAL000196;KALA
KAL000197;KALA
KAL000197;KALA
KAL000197;KALA
KAL000198;KALA
KAL000198;KALA
KAL000198;KALA
KAL000199;KALA
KAL000199;KALA
KAL000199;KALA
KAL000200;KALA
KAL000200;KALA
KAL000200;KALA
KAL000201;KALA
KAL000201;KALA
KAL000201;KALA
KAL000202;KALA
KAL000202;KALA
KAL000202;KALA
KAL000203;KALA
KAL000203;KALA
KAL000203;KALA
KAL000204;KALA
KAL000204;KALA
KAL000204;KALA
KAL000205;KALA
KAL000205;KALA
KAL000205;KALA
KAL000206;KALA
KAL000206;KALA
KAL000206;KALA
KAL000207;KALA
KAL000207;KALA
KAL000207;KALA
KAL000208;KALA
KAL000208;KALA
KAL000208;KALA
KAL000209;KALA
KAL000209;KALA
KAL000209;KALA
KAL000210;KALA
KAL000210;KALA
KAL000210;KALA
KAL000211;KALA
KAL000211;KALA
KAL000211;KALA
KAL000212;KALA
KAL000212;KALA
KAL000212;KALA
KAL000213;KALA
KAL000213;KALA
KAL000213;KALA
KAL000214;KALA
KAL000214;KALA
KAL000214;KALA
KAL000215;KALA
KAL000215;KALA
KAL000215;KALA
KAL000216;KALA
KAL000216;KALA
KAL000216;KALA
KAL000217;KALA
KAL000217;KALA
KAL000217;KALA
KAL000218;KALA
KAL000218;KALA
KAL000218;KALA
KAL000219;KALA
KAL000219;KALA
KAL000219;KALA
KAL000220;KALA
KAL000220;KALA
KAL000220;KALA
KAL000221;KALA
KAL000221;KALA
KAL000221;KALA
KAL000222;KALA
KAL000222;KALA
KAL000222;KALA
KAL000223;KALA
KAL000223;KALA
KAL000223;KALA
KAL000224;KALA
KAL000224;KALA
KAL000224;KALA
KAL000225;KALA
KAL000225;KALA
KAL000225;KALA
KAL000226;KALA
KAL000226;KALA
KAL000226;KALA
KAL000227;KALA
KAL000227;KALA
KAL000227;KALA
KAL000228;KALA
KAL000228;KALA
KAL000228;KALA
KAL000229;KALA
KAL000229;KALA
KAL000229;KALA
KAL000230;KALA
KAL000230;KALA
KAL000230;KALA
KAL000231;KALA
KAL000231;KALA
KAL000231;KALA
KAL000232;KALA
KAL000232;KALA
KAL000232;KALA
KAL000233;KALA
KAL000233;KALA
KAL000233;KALA
KAL000234;KALA
KAL000234;KALA
KAL000234;KALA
KAL000235;KALA
KAL000235;KALA
KAL000235;KALA
KAL000237;KALA
KAL000237;KALA
KAL000237;KALA
KAL000238;KALA
KAL000238;KALA
KAL000238;KALA
KAL000239;KALA
KAL000239;KALA
KAL000239;KALA
KAL000240;KALA
KAL000240;KALA
KAL000240;KALA
KAL000241;KALA
KAL000241;KALA
KAL000241;KALA
KAL000242;KALA
KAL000242;KALA
KAL000242;KALA
KAL000243;KALA
KAL000243;KALA
KAL000243;KALA
KAL000244;KALA
KAL000244;KALA
KAL000244;KALA
KAL000245;KALA
KAL000245;KALA
KAL000245;KALA
KAL000246;KALA
KAL000246;KALA
KAL000246;KALA
KAL000247;KALA
KAL000247;KALA
KAL000247;KALA
KAL000248;KALA
KAL000248;KALA
KAL000248;KALA
KAL000249;KALA
KAL000249;KALA
KAL000249;KALA
KAL000250;KALA
KAL000250;KALA
KAL000250;KALA
KAL000251;KALA
KAL000251;KALA
KAL000251;KALA
KAL000252;KALA
KAL000252;KALA
KAL000252;KALA
KAL000253;KALA
KAL000253;KALA
KAL000253;KALA
KAL000254;KALA
KAL000254;KALA
KAL000254;KALA
KAL000255;KALA
KAL000255;KALA
KAL000255;KALA
KAL000256;KALA
KAL000256;KALA
KAL000256;KALA
KAL000257;KALA
KAL000257;KALA
KAL000257;KALA
KAL000258;KALA
KAL000258;KALA
KAL000258;KALA
KAL000259;KALA
KAL000259;KALA
KAL000259;KALA
KAL000260;KALA
KAL000260;KALA
KAL000260;KALA
KAL000261;KALA
KAL000261;KALA
KAL000261;KALA
KAL000262;KALA
KAL000262;KALA
KAL000262;KALA
KAL000263;KALA
KAL000263;KALA
KAL000263;KALA
KAL000264;KALA
KAL000264;KALA
KAL000264;KALA
KAL000265;KALA
KAL000265;KALA
KAL000265;KALA
KAL000266;KALA
KAL000266;KALA
KAL000266;KALA
KAL000267;KALA
KAL000267;KALA
KAL000267;KALA
KAL000268;KALA
KAL000268;KALA
KAL000268;KALA
KAL000269;KALA
KAL000269;KALA
KAL000269;KALA
KAL000270;KALA
KAL000270;KALA
KAL000270;KALA
KAL000271;KALA
KAL000271;KALA
KAL000271;KALA
KAL000272;KALA
KAL000272;KALA
KAL000272;KALA
KAL000273;KALA
KAL000273;KALA
KAL000273;KALA
KAL000274;KALA
KAL000274;KALA
KAL000274;KALA
KAL000275;KALA
KAL000275;KALA
KAL000275;KALA
KAL000276;KALA
KAL000276;KALA
KAL000276;KALA
KAL000277;KALA
KAL000277;KALA
KAL000277;KALA
KAL000278;KALA
KAL000278;KALA
KAL000278;KALA
KAL000279;KALA
KAL000279;KALA
KAL000279;KALA
KAL000280;KALA
KAL000280;KALA
KAL000280;KALA
KAL000281;KALA
KAL000281;KALA
KAL000281;KALA
KAL000282;KALA
KAL000282;KALA
KAL000282;KALA
KAL000283;KALA
KAL000283;KALA
KAL000283;KALA
KAL000284;KALA
KAL000284;KALA
KAL000284;KALA
KAL000285;KALA
KAL000285;KALA
KAL000285;KALA
KAL000286;KALA
KAL000286;KALA
KAL000286;KALA
KAL000287;KALA
KAL000287;KALA
KAL000287;KALA
KAL000288;KALA
KAL000288;KALA
KAL000288;KALA
KAL000289;KALA
KAL000289;KALA
KAL000289;KALA
KAL000290;KALA
KAL000290;KALA
KAL000290;KALA
KAL000291;KALA
KAL000291;KALA
KAL000291;KALA
KAL000292;KALA
KAL000292;KALA
KAL000292;KALA
KAL000293;KALA
KAL000293;KALA
KAL000293;KALA
KAL000294;KALA
KAL000294;KALA
KAL000294;KALA
KAL000295;KALA
KAL000295;KALA
KAL000295;KALA
KAL000296;KALA
KAL000296;KALA
KAL000296;KALA
KAL000297;KALA
KAL000297;KALA
KAL000297;KALA
KAL000298;KALA
KAL000298;KALA
KAL000298;KALA
KAL000299;KALA
KAL000299;KALA
KAL000299;KALA
KAL000300;KALA
KAL000300;KALA
KAL000300;KALA
KAL000301;KALA
KAL000301;KALA
KAL000301;KALA
KAL000302;KALA
KAL000302;KALA
KAL000302;KALA
KAL000303;KALA
KAL000303;KALA
KAL000303;KALA
KAL000304;KALA
KAL000304;KALA
KAL000304;KALA
KAL000305;KALA
KAL000305;KALA
KAL000305;KALA
KAL000306;KALA
KAL000306;KALA
KAL000306;KALA
KAL000307;KALA
KAL000307;KALA
KAL000307;KALA
KAL000308;KALA
KAL000308;KALA
KAL000308;KALA
KAL000309;KALA
KAL000309;KALA
KAL000309;KALA
KAL000310;KALA
KAL000310;KALA
KAL000310;KALA
KAL000311;KALA
KAL000311;KALA
KAL000311;KALA
KAL000312;KALA
KAL000312;KALA
KAL000312;KALA
KAL000313;KALA
KAL000313;KALA
KAL000313;KALA
KAL000314;KALA
KAL000314;KALA
KAL000314;KALA
KAL000315;KALA
KAL000315;KALA
KAL000315;KALA
KAL000316;KALA
KAL000316;KALA
KAL000316;KALA
KAL000317;KALA
KAL000317;KALA
KAL000317;KALA
KAL000318;KALA
KAL000318;KALA
KAL000318;KALA
KAL000319;KALA
KAL000319;KALA
KAL000319;KALA
KAL000320;KALA
KAL000320;KALA
KAL000320;KALA
KAL000321;KALA
KAL000321;KALA
KAL000321;KALA
KAL000322;KALA
KAL000322;KALA
KAL000322;KALA
KAR000001;KARCHER
KAR000001;KARCHER
KAR000001;KARCHER
KAR000002;KARCHER
KAR000002;KARCHER
KAR000002;KARCHER
KAR000003;KARCHER
KAR000003;KARCHER
KAR000003;KARCHER
KAR000004;KARCHER
KAR000004;KARCHER
KAR000004;KARCHER
KAR000005;KARCHER
KAR000005;KARCHER
KAR000005;KARCHER
KAR000006;KARCHER
KAR000006;KARCHER
KAR000006;KARCHER
KAR000007;KARCHER
KAR000007;KARCHER
KAR000007;KARCHER
KAR000008;KARCHER
KAR000008;KARCHER
KAR000008;KARCHER
KAR000009;KARCHER
KAR000009;KARCHER
KAR000009;KARCHER
KAR000010;KARCHER
KAR000010;KARCHER
KAR000010;KARCHER
KAR000011;KARCHER
KAR000011;KARCHER
KAR000011;KARCHER
KAR000012;KARCHER
KAR000012;KARCHER
KAR000012;KARCHER
KAR000013;KARCHER
KAR000013;KARCHER
KAR000013;KARCHER
KAR000014;KARCHER
KAR000014;KARCHER
KAR000014;KARCHER
KAR000015;KARCHER
KAR000015;KARCHER
KAR000015;KARCHER
KAR000016;KARCHER
KAR000016;KARCHER
KAR000016;KARCHER
KAR000017;KARCHER
KAR000017;KARCHER
KAR000017;KARCHER
KAR000018;KARCHER
KAR000018;KARCHER
KAR000018;KARCHER
KAR000019;KARCHER
KAR000019;KARCHER
KAR000019;KARCHER
KAR000020;KARCHER
KAR000020;KARCHER
KAR000020;KARCHER
KAR000021;KARCHER
KAR000021;KARCHER
KAR000021;KARCHER
KAR000022;KARCHER
KAR000022;KARCHER
KAR000022;KARCHER
KAR000023;KARCHER
KAR000023;KARCHER
KAR000023;KARCHER
KAR000024;KARCHER
KAR000024;KARCHER
KAR000024;KARCHER
KAT00004;Ogólna
KAT00004;Ogólna
KAT00004;Ogólna
KAT00008;Ogólna
KAT00008;Ogólna
KAT00008;Ogólna
KAT00010;JACK
KAT00010;JACK
KAT00010;JACK
KAT00018;Ogólna
KAT00018;Ogólna
KAT00018;Ogólna
KAT00020;Ogólna
KAT00020;Ogólna
KAT00020;Ogólna
KAT00028;Ogólna
KAT00028;Ogólna
KAT00028;Ogólna
KAT00035;Ogólna
KAT00035;Ogólna
KAT00035;Ogólna
KAT00036;Ogólna
KAT00036;Ogólna
KAT00036;Ogólna
KAT00038;Ogólna
KAT00038;Ogólna
KAT00038;Ogólna
KAT00039;Ogólna
KAT00039;Ogólna
KAT00039;Ogólna
KAT00040;Ogólna
KAT00040;Ogólna
KAT00040;Ogólna
KAT00043;Ogólna
KAT00043;Ogólna
KAT00043;Ogólna
KAT00044;Ogólna
KAT00044;Ogólna
KAT00044;Ogólna
KAT00047;Ogólna
KAT00047;Ogólna
KAT00047;Ogólna
KAT00049;Ogólna
KAT00049;Ogólna
KAT00049;Ogólna
KAT00051;Ogólna
KAT00051;Ogólna
KAT00051;Ogólna
KAT00054;Ogólna
KAT00054;Ogólna
KAT00054;Ogólna
KAT00056;Ogólna
KAT00056;Ogólna
KAT00056;Ogólna
KAT00057;Ogólna
KAT00057;Ogólna
KAT00057;Ogólna
KAT00058;Ogólna
KAT00058;Ogólna
KAT00058;Ogólna
KAT00059;Ogólna
KAT00059;Ogólna
KAT00059;Ogólna
KAT00060;Ogólna
KAT00060;Ogólna
KAT00060;Ogólna
KAT00062;Ogólna
KAT00062;Ogólna
KAT00062;Ogólna
KAT00063;Ogólna
KAT00063;Ogólna
KAT00063;Ogólna
KAT00064;Ogólna
KAT00064;Ogólna
KAT00064;Ogólna
KAT00065;Ogólna
KAT00065;Ogólna
KAT00065;Ogólna
KAT00066;Ogólna
KAT00066;Ogólna
KAT00066;Ogólna
KAT00067;Ogólna
KAT00067;Ogólna
KAT00067;Ogólna
KAT00071;Ogólna
KAT00071;Ogólna
KAT00071;Ogólna
KAT00075;Ogólna
KAT00075;Ogólna
KAT00075;Ogólna
KAT00076;Ogólna
KAT00076;Ogólna
KAT00076;Ogólna
KAT00078;Ogólna
KAT00078;Ogólna
KAT00078;Ogólna
KAT00079;Ogólna
KAT00079;Ogólna
KAT00079;Ogólna
KAT00080;Ogólna
KAT00080;Ogólna
KAT00080;Ogólna
KAT00094;Ogólna
KAT00094;Ogólna
KAT00094;Ogólna
KAT00095;Ogólna
KAT00095;Ogólna
KAT00095;Ogólna
KAT00098;Ogólna
KAT00098;Ogólna
KAT00098;Ogólna
KAT00121;Ogólna
KAT00121;Ogólna
KAT00121;Ogólna
KAT00122;Ogólna
KAT00122;Ogólna
KAT00122;Ogólna
KAT00123;Ogólna
KAT00123;Ogólna
KAT00123;Ogólna
KAT00124;Ogólna
KAT00124;Ogólna
KAT00124;Ogólna
KAT00125;Ogólna
KAT00125;Ogólna
KAT00125;Ogólna
KAT00126;Ogólna
KAT00126;Ogólna
KAT00126;Ogólna
KAT00127;Ogólna
KAT00127;Ogólna
KAT00127;Ogólna
KAT00130;Ogólna
KAT00130;Ogólna
KAT00130;Ogólna
KAT00133;Ogólna
KAT00133;Ogólna
KAT00133;Ogólna
KAT00136;Ogólna
KAT00136;Ogólna
KAT00136;Ogólna
KAT00138;Ogólna
KAT00138;Ogólna
KAT00138;Ogólna
KAT00140;Ogólna
KAT00140;Ogólna
KAT00140;Ogólna
KAT00141;Ogólna
KAT00141;Ogólna
KAT00141;Ogólna
KAT00144;INNE
KAT00144;INNE
KAT00144;INNE
KAT00145;Ogólna
KAT00145;Ogólna
KAT00145;Ogólna
KAT00146;ECO SHINE
KAT00146;ECO SHINE
KAT00146;ECO SHINE
KAT00148;Ogólna
KAT00148;Ogólna
KAT00148;Ogólna
KAT00149;Ogólna
KAT00149;Ogólna
KAT00149;Ogólna
KAT00151;Ogólna
KAT00151;Ogólna
KAT00151;Ogólna
KAT00152;Ogólna
KAT00152;Ogólna
KAT00152;Ogólna
KAT00155;Ogólna
KAT00155;Ogólna
KAT00155;Ogólna
KAT00156;Ogólna
KAT00156;Ogólna
KAT00156;Ogólna
KAT00157;Ogólna
KAT00157;Ogólna
KAT00157;Ogólna
KAT00158;Ogólna
KAT00158;Ogólna
KAT00158;Ogólna
KAT00159;Ogólna
KAT00159;Ogólna
KAT00159;Ogólna
KAT00160;Ogólna
KAT00160;Ogólna
KAT00160;Ogólna
KAT00161;Ogólna
KAT00161;Ogólna
KAT00161;Ogólna
KAT00162;Ogólna
KAT00162;Ogólna
KAT00162;Ogólna
KAT00163;Ogólna
KAT00163;Ogólna
KAT00163;Ogólna
KAT00164;EILFIX
KAT00164;EILFIX
KAT00164;EILFIX
KAT00165;Ogólna
KAT00165;Ogólna
KAT00165;Ogólna
KAT00166;Ogólna
KAT00166;Ogólna
KAT00166;Ogólna
KAT00167;Ogólna
KAT00167;Ogólna
KAT00167;Ogólna
KAT00168;Ogólna
KAT00168;Ogólna
KAT00168;Ogólna
KAT00169;Ogólna
KAT00169;Ogólna
KAT00169;Ogólna
KAT00170;Ogólna
KAT00170;Ogólna
KAT00170;Ogólna
KAT00171;Ogólna
KAT00171;Ogólna
KAT00171;Ogólna
KAT00172;Ogólna
KAT00172;Ogólna
KAT00172;Ogólna
KAT00173;JAX
KAT00173;JAX
KAT00173;JAX
KAT00174;Ogólna
KAT00174;Ogólna
KAT00174;Ogólna
KAT00175;Ogólna
KAT00175;Ogólna
KAT00175;Ogólna
KAT00176;Ogólna
KAT00176;Ogólna
KAT00176;Ogólna
KAT00177;Ogólna
KAT00177;Ogólna
KAT00177;Ogólna
KAT00178;Ogólna
KAT00178;Ogólna
KAT00178;Ogólna
KAT00179;Ogólna
KAT00179;Ogólna
KAT00179;Ogólna
KAT00180;HYDROFLEX
KAT00180;HYDROFLEX
KAT00180;HYDROFLEX
KAT00181;Ogólna
KAT00181;Ogólna
KAT00181;Ogólna
KAT00182;HYDROFLEX
KAT00182;HYDROFLEX
KAT00182;HYDROFLEX
KAT00184;Ogólna
KAT00184;Ogólna
KAT00184;Ogólna
KAT00187;Ogólna
KAT00187;Ogólna
KAT00187;Ogólna
KAT00188;Ogólna
KAT00188;Ogólna
KAT00188;Ogólna
KAT00189;Ogólna
KAT00189;Ogólna
KAT00189;Ogólna
KAT00190;Ogólna
KAT00190;Ogólna
KAT00190;Ogólna
KAT00191;Ogólna
KAT00191;Ogólna
KAT00191;Ogólna
KAT00192;Ogólna
KAT00192;Ogólna
KAT00192;Ogólna
KAT00193;Ogólna
KAT00193;Ogólna
KAT00193;Ogólna
KAT00194;Ogólna
KAT00194;Ogólna
KAT00194;Ogólna
KAT00195;Ogólna
KAT00195;Ogólna
KAT00195;Ogólna
KAT00196;Ogólna
KAT00196;Ogólna
KAT00196;Ogólna
KAT00197;Ogólna
KAT00197;Ogólna
KAT00197;Ogólna
KAT00198;Ogólna
KAT00198;Ogólna
KAT00198;Ogólna
KAT00199;HYDROFLEX
KAT00199;HYDROFLEX
KAT00199;HYDROFLEX
KAT00200;Ogólna
KAT00200;Ogólna
KAT00200;Ogólna
KAT00201;Ogólna
KAT00201;Ogólna
KAT00201;Ogólna
KAT00202;Ogólna
KAT00202;Ogólna
KAT00202;Ogólna
KAT00203;Ogólna
KAT00203;Ogólna
KAT00203;Ogólna
KAT00204;Ogólna
KAT00204;Ogólna
KAT00204;Ogólna
KAT00205;Ogólna
KAT00205;Ogólna
KAT00205;Ogólna
KAT00206;Ogólna
KAT00206;Ogólna
KAT00206;Ogólna
KAT00207;Ogólna
KAT00207;Ogólna
KAT00207;Ogólna
KAT00208;Ogólna
KAT00208;Ogólna
KAT00208;Ogólna
KAT00209;Ogólna
KAT00209;Ogólna
KAT00209;Ogólna
KAT00210;Ogólna
KAT00210;Ogólna
KAT00210;Ogólna
KAT00211;Ogólna
KAT00211;Ogólna
KAT00211;Ogólna
KAT00212;Ogólna
KAT00212;Ogólna
KAT00212;Ogólna
KAT00213;Ogólna
KAT00213;Ogólna
KAT00213;Ogólna
KAT00214;Ogólna
KAT00214;Ogólna
KAT00214;Ogólna
KAT00215;Ogólna
KAT00215;Ogólna
KAT00215;Ogólna
KAT00216;Ogólna
KAT00216;Ogólna
KAT00216;Ogólna
KEN000001;KENOCHEM
KEN000001;KENOCHEM
KEN000001;KENOCHEM
KEN000002;KENOCHEM
KEN000002;KENOCHEM
KEN000002;KENOCHEM
KEN000003;KENOCHEM
KEN000003;KENOCHEM
KEN000003;KENOCHEM
KEN000004;KENOCHEM
KEN000004;KENOCHEM
KEN000004;KENOCHEM
KEN000005;KENOCHEM
KEN000005;KENOCHEM
KEN000005;KENOCHEM
KEN000006;KENOCHEM
KEN000006;KENOCHEM
KEN000006;KENOCHEM
KEN000007;KENOCHEM
KEN000007;KENOCHEM
KEN000007;KENOCHEM
KEN000008;KENOCHEM
KEN000008;KENOCHEM
KEN000008;KENOCHEM
KEN000009;KENOCHEM
KEN000009;KENOCHEM
KEN000009;KENOCHEM
KEN000010;KENOCHEM
KEN000010;KENOCHEM
KEN000010;KENOCHEM
KEN000011;KENOCHEM
KEN000011;KENOCHEM
KEN000011;KENOCHEM
KEN000012;KENOCHEM
KEN000012;KENOCHEM
KEN000012;KENOCHEM
KEN000013;KENOCHEM
KEN000013;KENOCHEM
KEN000013;KENOCHEM
KEN000014;KENOCHEM
KEN000014;KENOCHEM
KEN000014;KENOCHEM
KEN000015;KENOCHEM
KEN000015;KENOCHEM
KEN000015;KENOCHEM
KEN000016;KENOCHEM
KEN000016;KENOCHEM
KEN000016;KENOCHEM
KEN000017;KENOCHEM
KEN000017;KENOCHEM
KEN000017;KENOCHEM
KEN000018;KENOCHEM
KEN000018;KENOCHEM
KEN000018;KENOCHEM
KEN000019;KENOCHEM
KEN000019;KENOCHEM
KEN000019;KENOCHEM
KEN000020;KENOCHEM
KEN000020;KENOCHEM
KEN000020;KENOCHEM
KEN000021;KENOCHEM
KEN000021;KENOCHEM
KEN000021;KENOCHEM
KEN000022;KENOCHEM
KEN000022;KENOCHEM
KEN000022;KENOCHEM
KEN000024;KENOCHEM
KEN000024;KENOCHEM
KEN000024;KENOCHEM
KEN000025;KENOCHEM
KEN000025;KENOCHEM
KEN000025;KENOCHEM
KEN000026;KENOCHEM
KEN000026;KENOCHEM
KEN000026;KENOCHEM
KEN000027;KENOCHEM
KEN000027;KENOCHEM
KEN000027;KENOCHEM
KEN000028;KENOCHEM
KEN000028;KENOCHEM
KEN000028;KENOCHEM
KEN000029;KENOCHEM
KEN000029;KENOCHEM
KEN000029;KENOCHEM
KEN000030;KENOCHEM
KEN000030;KENOCHEM
KEN000030;KENOCHEM
KEN000031;KENOCHEM
KEN000031;KENOCHEM
KEN000031;KENOCHEM
KEN000032;KENOCHEM
KEN000032;KENOCHEM
KEN000032;KENOCHEM
KEN000033;KENOCHEM
KEN000033;KENOCHEM
KEN000033;KENOCHEM
KEN000034;KENOCHEM
KEN000034;KENOCHEM
KEN000034;KENOCHEM
KEN000036;KENOCHEM
KEN000036;KENOCHEM
KEN000036;KENOCHEM
KEN000037;KENOCHEM
KEN000037;KENOCHEM
KEN000037;KENOCHEM
KEN000041;KENOCHEM
KEN000041;KENOCHEM
KEN000041;KENOCHEM
KEN000042;KENOCHEM
KEN000042;KENOCHEM
KEN000042;KENOCHEM
KEN000043;KENOCHEM
KEN000043;KENOCHEM
KEN000043;KENOCHEM
KEN000045;KENOCHEM
KEN000045;KENOCHEM
KEN000045;KENOCHEM
KEN000046;KENOCHEM
KEN000046;KENOCHEM
KEN000046;KENOCHEM
KEN000047;KENOCHEM
KEN000047;KENOCHEM
KEN000047;KENOCHEM
KEN000048;KENOCHEM
KEN000048;KENOCHEM
KEN000048;KENOCHEM
KEN000049;KENOCHEM
KEN000049;KENOCHEM
KEN000049;KENOCHEM
KEN000050;KENOCHEM
KEN000050;KENOCHEM
KEN000050;KENOCHEM
KEN000051;KENOCHEM
KEN000051;KENOCHEM
KEN000051;KENOCHEM
KEN000052;KENOCHEM
KEN000052;KENOCHEM
KEN000052;KENOCHEM
KEN000053;KENOCHEM
KEN000053;KENOCHEM
KEN000053;KENOCHEM
KEN000054;KENOCHEM
KEN000054;KENOCHEM
KEN000054;KENOCHEM
KEN000055;KENOCHEM
KEN000055;KENOCHEM
KEN000055;KENOCHEM
KEN000057;KENOCHEM
KEN000057;KENOCHEM
KEN000057;KENOCHEM
KEN000058;KENOCHEM
KEN000058;KENOCHEM
KEN000058;KENOCHEM
KEN000059;KENOCHEM
KEN000059;KENOCHEM
KEN000059;KENOCHEM
KEN000060;KENOCHEM
KEN000060;KENOCHEM
KEN000060;KENOCHEM
KEN000061;KENOCHEM
KEN000061;KENOCHEM
KEN000061;KENOCHEM
KEN000063;KENOCHEM
KEN000063;KENOCHEM
KEN000063;KENOCHEM
KEN000064;KENOCHEM
KEN000064;KENOCHEM
KEN000064;KENOCHEM
KEN000065;KENOCHEM
KEN000065;KENOCHEM
KEN000065;KENOCHEM
KEN000066;KENOCHEM
KEN000066;KENOCHEM
KEN000066;KENOCHEM
KEN000067;KENOCHEM
KEN000067;KENOCHEM
KEN000067;KENOCHEM
KEN000070;KENOCHEM
KEN000070;KENOCHEM
KEN000070;KENOCHEM
KEN000072;KENOCHEM
KEN000072;KENOCHEM
KEN000072;KENOCHEM
KEN000073;KENOCHEM
KEN000073;KENOCHEM
KEN000073;KENOCHEM
KEN000074;KENOCHEM
KEN000074;KENOCHEM
KEN000074;KENOCHEM
KEN000075;KENOCHEM
KEN000075;KENOCHEM
KEN000075;KENOCHEM
KEN000076;KENOCHEM
KEN000076;KENOCHEM
KEN000076;KENOCHEM
KEN000077;KENOCHEM
KEN000077;KENOCHEM
KEN000077;KENOCHEM
KEN000078;KENOCHEM
KEN000078;KENOCHEM
KEN000078;KENOCHEM
KEN000079;KENOCHEM
KEN000079;KENOCHEM
KEN000079;KENOCHEM
KEN000080;KENOCHEM
KEN000080;KENOCHEM
KEN000080;KENOCHEM
KEN000081;KENOCHEM
KEN000081;KENOCHEM
KEN000081;KENOCHEM
KEN000082;KENOCHEM
KEN000082;KENOCHEM
KEN000082;KENOCHEM
KEN000086;KENOCHEM
KEN000086;KENOCHEM
KEN000086;KENOCHEM
KEN000093;KENOCHEM
KEN000093;KENOCHEM
KEN000093;KENOCHEM
KEN000109;KENOCHEM
KEN000109;KENOCHEM
KEN000109;KENOCHEM
KOT000021;JAX
KOT000021;JAX
KOT000021;JAX
KOT000027;JAX
KOT000027;JAX
KOT000027;JAX
KOT000028;JAX
KOT000028;JAX
KOT000028;JAX
KOT000029;JAX
KOT000029;JAX
KOT000029;JAX
KOT000030;JAX
KOT000030;JAX
KOT000030;JAX
KOT000031;JAX
KOT000031;JAX
KOT000031;JAX
KOT000032;JAX
KOT000032;JAX
KOT000032;JAX
KOT000033;JAX
KOT000033;JAX
KOT000033;JAX
KOT000034;JAX
KOT000034;JAX
KOT000034;JAX
KOT000035;JAX
KOT000035;JAX
KOT000035;JAX
KOT000037;JAX
KOT000037;JAX
KOT000037;JAX
KOT000038;JAX
KOT000038;JAX
KOT000038;JAX
KOT000039;JAX
KOT000039;JAX
KOT000039;JAX
KOT000040;JAX
KOT000040;JAX
KOT000040;JAX
KOT000041;JAX
KOT000041;JAX
KOT000041;JAX
KOT000042;JAX
KOT000042;JAX
KOT000042;JAX
KOT000043;JAX
KOT000043;JAX
KOT000043;JAX
KOT000044;JAX
KOT000044;JAX
KOT000044;JAX
KOT000045;JAX
KOT000045;JAX
KOT000045;JAX
KOT000046;JAX
KOT000046;JAX
KOT000046;JAX
KOT000047;JAX
KOT000047;JAX
KOT000047;JAX
KOT000048;JAX
KOT000048;JAX
KOT000048;JAX
KOT000049;JAX
KOT000049;JAX
KOT000049;JAX
KOT000050;JAX
KOT000050;JAX
KOT000050;JAX
KOT000051;JAX
KOT000051;JAX
KOT000051;JAX
KOT000052;JAX
KOT000052;JAX
KOT000052;JAX
KOT000053;JAX
KOT000053;JAX
KOT000053;JAX
KOT000054;JAX
KOT000054;JAX
KOT000054;JAX
KOT000055;JAX
KOT000055;JAX
KOT000055;JAX
KOT000056;JAX
KOT000056;JAX
KOT000056;JAX
KOT000057;JAX
KOT000057;JAX
KOT000057;JAX
KOT000058;JAX
KOT000058;JAX
KOT000058;JAX
KOT000059;JAX
KOT000059;JAX
KOT000059;JAX
KOT000060;JAX
KOT000060;JAX
KOT000060;JAX
KOT000061;JAX
KOT000061;JAX
KOT000061;JAX
KOT000062;JAX
KOT000062;JAX
KOT000062;JAX
KOT000063;JAX
KOT000063;JAX
KOT000063;JAX
KOT000064;JAX
KOT000064;JAX
KOT000064;JAX
KOT000065;JAX
KOT000065;JAX
KOT000065;JAX
KOT000066;JAX
KOT000066;JAX
KOT000066;JAX
KOT000067;JAX
KOT000067;JAX
KOT000067;JAX
KOT000068;JAX
KOT000068;JAX
KOT000068;JAX
KOT000069;JAX
KOT000069;JAX
KOT000069;JAX
KOT000070;JAX
KOT000070;JAX
KOT000070;JAX
KOT000071;JAX
KOT000071;JAX
KOT000071;JAX
KOT000072;JAX
KOT000072;JAX
KOT000072;JAX
KOT000073;JAX
KOT000073;JAX
KOT000073;JAX
KOT000074;JAX
KOT000074;JAX
KOT000074;JAX
KOT000075;JAX
KOT000075;JAX
KOT000075;JAX
KOT000076;JAX
KOT000076;JAX
KOT000076;JAX
KRA000001;Soft
KRA000001;Soft
KRA000001;Soft
KRA000002;Soft
KRA000002;Soft
KRA000002;Soft
KRA000003;Soft
KRA000003;Soft
KRA000003;Soft
KRA000004;Soft
KRA000004;Soft
KRA000004;Soft
KRA000005;Soft
KRA000005;Soft
KRA000005;Soft
KRA000006;Soft
KRA000006;Soft
KRA000006;Soft
KRA000007;Soft
KRA000007;Soft
KRA000007;Soft
KRA000008;Soft
KRA000008;Soft
KRA000008;Soft
KRA000009;Soft
KRA000009;Soft
KRA000009;Soft
KRA000010;Soft
KRA000010;Soft
KRA000010;Soft
KRA000011;Soft
KRA000011;Soft
KRA000011;Soft
KRA000012;Soft
KRA000012;Soft
KRA000012;Soft
KRA000013;Soft
KRA000013;Soft
KRA000013;Soft
KRA000014;Soft
KRA000014;Soft
KRA000014;Soft
KRA000015;Soft
KRA000015;Soft
KRA000015;Soft
KRA000016;Soft
KRA000016;Soft
KRA000016;Soft
KRA000017;Soft
KRA000017;Soft
KRA000017;Soft
KRA000018;Soft
KRA000018;Soft
KRA000018;Soft
KRA000019;Soft
KRA000019;Soft
KRA000019;Soft
KRA000020;Soft
KRA000020;Soft
KRA000020;Soft
KRA000021;Soft
KRA000021;Soft
KRA000021;Soft
KRA000022;Soft
KRA000022;Soft
KRA000022;Soft
KRA000023;Soft
KRA000023;Soft
KRA000023;Soft
KRA000024;Soft
KRA000024;Soft
KRA000024;Soft
KRA000025;Soft
KRA000025;Soft
KRA000025;Soft
KRA000026;Soft
KRA000026;Soft
KRA000026;Soft
KRA000027;Soft
KRA000027;Soft
KRA000027;Soft
KRA000028;Soft
KRA000028;Soft
KRA000028;Soft
KRA000029;Soft
KRA000029;Soft
KRA000029;Soft
KRA000030;Soft
KRA000030;Soft
KRA000030;Soft
KRA000031;Soft
KRA000031;Soft
KRA000031;Soft
KRA000032;Soft
KRA000032;Soft
KRA000032;Soft
KRA000033;Soft
KRA000033;Soft
KRA000033;Soft
KRA000034;Soft
KRA000034;Soft
KRA000034;Soft
KRA000035;Soft
KRA000035;Soft
KRA000035;Soft
KRA000036;Soft
KRA000036;Soft
KRA000036;Soft
KRA000037;Soft
KRA000037;Soft
KRA000037;Soft
KRA000038;Soft
KRA000038;Soft
KRA000038;Soft
KRA000039;Soft
KRA000039;Soft
KRA000039;Soft
KRA000040;Soft
KRA000040;Soft
KRA000040;Soft
KRA000041;Soft
KRA000041;Soft
KRA000041;Soft
KRA000042;Soft
KRA000042;Soft
KRA000042;Soft
KRA000043;Soft
KRA000043;Soft
KRA000043;Soft
KRA000044;Soft
KRA000044;Soft
KRA000044;Soft
KRA000045;Soft
KRA000045;Soft
KRA000045;Soft
KRA000046;Soft
KRA000046;Soft
KRA000046;Soft
KRA000047;Soft
KRA000047;Soft
KRA000047;Soft
KRA000048;Soft
KRA000048;Soft
KRA000048;Soft
KRA000049;Soft
KRA000049;Soft
KRA000049;Soft
KRA000050;Soft
KRA000050;Soft
KRA000050;Soft
KRA000051;Soft
KRA000051;Soft
KRA000051;Soft
KRA000052;Soft
KRA000052;Soft
KRA000052;Soft
KRA000053;Soft
KRA000053;Soft
KRA000053;Soft
KRA000054;Soft
KRA000054;Soft
KRA000054;Soft
KRA000055;Soft
KRA000055;Soft
KRA000055;Soft
KRA000056;Soft
KRA000056;Soft
KRA000056;Soft
KRA000057;Soft
KRA000057;Soft
KRA000057;Soft
KRA000058;Soft
KRA000058;Soft
KRA000058;Soft
KRA000059;Soft
KRA000059;Soft
KRA000059;Soft
KRA000060;Soft
KRA000060;Soft
KRA000060;Soft
KRA000061;Soft
KRA000061;Soft
KRA000061;Soft
KRA000062;Soft
KRA000062;Soft
KRA000062;Soft
KRA000063;Soft
KRA000063;Soft
KRA000063;Soft
KRA000064;Soft
KRA000064;Soft
KRA000064;Soft
KRA000065;Soft
KRA000065;Soft
KRA000065;Soft
KRA000066;Soft
KRA000066;Soft
KRA000066;Soft
KRA000067;Soft
KRA000067;Soft
KRA000067;Soft
KRA000068;Soft
KRA000068;Soft
KRA000068;Soft
KWAZ0001;KWAZAR
KWAZ0001;KWAZAR
KWAZ0001;KWAZAR
KWAZ0002;KWAZAR
KWAZ0002;KWAZAR
KWAZ0002;KWAZAR
KWAZ0003;KWAZAR
KWAZ0003;KWAZAR
KWAZ0003;KWAZAR
KWAZ0004;KWAZAR
KWAZ0004;KWAZAR
KWAZ0004;KWAZAR
KWAZ0005;KWAZAR
KWAZ0005;KWAZAR
KWAZ0005;KWAZAR
KWAZ0006;KWAZAR
KWAZ0006;KWAZAR
KWAZ0006;KWAZAR
KWAZ0007;KWAZAR
KWAZ0007;KWAZAR
KWAZ0007;KWAZAR
KWAZ0008;KWAZAR
KWAZ0008;KWAZAR
KWAZ0008;KWAZAR
KWAZ0009;KWAZAR
KWAZ0009;KWAZAR
KWAZ0009;KWAZAR
KWAZ0010;KWAZAR
KWAZ0010;KWAZAR
KWAZ0010;KWAZAR
KWAZ0011;KWAZAR
KWAZ0011;KWAZAR
KWAZ0011;KWAZAR
KWAZ0012;KWAZAR
KWAZ0012;KWAZAR
KWAZ0012;KWAZAR
KWAZ0014;KWAZAR
KWAZ0014;KWAZAR
KWAZ0014;KWAZAR
KWAZ0016;KWAZAR
KWAZ0016;KWAZAR
KWAZ0016;KWAZAR
KWAZ0017;KWAZAR
KWAZ0017;KWAZAR
KWAZ0017;KWAZAR
KWAZ0018;KWAZAR
KWAZ0018;KWAZAR
KWAZ0018;KWAZAR
KWAZ0019;KWAZAR
KWAZ0019;KWAZAR
KWAZ0019;KWAZAR
KWAZ0022;KWAZAR
KWAZ0022;KWAZAR
KWAZ0022;KWAZAR
KWAZ0023;KWAZAR
KWAZ0023;KWAZAR
KWAZ0023;KWAZAR
KWAZ0024;KWAZAR
KWAZ0024;KWAZAR
KWAZ0024;KWAZAR
KWAZ0025;KWAZAR
KWAZ0025;KWAZAR
KWAZ0025;KWAZAR
KWAZ0026;KWAZAR
KWAZ0026;KWAZAR
KWAZ0026;KWAZAR
KWAZ0027;KWAZAR
KWAZ0027;KWAZAR
KWAZ0027;KWAZAR
KWAZ0028;KWAZAR
KWAZ0028;KWAZAR
KWAZ0028;KWAZAR
KWAZ0031;KWAZAR
KWAZ0031;KWAZAR
KWAZ0031;KWAZAR
KWAZ0032;KWAZAR
KWAZ0032;KWAZAR
KWAZ0032;KWAZAR
KWAZ0033;KWAZAR
KWAZ0033;KWAZAR
KWAZ0033;KWAZAR
KWAZ0034;KWAZAR
KWAZ0034;KWAZAR
KWAZ0034;KWAZAR
KWAZ0035;KWAZAR
KWAZ0035;KWAZAR
KWAZ0035;KWAZAR
KWAZ0036;KWAZAR
KWAZ0036;KWAZAR
KWAZ0036;KWAZAR
KWAZ0037;KWAZAR
KWAZ0037;KWAZAR
KWAZ0037;KWAZAR
KWAZ0038;KWAZAR
KWAZ0038;KWAZAR
KWAZ0038;KWAZAR
KWAZ0039;KWAZAR
KWAZ0039;KWAZAR
KWAZ0039;KWAZAR
KWAZ0043;KWAZAR
KWAZ0043;KWAZAR
KWAZ0043;KWAZAR
KWAZ0044;KWAZAR
KWAZ0044;KWAZAR
KWAZ0044;KWAZAR
KWAZ0045;KWAZAR
KWAZ0045;KWAZAR
KWAZ0045;KWAZAR
KWAZ0047;KWAZAR
KWAZ0047;KWAZAR
KWAZ0047;KWAZAR
KWAZ0053;KWAZAR
KWAZ0053;KWAZAR
KWAZ0053;KWAZAR
KWAZ0054;KWAZAR
KWAZ0054;KWAZAR
KWAZ0054;KWAZAR
KWAZ0056;KWAZAR
KWAZ0056;KWAZAR
KWAZ0056;KWAZAR
KWAZ0057;KWAZAR
KWAZ0057;KWAZAR
KWAZ0057;KWAZAR
KWAZ0058;KWAZAR
KWAZ0058;KWAZAR
KWAZ0058;KWAZAR
KWAZ0059;KWAZAR
KWAZ0059;KWAZAR
KWAZ0059;KWAZAR
KWAZ0060;KWAZAR
KWAZ0060;KWAZAR
KWAZ0060;KWAZAR
KWAZ0062;KWAZAR
KWAZ0062;KWAZAR
KWAZ0062;KWAZAR
KWAZ0063;KWAZAR
KWAZ0063;KWAZAR
KWAZ0063;KWAZAR
KWAZ0064;KWAZAR
KWAZ0064;KWAZAR
KWAZ0064;KWAZAR
KWAZ0065;KWAZAR
KWAZ0065;KWAZAR
KWAZ0065;KWAZAR
KWAZ0066;KWAZAR
KWAZ0066;KWAZAR
KWAZ0066;KWAZAR
KWAZ0068;KWAZAR
KWAZ0068;KWAZAR
KWAZ0068;KWAZAR
KWAZ0069;KWAZAR
KWAZ0069;KWAZAR
KWAZ0069;KWAZAR
KWAZ0070;KWAZAR
KWAZ0070;KWAZAR
KWAZ0070;KWAZAR
KWAZ0071;KWAZAR
KWAZ0071;KWAZAR
KWAZ0071;KWAZAR
KWAZ0072;KWAZAR
KWAZ0072;KWAZAR
KWAZ0072;KWAZAR
KWAZ0073;KWAZAR
KWAZ0073;KWAZAR
KWAZ0073;KWAZAR
KWAZ0074;KWAZAR
KWAZ0074;KWAZAR
KWAZ0074;KWAZAR
KWAZ0075;KWAZAR
KWAZ0075;KWAZAR
KWAZ0075;KWAZAR
KWAZ0076;KWAZAR
KWAZ0076;KWAZAR
KWAZ0076;KWAZAR
KWAZ0077;KWAZAR
KWAZ0077;KWAZAR
KWAZ0077;KWAZAR
KWAZ0078;KWAZAR
KWAZ0078;KWAZAR
KWAZ0078;KWAZAR
KWAZ0079;KWAZAR
KWAZ0079;KWAZAR
KWAZ0079;KWAZAR
KWAZ0080;KWAZAR
KWAZ0080;KWAZAR
KWAZ0080;KWAZAR
KWAZ0081;KWAZAR
KWAZ0081;KWAZAR
KWAZ0081;KWAZAR
KWAZ0082;KWAZAR
KWAZ0082;KWAZAR
KWAZ0082;KWAZAR
KWAZ0083;KWAZAR
KWAZ0083;KWAZAR
KWAZ0083;KWAZAR
KWAZ0084;KWAZAR
KWAZ0084;KWAZAR
KWAZ0084;KWAZAR
KWAZ0085;KWAZAR
KWAZ0085;KWAZAR
KWAZ0085;KWAZAR
KWAZ0086;KWAZAR
KWAZ0086;KWAZAR
KWAZ0086;KWAZAR
KWAZ0087;KWAZAR
KWAZ0087;KWAZAR
KWAZ0087;KWAZAR
KWAZ0088;KWAZAR
KWAZ0088;KWAZAR
KWAZ0088;KWAZAR
KWAZ0089;KWAZAR
KWAZ0089;KWAZAR
KWAZ0089;KWAZAR
KWAZ0090;KWAZAR
KWAZ0090;KWAZAR
KWAZ0090;KWAZAR
KWAZ0091;KWAZAR
KWAZ0091;KWAZAR
KWAZ0091;KWAZAR
KWAZ0092;KWAZAR
KWAZ0092;KWAZAR
KWAZ0092;KWAZAR
KWAZ0093;KWAZAR
KWAZ0093;KWAZAR
KWAZ0093;KWAZAR
KWAZ0094;KWAZAR
KWAZ0094;KWAZAR
KWAZ0094;KWAZAR
KWAZ0095;KWAZAR
KWAZ0095;KWAZAR
KWAZ0095;KWAZAR
KWAZ0096;KWAZAR
KWAZ0096;KWAZAR
KWAZ0096;KWAZAR
KWAZ0097;KWAZAR
KWAZ0097;KWAZAR
KWAZ0097;KWAZAR
KWAZ0098;KWAZAR
KWAZ0098;KWAZAR
KWAZ0098;KWAZAR
KWAZ0099;KWAZAR
KWAZ0099;KWAZAR
KWAZ0099;KWAZAR
KWAZ0100;KWAZAR
KWAZ0100;KWAZAR
KWAZ0100;KWAZAR
KWAZ0101;KWAZAR
KWAZ0101;KWAZAR
KWAZ0101;KWAZAR
KWAZ0102;KWAZAR
KWAZ0102;KWAZAR
KWAZ0102;KWAZAR
KWAZ0103;KWAZAR
KWAZ0103;KWAZAR
KWAZ0103;KWAZAR
KWAZ0104;KWAZAR
KWAZ0104;KWAZAR
KWAZ0104;KWAZAR
KWAZ0105;KWAZAR
KWAZ0105;KWAZAR
KWAZ0105;KWAZAR
KWAZ0106;KWAZAR
KWAZ0106;KWAZAR
KWAZ0106;KWAZAR
KWAZ0107;KWAZAR
KWAZ0107;KWAZAR
KWAZ0107;KWAZAR
KWAZ0108;KWAZAR
KWAZ0108;KWAZAR
KWAZ0108;KWAZAR
KWAZ0109;KWAZAR
KWAZ0109;KWAZAR
KWAZ0109;KWAZAR
KWAZ0110;KWAZAR
KWAZ0110;KWAZAR
KWAZ0110;KWAZAR
KWAZ0111;KWAZAR
KWAZ0111;KWAZAR
KWAZ0111;KWAZAR
KWAZ0112;KWAZAR
KWAZ0112;KWAZAR
KWAZ0112;KWAZAR
KWAZ0113;KWAZAR
KWAZ0113;KWAZAR
KWAZ0113;KWAZAR
KWAZ0114;KWAZAR
KWAZ0114;KWAZAR
KWAZ0114;KWAZAR
KWAZ0115;KWAZAR
KWAZ0115;KWAZAR
KWAZ0115;KWAZAR
KWAZ0116;KWAZAR
KWAZ0116;KWAZAR
KWAZ0116;KWAZAR
KWAZ0117;KWAZAR
KWAZ0117;KWAZAR
KWAZ0117;KWAZAR
KWAZ0118;KWAZAR
KWAZ0118;KWAZAR
KWAZ0118;KWAZAR
KWAZ0119;KWAZAR
KWAZ0119;KWAZAR
KWAZ0119;KWAZAR
KWAZ0120;KWAZAR
KWAZ0120;KWAZAR
KWAZ0120;KWAZAR
KWAZ0121;KWAZAR
KWAZ0121;KWAZAR
KWAZ0121;KWAZAR
KWAZ0122;KWAZAR
KWAZ0122;KWAZAR
KWAZ0122;KWAZAR
KWAZ0123;KWAZAR
KWAZ0123;KWAZAR
KWAZ0123;KWAZAR
KWAZ0124;KWAZAR
KWAZ0124;KWAZAR
KWAZ0124;KWAZAR
KWAZ0125;KWAZAR
KWAZ0125;KWAZAR
KWAZ0125;KWAZAR
KWAZ0126;KWAZAR
KWAZ0126;KWAZAR
KWAZ0126;KWAZAR
KWAZ0127;KWAZAR
KWAZ0127;KWAZAR
KWAZ0127;KWAZAR
KWAZ0128;KWAZAR
KWAZ0128;KWAZAR
KWAZ0128;KWAZAR
KWAZ0129;KWAZAR
KWAZ0129;KWAZAR
KWAZ0129;KWAZAR
KWAZ0130;KWAZAR
KWAZ0130;KWAZAR
KWAZ0130;KWAZAR
KWAZ0131;KWAZAR
KWAZ0131;KWAZAR
KWAZ0131;KWAZAR
KWAZ0132;KWAZAR
KWAZ0132;KWAZAR
KWAZ0132;KWAZAR
KWAZ0133;KWAZAR
KWAZ0133;KWAZAR
KWAZ0133;KWAZAR
KWAZ0134;KWAZAR
KWAZ0134;KWAZAR
KWAZ0134;KWAZAR
KWAZ0135;KWAZAR
KWAZ0135;KWAZAR
KWAZ0135;KWAZAR
KWAZ0136;KWAZAR
KWAZ0136;KWAZAR
KWAZ0136;KWAZAR
KWAZ0137;KWAZAR
KWAZ0137;KWAZAR
KWAZ0137;KWAZAR
KWAZ0138;KWAZAR
KWAZ0138;KWAZAR
KWAZ0138;KWAZAR
KWAZ0139;KWAZAR
KWAZ0139;KWAZAR
KWAZ0139;KWAZAR
KWAZ0140;KWAZAR
KWAZ0140;KWAZAR
KWAZ0140;KWAZAR
KWAZ0141;KWAZAR
KWAZ0141;KWAZAR
KWAZ0141;KWAZAR
KWAZ0142;KWAZAR
KWAZ0142;KWAZAR
KWAZ0142;KWAZAR
KWAZ0143;KWAZAR
KWAZ0143;KWAZAR
KWAZ0143;KWAZAR
KWAZ0144;KWAZAR
KWAZ0144;KWAZAR
KWAZ0144;KWAZAR
KWAZ0145;KWAZAR
KWAZ0145;KWAZAR
KWAZ0145;KWAZAR
KWAZ0146;KWAZAR
KWAZ0146;KWAZAR
KWAZ0146;KWAZAR
KWAZ0147;KWAZAR
KWAZ0147;KWAZAR
KWAZ0147;KWAZAR
KWAZ0148;KWAZAR
KWAZ0148;KWAZAR
KWAZ0148;KWAZAR
KWAZ0149;KWAZAR
KWAZ0149;KWAZAR
KWAZ0149;KWAZAR
KWAZ0150;KWAZAR
KWAZ0150;KWAZAR
KWAZ0150;KWAZAR
KWAZ0151;KWAZAR
KWAZ0151;KWAZAR
KWAZ0151;KWAZAR
KWAZ0152;KWAZAR
KWAZ0152;KWAZAR
KWAZ0152;KWAZAR
KWAZ0153;KWAZAR
KWAZ0153;KWAZAR
KWAZ0153;KWAZAR
KWAZ0154;KWAZAR
KWAZ0154;KWAZAR
KWAZ0154;KWAZAR
KWAZ0155;KWAZAR
KWAZ0155;KWAZAR
KWAZ0155;KWAZAR
KWAZ0156;KWAZAR
KWAZ0156;KWAZAR
KWAZ0156;KWAZAR
KWAZ0157;KWAZAR
KWAZ0157;KWAZAR
KWAZ0157;KWAZAR
KWAZ0158;KWAZAR
KWAZ0158;KWAZAR
KWAZ0158;KWAZAR
KWAZ0159;KWAZAR
KWAZ0159;KWAZAR
KWAZ0159;KWAZAR
KWAZ0160;KWAZAR
KWAZ0160;KWAZAR
KWAZ0160;KWAZAR
LAN000001;Orion
LAN000001;Orion
LAN000001;Orion
LAN000002;Orion
LAN000002;Orion
LAN000002;Orion
LAN000003;Orion
LAN000003;Orion
LAN000003;Orion
LAN000004;Orion
LAN000004;Orion
LAN000004;Orion
LAN000005;Orion
LAN000005;Orion
LAN000005;Orion
LAN000006;Orion
LAN000006;Orion
LAN000006;Orion
LAN000007;Orion
LAN000007;Orion
LAN000007;Orion
LAN000008;Orion
LAN000008;Orion
LAN000008;Orion
LAN000009;Orion
LAN000009;Orion
LAN000009;Orion
LAN000010;Orion
LAN000010;Orion
LAN000010;Orion
LAN000011;Orion
LAN000011;Orion
LAN000011;Orion
LAN000012;Orion
LAN000012;Orion
LAN000012;Orion
LAN000013;Orion
LAN000013;Orion
LAN000013;Orion
LAN000014;Orion
LAN000014;Orion
LAN000014;Orion
LAN000015;Orion
LAN000015;Orion
LAN000015;Orion
LAN000016;Orion
LAN000016;Orion
LAN000016;Orion
LAN000017;Orion
LAN000017;Orion
LAN000017;Orion
LAN000018;Orion
LAN000018;Orion
LAN000018;Orion
LAN000019;Orion
LAN000019;Orion
LAN000019;Orion
LAN000020;Orion
LAN000020;Orion
LAN000020;Orion
LAN000021;Orion
LAN000021;Orion
LAN000021;Orion
LAN000022;Orion
LAN000022;Orion
LAN000022;Orion
LAN000023;Orion
LAN000023;Orion
LAN000023;Orion
LAN000024;Orion
LAN000024;Orion
LAN000024;Orion
LAN000025;Orion
LAN000025;Orion
LAN000025;Orion
LAN000026;Orion
LAN000026;Orion
LAN000026;Orion
LAN000027;Orion
LAN000027;Orion
LAN000027;Orion
LAN000028;Orion
LAN000028;Orion
LAN000028;Orion
LAN000029;Orion
LAN000029;Orion
LAN000029;Orion
LAN000030;Orion
LAN000030;Orion
LAN000030;Orion
LAN000031;Orion
LAN000031;Orion
LAN000031;Orion
LAN000032;Orion
LAN000032;Orion
LAN000032;Orion
LAN000033;Orion
LAN000033;Orion
LAN000033;Orion
LAN000035;Orion
LAN000035;Orion
LAN000035;Orion
LAN000036;Orion
LAN000036;Orion
LAN000036;Orion
LAN000037;Orion
LAN000037;Orion
LAN000037;Orion
LAN000038;Orion
LAN000038;Orion
LAN000038;Orion
LAN000039;Orion
LAN000039;Orion
LAN000039;Orion
LAN000040;Orion
LAN000040;Orion
LAN000040;Orion
LAN000041;Orion
LAN000041;Orion
LAN000041;Orion
LAN000042;Orion
LAN000042;Orion
LAN000042;Orion
LAN000043;Orion
LAN000043;Orion
LAN000043;Orion
LAN000044;Orion
LAN000044;Orion
LAN000044;Orion
LAN000045;Orion
LAN000045;Orion
LAN000045;Orion
LAN000046;Orion
LAN000046;Orion
LAN000046;Orion
LAN000047;Orion
LAN000047;Orion
LAN000047;Orion
LAN000048;Orion
LAN000048;Orion
LAN000048;Orion
LAN000049;Orion
LAN000049;Orion
LAN000049;Orion
LAN000050;Orion
LAN000050;Orion
LAN000050;Orion
LAN000051;Orion
LAN000051;Orion
LAN000051;Orion
LAN000052;Orion
LAN000052;Orion
LAN000052;Orion
LAN000053;Orion
LAN000053;Orion
LAN000053;Orion
LAN000054;Orion
LAN000054;Orion
LAN000054;Orion
LAN000055;Orion
LAN000055;Orion
LAN000055;Orion
LAN000056;Orion
LAN000056;Orion
LAN000056;Orion
LAN000057;Orion
LAN000057;Orion
LAN000057;Orion
LAN000058;Orion
LAN000058;Orion
LAN000058;Orion
LAN000059;Orion
LAN000059;Orion
LAN000059;Orion
LAN000060;Orion
LAN000060;Orion
LAN000060;Orion
LAN000061;Orion
LAN000061;Orion
LAN000061;Orion
LAN000062;Orion
LAN000062;Orion
LAN000062;Orion
LAN000063;Orion
LAN000063;Orion
LAN000063;Orion
LAN000064;Orion
LAN000064;Orion
LAN000064;Orion
LAN000065;Orion
LAN000065;Orion
LAN000065;Orion
LAN000066;Orion
LAN000066;Orion
LAN000066;Orion
LAN000067;Orion
LAN000067;Orion
LAN000067;Orion
LAN000068;Orion
LAN000068;Orion
LAN000068;Orion
LAN000069;Orion
LAN000069;Orion
LAN000069;Orion
LAN000070;Orion
LAN000070;Orion
LAN000070;Orion
LAN000071;Orion
LAN000071;Orion
LAN000071;Orion
LAN000072;Orion
LAN000072;Orion
LAN000072;Orion
LAN000073;Orion
LAN000073;Orion
LAN000073;Orion
LAN000074;Orion
LAN000074;Orion
LAN000074;Orion
LAN000075;Orion
LAN000075;Orion
LAN000075;Orion
LAN000076;Orion
LAN000076;Orion
LAN000076;Orion
LAN000077;Orion
LAN000077;Orion
LAN000077;Orion
LAN000078;Orion
LAN000078;Orion
LAN000078;Orion
LAN000079;Orion
LAN000079;Orion
LAN000079;Orion
LAN000080;Orion
LAN000080;Orion
LAN000080;Orion
LAN000081;Orion
LAN000081;Orion
LAN000081;Orion
LAN000082;Orion
LAN000082;Orion
LAN000082;Orion
LAN000083;Orion
LAN000083;Orion
LAN000083;Orion
LAN000084;Orion
LAN000084;Orion
LAN000084;Orion
LAN000085;Orion
LAN000085;Orion
LAN000085;Orion
LAN000086;Orion
LAN000086;Orion
LAN000086;Orion
LAN000087;Orion
LAN000087;Orion
LAN000087;Orion
LAN000088;Orion
LAN000088;Orion
LAN000088;Orion
LAV000001;LAVOR
LAV000001;LAVOR
LAV000001;LAVOR
LAV000002;LAVOR
LAV000002;LAVOR
LAV000002;LAVOR
LAV000004;LAVOR
LAV000004;LAVOR
LAV000004;LAVOR
LAV000005;LAVOR
LAV000005;LAVOR
LAV000005;LAVOR
LAV000007;LAVOR
LAV000007;LAVOR
LAV000007;LAVOR
LAV000008;LAVOR
LAV000008;LAVOR
LAV000008;LAVOR
LIN000001;LINEA TRADE
LIN000001;LINEA TRADE
LIN000001;LINEA TRADE
LIN000003;LINEA TRADE
LIN000003;LINEA TRADE
LIN000003;LINEA TRADE
LIN000004;LINEA TRADE
LIN000004;LINEA TRADE
LIN000004;LINEA TRADE
LIN000006;LINEA TRADE
LIN000006;LINEA TRADE
LIN000006;LINEA TRADE
LIN000007;LINEA TRADE
LIN000007;LINEA TRADE
LIN000007;LINEA TRADE
LIN000009;LINEA TRADE
LIN000009;LINEA TRADE
LIN000009;LINEA TRADE
LIN000018;LINEA TRADE
LIN000018;LINEA TRADE
LIN000018;LINEA TRADE
LIN000019;LINEA TRADE
LIN000019;LINEA TRADE
LIN000019;LINEA TRADE
LIN000020;LINEA TRADE
LIN000020;LINEA TRADE
LIN000020;LINEA TRADE
LIN000021;LINEA TRADE
LIN000021;LINEA TRADE
LIN000021;LINEA TRADE
LIN000022;LINEA TRADE
LIN000022;LINEA TRADE
LIN000022;LINEA TRADE
LIN000023;LINEA TRADE
LIN000023;LINEA TRADE
LIN000023;LINEA TRADE
LIN000024;LINEA TRADE
LIN000024;LINEA TRADE
LIN000024;LINEA TRADE
LIN000025;LINEA TRADE
LIN000025;LINEA TRADE
LIN000025;LINEA TRADE
LIN000026;LINEA TRADE
LIN000026;LINEA TRADE
LIN000026;LINEA TRADE
LIN000027;LINEA TRADE
LIN000027;LINEA TRADE
LIN000027;LINEA TRADE
LIN000028;LINEA TRADE
LIN000028;LINEA TRADE
LIN000028;LINEA TRADE
LIN000029;LINEA TRADE
LIN000029;LINEA TRADE
LIN000029;LINEA TRADE
LIN000030;LINEA TRADE
LIN000030;LINEA TRADE
LIN000030;LINEA TRADE
LIN000031;LINEA TRADE
LIN000031;LINEA TRADE
LIN000031;LINEA TRADE
LIN000032;LINEA TRADE
LIN000032;LINEA TRADE
LIN000032;LINEA TRADE
LIN000033;LINEA TRADE
LIN000033;LINEA TRADE
LIN000033;LINEA TRADE
LIN000034;LINEA TRADE
LIN000034;LINEA TRADE
LIN000034;LINEA TRADE
LIN000035;LINEA TRADE
LIN000035;LINEA TRADE
LIN000035;LINEA TRADE
LIN000036;LINEA TRADE
LIN000036;LINEA TRADE
LIN000036;LINEA TRADE
LIN000037;LINEA TRADE
LIN000037;LINEA TRADE
LIN000037;LINEA TRADE
LIN000038;LINEA TRADE
LIN000038;LINEA TRADE
LIN000038;LINEA TRADE
LIN000039;LINEA TRADE
LIN000039;LINEA TRADE
LIN000039;LINEA TRADE
LIN000040;LINEA TRADE
LIN000040;LINEA TRADE
LIN000040;LINEA TRADE
LIN000041;LINEA TRADE
LIN000041;LINEA TRADE
LIN000041;LINEA TRADE
LIN000042;LINEA TRADE
LIN000042;LINEA TRADE
LIN000042;LINEA TRADE
LIN000043;LINEA TRADE
LIN000043;LINEA TRADE
LIN000043;LINEA TRADE
LIN000044;LINEA TRADE
LIN000044;LINEA TRADE
LIN000044;LINEA TRADE
LIN000045;LINEA TRADE
LIN000045;LINEA TRADE
LIN000045;LINEA TRADE
LIN000046;LINEA TRADE
LIN000046;LINEA TRADE
LIN000046;LINEA TRADE
LIN000047;LINEA TRADE
LIN000047;LINEA TRADE
LIN000047;LINEA TRADE
LIN000048;LINEA TRADE
LIN000048;LINEA TRADE
LIN000048;LINEA TRADE
LIN000049;LINEA TRADE
LIN000049;LINEA TRADE
LIN000049;LINEA TRADE
LIN000050;LINEA TRADE
LIN000050;LINEA TRADE
LIN000050;LINEA TRADE
LIN000051;LINEA TRADE
LIN000051;LINEA TRADE
LIN000051;LINEA TRADE
LIN000052;LINEA TRADE
LIN000052;LINEA TRADE
LIN000052;LINEA TRADE
LIN000053;LINEA TRADE
LIN000053;LINEA TRADE
LIN000053;LINEA TRADE
LIN000054;LINEA TRADE
LIN000054;LINEA TRADE
LIN000054;LINEA TRADE
LIN000055;LINEA TRADE
LIN000055;LINEA TRADE
LIN000055;LINEA TRADE
LIN000056;LINEA TRADE
LIN000056;LINEA TRADE
LIN000056;LINEA TRADE
LIN000057;LINEA TRADE
LIN000057;LINEA TRADE
LIN000057;LINEA TRADE
LIN000058;LINEA TRADE
LIN000058;LINEA TRADE
LIN000058;LINEA TRADE
LIN000059;LINEA TRADE
LIN000059;LINEA TRADE
LIN000059;LINEA TRADE
LIN000060;LINEA TRADE
LIN000060;LINEA TRADE
LIN000060;LINEA TRADE
LIN000061;LINEA TRADE
LIN000061;LINEA TRADE
LIN000061;LINEA TRADE
LIN000062;LINEA TRADE
LIN000062;LINEA TRADE
LIN000062;LINEA TRADE
LIN000063;LINEA TRADE
LIN000063;LINEA TRADE
LIN000063;LINEA TRADE
LIN000064;LINEA TRADE
LIN000064;LINEA TRADE
LIN000064;LINEA TRADE
LIN000065;LINEA TRADE
LIN000065;LINEA TRADE
LIN000065;LINEA TRADE
LIN000066;LINEA TRADE
LIN000066;LINEA TRADE
LIN000066;LINEA TRADE
LIN000067;LINEA TRADE
LIN000067;LINEA TRADE
LIN000067;LINEA TRADE
LIN000068;LINEA TRADE
LIN000068;LINEA TRADE
LIN000068;LINEA TRADE
LIN000069;LINEA TRADE
LIN000069;LINEA TRADE
LIN000069;LINEA TRADE
LIN000070;LINEA TRADE
LIN000070;LINEA TRADE
LIN000070;LINEA TRADE
LIN000071;LINEA TRADE
LIN000071;LINEA TRADE
LIN000071;LINEA TRADE
LIN000072;LINEA TRADE
LIN000072;LINEA TRADE
LIN000072;LINEA TRADE
LIN000073;LINEA TRADE
LIN000073;LINEA TRADE
LIN000073;LINEA TRADE
LIN000074;LINEA TRADE
LIN000074;LINEA TRADE
LIN000074;LINEA TRADE
LIN000075;LINEA TRADE
LIN000075;LINEA TRADE
LIN000075;LINEA TRADE
LIN000076;LINEA TRADE
LIN000076;LINEA TRADE
LIN000076;LINEA TRADE
LIN000077;LINEA TRADE
LIN000077;LINEA TRADE
LIN000077;LINEA TRADE
LIN000078;LINEA TRADE
LIN000078;LINEA TRADE
LIN000078;LINEA TRADE
LIN000079;LINEA TRADE
LIN000079;LINEA TRADE
LIN000079;LINEA TRADE
LIN000080;LINEA TRADE
LIN000080;LINEA TRADE
LIN000080;LINEA TRADE
LIN000081;LINEA TRADE
LIN000081;LINEA TRADE
LIN000081;LINEA TRADE
LIN000082;LINEA TRADE
LIN000082;LINEA TRADE
LIN000082;LINEA TRADE
LIN000083;LINEA TRADE
LIN000083;LINEA TRADE
LIN000083;LINEA TRADE
LIN000084;LINEA TRADE
LIN000084;LINEA TRADE
LIN000084;LINEA TRADE
LIN000085;LINEA TRADE
LIN000085;LINEA TRADE
LIN000085;LINEA TRADE
LIN000086;LINEA TRADE
LIN000086;LINEA TRADE
LIN000086;LINEA TRADE
LIN000087;LINEA TRADE
LIN000087;LINEA TRADE
LIN000087;LINEA TRADE
LIN000088;LINEA TRADE
LIN000088;LINEA TRADE
LIN000088;LINEA TRADE
LIN000089;LINEA TRADE
LIN000089;LINEA TRADE
LIN000089;LINEA TRADE
LIN000090;LINEA TRADE
LIN000090;LINEA TRADE
LIN000090;LINEA TRADE
LIN000091;LINEA TRADE
LIN000091;LINEA TRADE
LIN000091;LINEA TRADE
LIN000092;LINEA TRADE
LIN000092;LINEA TRADE
LIN000092;LINEA TRADE
LIN000093;LINEA TRADE
LIN000093;LINEA TRADE
LIN000093;LINEA TRADE
LIN000094;LINEA TRADE
LIN000094;LINEA TRADE
LIN000094;LINEA TRADE
LIN000095;LINEA TRADE
LIN000095;LINEA TRADE
LIN000095;LINEA TRADE
LIN000096;LINEA TRADE
LIN000096;LINEA TRADE
LIN000096;LINEA TRADE
LIN000097;LINEA TRADE
LIN000097;LINEA TRADE
LIN000097;LINEA TRADE
LIN000098;LINEA TRADE
LIN000098;LINEA TRADE
LIN000098;LINEA TRADE
LIN000099;LINEA TRADE
LIN000099;LINEA TRADE
LIN000099;LINEA TRADE
LIN000100;LINEA TRADE
LIN000100;LINEA TRADE
LIN000100;LINEA TRADE
LIN000101;LINEA TRADE
LIN000101;LINEA TRADE
LIN000101;LINEA TRADE
LIN000102;LINEA TRADE
LIN000102;LINEA TRADE
LIN000102;LINEA TRADE
LIN000103;LINEA TRADE
LIN000103;LINEA TRADE
LIN000103;LINEA TRADE
LIN000104;LINEA TRADE
LIN000104;LINEA TRADE
LIN000104;LINEA TRADE
LIN000105;LINEA TRADE
LIN000105;LINEA TRADE
LIN000105;LINEA TRADE
LIN000106;LINEA TRADE
LIN000106;LINEA TRADE
LIN000106;LINEA TRADE
LIN000108;LINEA TRADE
LIN000108;LINEA TRADE
LIN000108;LINEA TRADE
LIN000109;LINEA TRADE
LIN000109;LINEA TRADE
LIN000109;LINEA TRADE
LIN000110;LINEA TRADE
LIN000110;LINEA TRADE
LIN000110;LINEA TRADE
LIN000111;LINEA TRADE
LIN000111;LINEA TRADE
LIN000111;LINEA TRADE
LIN000112;LINEA TRADE
LIN000112;LINEA TRADE
LIN000112;LINEA TRADE
LIN000113;LINEA TRADE
LIN000113;LINEA TRADE
LIN000113;LINEA TRADE
LIN000114;LINEA TRADE
LIN000114;LINEA TRADE
LIN000114;LINEA TRADE
LIN000115;LINEA TRADE
LIN000115;LINEA TRADE
LIN000115;LINEA TRADE
LIN000116;LINEA TRADE
LIN000116;LINEA TRADE
LIN000116;LINEA TRADE
LIN000117;LINEA TRADE
LIN000117;LINEA TRADE
LIN000117;LINEA TRADE
LIN000118;LINEA TRADE
LIN000118;LINEA TRADE
LIN000118;LINEA TRADE
LIN000119;LINEA TRADE
LIN000119;LINEA TRADE
LIN000119;LINEA TRADE
LIN000120;LINEA TRADE
LIN000120;LINEA TRADE
LIN000120;LINEA TRADE
LIN000121;LINEA TRADE
LIN000121;LINEA TRADE
LIN000121;LINEA TRADE
LIN000122;LINEA TRADE
LIN000122;LINEA TRADE
LIN000122;LINEA TRADE
LIN000123;LINEA TRADE
LIN000123;LINEA TRADE
LIN000123;LINEA TRADE
LIN000124;LINEA TRADE
LIN000124;LINEA TRADE
LIN000124;LINEA TRADE
LIN000125;LINEA TRADE
LIN000125;LINEA TRADE
LIN000125;LINEA TRADE
LIN000126;LINEA TRADE
LIN000126;LINEA TRADE
LIN000126;LINEA TRADE
LIN000127;LINEA TRADE
LIN000127;LINEA TRADE
LIN000127;LINEA TRADE
LIN000128;LINEA TRADE
LIN000128;LINEA TRADE
LIN000128;LINEA TRADE
LIN000129;LINEA TRADE
LIN000129;LINEA TRADE
LIN000129;LINEA TRADE
LIN000130;LINEA TRADE
LIN000130;LINEA TRADE
LIN000130;LINEA TRADE
LIN000131;LINEA TRADE
LIN000131;LINEA TRADE
LIN000131;LINEA TRADE
LIN000133;LINEA TRADE
LIN000133;LINEA TRADE
LIN000133;LINEA TRADE
LIN000134;LINEA TRADE
LIN000134;LINEA TRADE
LIN000134;LINEA TRADE
LIN000135;LINEA TRADE
LIN000135;LINEA TRADE
LIN000135;LINEA TRADE
LIN000136;LINEA TRADE
LIN000136;LINEA TRADE
LIN000136;LINEA TRADE
LIN000137;LINEA TRADE
LIN000137;LINEA TRADE
LIN000137;LINEA TRADE
LIN000138;LINEA TRADE
LIN000138;LINEA TRADE
LIN000138;LINEA TRADE
LIN000140;LINEA TRADE
LIN000140;LINEA TRADE
LIN000140;LINEA TRADE
LIN000141;LINEA TRADE
LIN000141;LINEA TRADE
LIN000141;LINEA TRADE
LIN000142;LINEA TRADE
LIN000142;LINEA TRADE
LIN000142;LINEA TRADE
LIN000143;LINEA TRADE
LIN000143;LINEA TRADE
LIN000143;LINEA TRADE
LIN000144;LINEA TRADE
LIN000144;LINEA TRADE
LIN000144;LINEA TRADE
LIN000145;LINEA TRADE
LIN000145;LINEA TRADE
LIN000145;LINEA TRADE
LIN000146;LINEA TRADE
LIN000146;LINEA TRADE
LIN000146;LINEA TRADE
LIN000147;LINEA TRADE
LIN000147;LINEA TRADE
LIN000147;LINEA TRADE
LIN000148;LINEA TRADE
LIN000148;LINEA TRADE
LIN000148;LINEA TRADE
LIN000149;LINEA TRADE
LIN000149;LINEA TRADE
LIN000149;LINEA TRADE
LIN000150;LINEA TRADE
LIN000150;LINEA TRADE
LIN000150;LINEA TRADE
LIN000151;LINEA TRADE
LIN000151;LINEA TRADE
LIN000151;LINEA TRADE
LIN000152;LINEA TRADE
LIN000152;LINEA TRADE
LIN000152;LINEA TRADE
LIN000153;LINEA TRADE
LIN000153;LINEA TRADE
LIN000153;LINEA TRADE
LIN000154;LINEA TRADE
LIN000154;LINEA TRADE
LIN000154;LINEA TRADE
LIN000155;LINEA TRADE
LIN000155;LINEA TRADE
LIN000155;LINEA TRADE
LIN000156;LINEA TRADE
LIN000156;LINEA TRADE
LIN000156;LINEA TRADE
LIN000157;LINEA TRADE
LIN000157;LINEA TRADE
LIN000157;LINEA TRADE
LIN000158;LINEA TRADE
LIN000158;LINEA TRADE
LIN000158;LINEA TRADE
LIN000159;LINEA TRADE
LIN000159;LINEA TRADE
LIN000159;LINEA TRADE
LIN000160;LINEA TRADE
LIN000160;LINEA TRADE
LIN000160;LINEA TRADE
Mar000001;MARWIS
Mar000001;MARWIS
Mar000001;MARWIS
Mar000002;MARWIS
Mar000002;MARWIS
Mar000002;MARWIS
Mar000003;MARWIS
Mar000003;MARWIS
Mar000003;MARWIS
Mar000004;MARWIS
Mar000004;MARWIS
Mar000004;MARWIS
Mar000005;MARWIS
Mar000005;MARWIS
Mar000005;MARWIS
Mar000006;MARWIS
Mar000006;MARWIS
Mar000006;MARWIS
Mar000007;MARWIS
Mar000007;MARWIS
Mar000007;MARWIS
Mar000008;MARWIS
Mar000008;MARWIS
Mar000008;MARWIS
Mar000009;MARWIS
Mar000009;MARWIS
Mar000009;MARWIS
Mar000010;MARWIS
Mar000010;MARWIS
Mar000010;MARWIS
Mar000011;MARWIS
Mar000011;MARWIS
Mar000011;MARWIS
Mar000012;MARWIS
Mar000012;MARWIS
Mar000012;MARWIS
MER000001;MERSA
MER000001;MERSA
MER000001;MERSA
MER000002;MERSA
MER000002;MERSA
MER000002;MERSA
MER000003;MERSA
MER000003;MERSA
MER000003;MERSA
MER000004;MERSA
MER000004;MERSA
MER000004;MERSA
MER000005;MERSA
MER000005;MERSA
MER000005;MERSA
MER000006;MERSA
MER000006;MERSA
MER000006;MERSA
MER000007;MERSA
MER000007;MERSA
MER000007;MERSA
MER000008;MERSA
MER000008;MERSA
MER000008;MERSA
MER000009;MERSA
MER000009;MERSA
MER000009;MERSA
MER000010;MERSA
MER000010;MERSA
MER000010;MERSA
MER000011;MERSA
MER000011;MERSA
MER000011;MERSA
MER000012;MERSA
MER000012;MERSA
MER000012;MERSA
MER000013;MERSA
MER000013;MERSA
MER000013;MERSA
MER000014;MERSA
MER000014;MERSA
MER000014;MERSA
MER000015;MERSA
MER000015;MERSA
MER000015;MERSA
MER000016;MERSA
MER000016;MERSA
MER000016;MERSA
MER000017;MERSA
MER000017;MERSA
MER000017;MERSA
MER000018;MERSA
MER000018;MERSA
MER000018;MERSA
MER000019;MERSA
MER000019;MERSA
MER000019;MERSA
MER000020;MERSA
MER000020;MERSA
MER000020;MERSA
MER000021;MERSA
MER000021;MERSA
MER000021;MERSA
MER000022;MERSA
MER000022;MERSA
MER000022;MERSA
MER000023;MERSA
MER000023;MERSA
MER000023;MERSA
MER000024;MERSA
MER000024;MERSA
MER000024;MERSA
MER000025;MERSA
MER000025;MERSA
MER000025;MERSA
MER000026;MERSA
MER000026;MERSA
MER000026;MERSA
MER000027;MERSA
MER000027;MERSA
MER000027;MERSA
MER000028;MERSA
MER000028;MERSA
MER000028;MERSA
MER000029;MERSA
MER000029;MERSA
MER000029;MERSA
MER000030;MERSA
MER000030;MERSA
MER000030;MERSA
MER000031;MERSA
MER000031;MERSA
MER000031;MERSA
MER000032;MERSA
MER000032;MERSA
MER000032;MERSA
MER000033;MERSA
MER000033;MERSA
MER000033;MERSA
MER000034;MERSA
MER000034;MERSA
MER000034;MERSA
MER000035;MERSA
MER000035;MERSA
MER000035;MERSA
MER000036;MERSA
MER000036;MERSA
MER000036;MERSA
MER000037;MERSA
MER000037;MERSA
MER000037;MERSA
MER000038;MERSA
MER000038;MERSA
MER000038;MERSA
MER000039;MERSA
MER000039;MERSA
MER000039;MERSA
MER000040;MERSA
MER000040;MERSA
MER000040;MERSA
MER000041;MERSA
MER000041;MERSA
MER000041;MERSA
MER000042;MERSA
MER000042;MERSA
MER000042;MERSA
MER000043;MERSA
MER000043;MERSA
MER000043;MERSA
MER000044;MERSA
MER000044;MERSA
MER000044;MERSA
MER000045;MERSA
MER000045;MERSA
MER000045;MERSA
MER000046;MERSA
MER000046;MERSA
MER000046;MERSA
MER000047;MERSA
MER000047;MERSA
MER000047;MERSA
MER000049;MERSA
MER000049;MERSA
MER000049;MERSA
MER000050;MERSA
MER000050;MERSA
MER000050;MERSA
MER000051;MERSA
MER000051;MERSA
MER000051;MERSA
MER000052;MERSA
MER000052;MERSA
MER000052;MERSA
MER000053;MERSA
MER000053;MERSA
MER000053;MERSA
MER000054;MERSA
MER000054;MERSA
MER000054;MERSA
MER000055;MERSA
MER000055;MERSA
MER000055;MERSA
MER000056;MERSA
MER000056;MERSA
MER000056;MERSA
MER000057;MERSA
MER000057;MERSA
MER000057;MERSA
MER000058;MERSA
MER000058;MERSA
MER000058;MERSA
MER000059;MERSA
MER000059;MERSA
MER000059;MERSA
MER000060;MERSA
MER000060;MERSA
MER000060;MERSA
MER000061;MERSA
MER000061;MERSA
MER000061;MERSA
MER000062;MERSA
MER000062;MERSA
MER000062;MERSA
MER000063;MERSA
MER000063;MERSA
MER000063;MERSA
MER000064;MERSA
MER000064;MERSA
MER000064;MERSA
MER000065;MERSA
MER000065;MERSA
MER000065;MERSA
MER000066;MERSA
MER000066;MERSA
MER000066;MERSA
MER000067;MERSA
MER000067;MERSA
MER000067;MERSA
MER000068;MERSA
MER000068;MERSA
MER000068;MERSA
MER000069;MERSA
MER000069;MERSA
MER000069;MERSA
MER000070;MERSA
MER000070;MERSA
MER000070;MERSA
MER000071;MERSA
MER000071;MERSA
MER000071;MERSA
MER000072;MERSA
MER000072;MERSA
MER000072;MERSA
MER000073;MERSA
MER000073;MERSA
MER000073;MERSA
MER000074;MERSA
MER000074;MERSA
MER000074;MERSA
MER000075;MERSA
MER000075;MERSA
MER000075;MERSA
MER000076;MERSA
MER000076;MERSA
MER000076;MERSA
MER000077;MERSA
MER000077;MERSA
MER000077;MERSA
MER000078;MERSA
MER000078;MERSA
MER000078;MERSA
MER000080;MERSA
MER000080;MERSA
MER000080;MERSA
MER000081;MERSA
MER000081;MERSA
MER000081;MERSA
MER000082;MERSA
MER000082;MERSA
MER000082;MERSA
MER000083;MERSA
MER000083;MERSA
MER000083;MERSA
MER000084;MERSA
MER000084;MERSA
MER000084;MERSA
MER000085;MERSA
MER000085;MERSA
MER000085;MERSA
MER000086;MERSA
MER000086;MERSA
MER000086;MERSA
MER000087;MERSA
MER000087;MERSA
MER000087;MERSA
MER000088;MERSA
MER000088;MERSA
MER000088;MERSA
MER000089;MERSA
MER000089;MERSA
MER000089;MERSA
MER000090;MERSA
MER000090;MERSA
MER000090;MERSA
MER000091;MERSA
MER000091;MERSA
MER000091;MERSA
MER000092;MERSA
MER000092;MERSA
MER000092;MERSA
MER000093;MERSA
MER000093;MERSA
MER000093;MERSA
MER000094;MERSA
MER000094;MERSA
MER000094;MERSA
MER000095;MERSA
MER000095;MERSA
MER000095;MERSA
MER000096;MERSA
MER000096;MERSA
MER000096;MERSA
MER000097;MERSA
MER000097;MERSA
MER000097;MERSA
MER000098;MERSA
MER000098;MERSA
MER000098;MERSA
MER000099;MERSA
MER000099;MERSA
MER000099;MERSA
MER000100;MERSA
MER000100;MERSA
MER000100;MERSA
MER000101;MERSA
MER000101;MERSA
MER000101;MERSA
MER000102;MERSA
MER000102;MERSA
MER000102;MERSA
MER000103;MERSA
MER000103;MERSA
MER000103;MERSA
MER000104;MERSA
MER000104;MERSA
MER000104;MERSA
MER000105;MERSA
MER000105;MERSA
MER000105;MERSA
MER000106;MERSA
MER000106;MERSA
MER000106;MERSA
MER000107;MERSA
MER000107;MERSA
MER000107;MERSA
MER000108;MERSA
MER000108;MERSA
MER000108;MERSA
MER000109;MERSA
MER000109;MERSA
MER000109;MERSA
MER000110;MERSA
MER000110;MERSA
MER000110;MERSA
MER000111;MERSA
MER000111;MERSA
MER000111;MERSA
MER000112;MERSA
MER000112;MERSA
MER000112;MERSA
MER000113;MERSA
MER000113;MERSA
MER000113;MERSA
MER000114;MERSA
MER000114;MERSA
MER000114;MERSA
MER000115;MERSA
MER000115;MERSA
MER000115;MERSA
MER000116;MERSA
MER000116;MERSA
MER000116;MERSA
MER000117;MERSA
MER000117;MERSA
MER000117;MERSA
MER000118;MERSA
MER000118;MERSA
MER000118;MERSA
MER000119;MERSA
MER000119;MERSA
MER000119;MERSA
MER000120;MERSA
MER000120;MERSA
MER000120;MERSA
MER000121;MERSA
MER000121;MERSA
MER000121;MERSA
MER000122;MERSA
MER000122;MERSA
MER000122;MERSA
MER000123;MERSA
MER000123;MERSA
MER000123;MERSA
MER000124;MERSA
MER000124;MERSA
MER000124;MERSA
MER000127;MERSA
MER000127;MERSA
MER000127;MERSA
MER000128;MERSA
MER000128;MERSA
MER000128;MERSA
MER000129;MERSA
MER000129;MERSA
MER000129;MERSA
MER000130;MERSA
MER000130;MERSA
MER000130;MERSA
MER000131;MERSA
MER000131;MERSA
MER000131;MERSA
MER000132;MERSA
MER000132;MERSA
MER000132;MERSA
MER000133;MERSA
MER000133;MERSA
MER000133;MERSA
MER000134;MERSA
MER000134;MERSA
MER000134;MERSA
MER000135;MERSA
MER000135;MERSA
MER000135;MERSA
MER000136;MERSA
MER000136;MERSA
MER000136;MERSA
MER000137;MERSA
MER000137;MERSA
MER000137;MERSA
MER000138;MERSA
MER000138;MERSA
MER000138;MERSA
MER000139;MERSA
MER000139;MERSA
MER000139;MERSA
MER000140;MERSA
MER000140;MERSA
MER000140;MERSA
MER000141;MERSA
MER000141;MERSA
MER000141;MERSA
MER000142;MERSA
MER000142;MERSA
MER000142;MERSA
MER000143;MERSA
MER000143;MERSA
MER000143;MERSA
MER000144;MERSA
MER000144;MERSA
MER000144;MERSA
MER000145;MERSA
MER000145;MERSA
MER000145;MERSA
MER000146;MERSA
MER000146;MERSA
MER000146;MERSA
MER000147;MERSA
MER000147;MERSA
MER000147;MERSA
MER000148;MERSA
MER000148;MERSA
MER000148;MERSA
MER000149;MERSA
MER000149;MERSA
MER000149;MERSA
MER000150;MERSA
MER000150;MERSA
MER000150;MERSA
MER000151;MERSA
MER000151;MERSA
MER000151;MERSA
MER000152;MERSA
MER000152;MERSA
MER000152;MERSA
MER000153;MERSA
MER000153;MERSA
MER000153;MERSA
MER000154;MERSA
MER000154;MERSA
MER000154;MERSA
MER000155;MERSA
MER000155;MERSA
MER000155;MERSA
MER000156;MERSA
MER000156;MERSA
MER000156;MERSA
MER000157;MERSA
MER000157;MERSA
MER000157;MERSA
MER000158;MERSA
MER000158;MERSA
MER000158;MERSA
MER000159;MERSA
MER000159;MERSA
MER000159;MERSA
MER000160;MERSA
MER000160;MERSA
MER000160;MERSA
MER000161;MERSA
MER000161;MERSA
MER000161;MERSA
MER000162;MERSA
MER000162;MERSA
MER000162;MERSA
MER000163;MERSA
MER000163;MERSA
MER000163;MERSA
MER000164;MERSA
MER000164;MERSA
MER000164;MERSA
MER000165;MERSA
MER000165;MERSA
MER000165;MERSA
MER000166;MERSA
MER000166;MERSA
MER000166;MERSA
MER000167;MERSA
MER000167;MERSA
MER000167;MERSA
MER000168;MERSA
MER000168;MERSA
MER000168;MERSA
MER000169;MERSA
MER000169;MERSA
MER000169;MERSA
MER000170;MERSA
MER000170;MERSA
MER000170;MERSA
MER000171;MERSA
MER000171;MERSA
MER000171;MERSA
MER000172;MERSA
MER000172;MERSA
MER000172;MERSA
MER000173;MERSA
MER000173;MERSA
MER000173;MERSA
MER000174;MERSA
MER000174;MERSA
MER000174;MERSA
MER000175;MERSA
MER000175;MERSA
MER000175;MERSA
MER000176;MERSA
MER000176;MERSA
MER000176;MERSA
MER000177;MERSA
MER000177;MERSA
MER000177;MERSA
MER000178;MERSA
MER000178;MERSA
MER000178;MERSA
MER000179;MERSA
MER000179;MERSA
MER000179;MERSA
MER000180;MERSA
MER000180;MERSA
MER000180;MERSA
MER000181;MERSA
MER000181;MERSA
MER000181;MERSA
MER000182;MERSA
MER000182;MERSA
MER000182;MERSA
MER000183;MERSA
MER000183;MERSA
MER000183;MERSA
MER000184;MERSA
MER000184;MERSA
MER000184;MERSA
MER000185;MERSA
MER000185;MERSA
MER000185;MERSA
MER000186;MERSA
MER000186;MERSA
MER000186;MERSA
MER000187;MERSA
MER000187;MERSA
MER000187;MERSA
MER000188;MERSA
MER000188;MERSA
MER000188;MERSA
MER000189;MERSA
MER000189;MERSA
MER000189;MERSA
MER000190;MERSA
MER000190;MERSA
MER000190;MERSA
MER000191;MERSA
MER000191;MERSA
MER000191;MERSA
MER000192;MERSA
MER000192;MERSA
MER000192;MERSA
MER000193;MERSA
MER000193;MERSA
MER000193;MERSA
MER000194;MERSA
MER000194;MERSA
MER000194;MERSA
MER000195;MERSA
MER000195;MERSA
MER000195;MERSA
MER000196;MERSA
MER000196;MERSA
MER000196;MERSA
MER000197;MERSA
MER000197;MERSA
MER000197;MERSA
MER000198;MERSA
MER000198;MERSA
MER000198;MERSA
MER000199;MERSA
MER000199;MERSA
MER000199;MERSA
MER000200;MERSA
MER000200;MERSA
MER000200;MERSA
MER000201;MERSA
MER000201;MERSA
MER000201;MERSA
MER000202;MERSA
MER000202;MERSA
MER000202;MERSA
MER000203;MERSA
MER000203;MERSA
MER000203;MERSA
MER000204;MERSA
MER000204;MERSA
MER000204;MERSA
MPS000003;MPS
MPS000003;MPS
MPS000003;MPS
MPS000006;MPS
MPS000006;MPS
MPS000006;MPS
MPS000009;MPS
MPS000009;MPS
MPS000009;MPS
MPS000011;MPS
MPS000011;MPS
MPS000011;MPS
MPS000012;MPS
MPS000012;MPS
MPS000012;MPS
MPS000013;MPS
MPS000013;MPS
MPS000013;MPS
MPS000018;MPS
MPS000018;MPS
MPS000018;MPS
MPS000021;MPS
MPS000021;MPS
MPS000021;MPS
MPS000022;MPS
MPS000022;MPS
MPS000022;MPS
MPS000025;MPS
MPS000025;MPS
MPS000025;MPS
MPS000026;MPS
MPS000026;MPS
MPS000026;MPS
MPS000035;MPS
MPS000035;MPS
MPS000035;MPS
MPS000036;MPS
MPS000036;MPS
MPS000036;MPS
MPS000038;MPS
MPS000038;MPS
MPS000038;MPS
MPS000039;MPS
MPS000039;MPS
MPS000039;MPS
MPS000040;MPS
MPS000040;MPS
MPS000040;MPS
MPS000041;MPS
MPS000041;MPS
MPS000041;MPS
MPS000042;MPS
MPS000042;MPS
MPS000042;MPS
MPS000043;MPS
MPS000043;MPS
MPS000043;MPS
MPS000044;MPS
MPS000044;MPS
MPS000044;MPS
MPS000046;MPS
MPS000046;MPS
MPS000046;MPS
MPS000047;MPS
MPS000047;MPS
MPS000047;MPS
MPS000048;MPS
MPS000048;MPS
MPS000048;MPS
MPS000049;MPS
MPS000049;MPS
MPS000049;MPS
MPS000050;MPS
MPS000050;MPS
MPS000050;MPS
MPS000051;MPS
MPS000051;MPS
MPS000051;MPS
MPS000052;MPS
MPS000052;MPS
MPS000052;MPS
MPS000053;MPS
MPS000053;MPS
MPS000053;MPS
MPS000054;MPS
MPS000054;MPS
MPS000054;MPS
MPS000055;MPS
MPS000055;MPS
MPS000055;MPS
MPS000056;MPS
MPS000056;MPS
MPS000056;MPS
MPS000057;MPS
MPS000057;MPS
MPS000057;MPS
MPS000058;MPS
MPS000058;MPS
MPS000058;MPS
MPS000059;MPS
MPS000059;MPS
MPS000059;MPS
MPS000060;MPS
MPS000060;MPS
MPS000060;MPS
MPS000061;MPS
MPS000061;MPS
MPS000061;MPS
MPS000062;MPS
MPS000062;MPS
MPS000062;MPS
MPS000063;MPS
MPS000063;MPS
MPS000063;MPS
MPS000064;MPS
MPS000064;MPS
MPS000064;MPS
MPS000065;MPS
MPS000065;MPS
MPS000065;MPS
MPS000066;MPS
MPS000066;MPS
MPS000066;MPS
MPS000067;MPS
MPS000067;MPS
MPS000067;MPS
Ner000001;Nerta
Ner000001;Nerta
Ner000001;Nerta
Ner000002;Nerta
Ner000002;Nerta
Ner000002;Nerta
Ner000003;Nerta
Ner000003;Nerta
Ner000003;Nerta
Ner000004;Nerta
Ner000004;Nerta
Ner000004;Nerta
Ner000005;Nerta
Ner000005;Nerta
Ner000005;Nerta
Ner000006;Nerta
Ner000006;Nerta
Ner000006;Nerta
Ner000007;Nerta
Ner000007;Nerta
Ner000007;Nerta
Ner000008;Nerta
Ner000008;Nerta
Ner000008;Nerta
Ner000009;Nerta
Ner000009;Nerta
Ner000009;Nerta
Ner000010;Nerta
Ner000010;Nerta
Ner000010;Nerta
Ner000011;Nerta
Ner000011;Nerta
Ner000011;Nerta
Ner000012;Nerta
Ner000012;Nerta
Ner000012;Nerta
Ner000013;Nerta
Ner000013;Nerta
Ner000013;Nerta
Ner000014;Nerta
Ner000014;Nerta
Ner000014;Nerta
Ner000015;Nerta
Ner000015;Nerta
Ner000015;Nerta
Ner000016;Nerta
Ner000016;Nerta
Ner000016;Nerta
Ner000017;Nerta
Ner000017;Nerta
Ner000017;Nerta
NOR000001;NORMATEK
NOR000001;NORMATEK
NOR000001;NORMATEK
NOR000002;NORMATEK
NOR000002;NORMATEK
NOR000002;NORMATEK
NOR000003;NORMATEK
NOR000003;NORMATEK
NOR000003;NORMATEK
NOR000004;NORMATEK
NOR000004;NORMATEK
NOR000004;NORMATEK
NOR000005;NORMATEK
NOR000005;NORMATEK
NOR000005;NORMATEK
NOR000006;NORMATEK
NOR000006;NORMATEK
NOR000006;NORMATEK
NOR000007;NORMATEK
NOR000007;NORMATEK
NOR000007;NORMATEK
NOR000008;NORMATEK
NOR000008;NORMATEK
NOR000008;NORMATEK
NOR000009;NORMATEK
NOR000009;NORMATEK
NOR000009;NORMATEK
NOR000010;NORMATEK
NOR000010;NORMATEK
NOR000010;NORMATEK
NOR000011;NORMATEK
NOR000011;NORMATEK
NOR000011;NORMATEK
NOR000012;NORMATEK
NOR000012;NORMATEK
NOR000012;NORMATEK
NOR000013;NORMATEK
NOR000013;NORMATEK
NOR000013;NORMATEK
NOR000014;NORMATEK
NOR000014;NORMATEK
NOR000014;NORMATEK
NOR000015;NORMATEK
NOR000015;NORMATEK
NOR000015;NORMATEK
NOR000016;NORMATEK
NOR000016;NORMATEK
NOR000016;NORMATEK
NOR000017;NORMATEK
NOR000017;NORMATEK
NOR000017;NORMATEK
NOR000018;NORMATEK
NOR000018;NORMATEK
NOR000018;NORMATEK
NOR000019;NORMATEK
NOR000019;NORMATEK
NOR000019;NORMATEK
NOR000020;NORMATEK
NOR000020;NORMATEK
NOR000020;NORMATEK
NOR000021;NORMATEK
NOR000021;NORMATEK
NOR000021;NORMATEK
NOR000022;NORMATEK
NOR000022;NORMATEK
NOR000022;NORMATEK
NOR000023;NORMATEK
NOR000023;NORMATEK
NOR000023;NORMATEK
NOR000024;NORMATEK
NOR000024;NORMATEK
NOR000024;NORMATEK
NOR000025;NORMATEK
NOR000025;NORMATEK
NOR000025;NORMATEK
NOR000026;NORMATEK
NOR000026;NORMATEK
NOR000026;NORMATEK
NOR000027;NORMATEK
NOR000027;NORMATEK
NOR000027;NORMATEK
NOR000028;NORMATEK
NOR000028;NORMATEK
NOR000028;NORMATEK
NOR000029;NORMATEK
NOR000029;NORMATEK
NOR000029;NORMATEK
NOR000030;NORMATEK
NOR000030;NORMATEK
NOR000030;NORMATEK
NOR000031;NORMATEK
NOR000031;NORMATEK
NOR000031;NORMATEK
NOR000032;NORMATEK
NOR000032;NORMATEK
NOR000032;NORMATEK
NOR000033;NORMATEK
NOR000033;NORMATEK
NOR000033;NORMATEK
NOR000034;NORMATEK
NOR000034;NORMATEK
NOR000034;NORMATEK
NOR000035;NORMATEK
NOR000035;NORMATEK
NOR000035;NORMATEK
NOR000036;NORMATEK
NOR000036;NORMATEK
NOR000036;NORMATEK
NOR000037;NORMATEK
NOR000037;NORMATEK
NOR000037;NORMATEK
NOR000038;NORMATEK
NOR000038;NORMATEK
NOR000038;NORMATEK
NOR000040;NORMATEK
NOR000040;NORMATEK
NOR000040;NORMATEK
NOR000041;NORMATEK
NOR000041;NORMATEK
NOR000041;NORMATEK
NOR000042;NORMATEK
NOR000042;NORMATEK
NOR000042;NORMATEK
NOR000043;NORMATEK
NOR000043;NORMATEK
NOR000043;NORMATEK
NOR000044;NORMATEK
NOR000044;NORMATEK
NOR000044;NORMATEK
NOR000045;NORMATEK
NOR000045;NORMATEK
NOR000045;NORMATEK
NOR000046;NORMATEK
NOR000046;NORMATEK
NOR000046;NORMATEK
NOR000047;NORMATEK
NOR000047;NORMATEK
NOR000047;NORMATEK
NOR000048;NORMATEK
NOR000048;NORMATEK
NOR000048;NORMATEK
NOR000049;NORMATEK
NOR000049;NORMATEK
NOR000049;NORMATEK
NOR000050;NORMATEK
NOR000050;NORMATEK
NOR000050;NORMATEK
NOR000051;NORMATEK
NOR000051;NORMATEK
NOR000051;NORMATEK
NOR000052;NORMATEK
NOR000052;NORMATEK
NOR000052;NORMATEK
NOR000053;NORMATEK
NOR000053;NORMATEK
NOR000053;NORMATEK
NOR000054;NORMATEK
NOR000054;NORMATEK
NOR000054;NORMATEK
NOR000055;NORMATEK
NOR000055;NORMATEK
NOR000055;NORMATEK
NOR000056;NORMATEK
NOR000056;NORMATEK
NOR000056;NORMATEK
NOR000057;NORMATEK
NOR000057;NORMATEK
NOR000057;NORMATEK
PAP000005;Clean Tech
PAP000005;Clean Tech
PAP000005;Clean Tech
PAP000006;Clean Tech
PAP000006;Clean Tech
PAP000006;Clean Tech
PAP000007;Clean Tech
PAP000007;Clean Tech
PAP000007;Clean Tech
PAP000008;Clean Tech
PAP000008;Clean Tech
PAP000008;Clean Tech
PAP000009;Clean Tech
PAP000009;Clean Tech
PAP000009;Clean Tech
PAP000010;Clean Tech
PAP000010;Clean Tech
PAP000010;Clean Tech
PAP000011;Clean Tech
PAP000011;Clean Tech
PAP000011;Clean Tech
PAP000012;Clean Tech
PAP000012;Clean Tech
PAP000012;Clean Tech
PAP000013;Clean Tech
PAP000013;Clean Tech
PAP000013;Clean Tech
PAP000014;Clean Tech
PAP000014;Clean Tech
PAP000014;Clean Tech
PAP000015;Clean Tech
PAP000015;Clean Tech
PAP000015;Clean Tech
PAP000016;Clean Tech
PAP000016;Clean Tech
PAP000016;Clean Tech
PAP000017;Clean Tech
PAP000017;Clean Tech
PAP000017;Clean Tech
PAP000018;Clean Tech
PAP000018;Clean Tech
PAP000018;Clean Tech
PAP000019;Clean Tech
PAP000019;Clean Tech
PAP000019;Clean Tech
PAP000020;Clean Tech
PAP000020;Clean Tech
PAP000020;Clean Tech
PAP000021;Clean Tech
PAP000021;Clean Tech
PAP000021;Clean Tech
PAP000022;Clean Tech
PAP000022;Clean Tech
PAP000022;Clean Tech
PAP000023;Clean Tech
PAP000023;Clean Tech
PAP000023;Clean Tech
PAP000024;Clean Tech
PAP000024;Clean Tech
PAP000024;Clean Tech
PAP000025;Clean Tech
PAP000025;Clean Tech
PAP000025;Clean Tech
PAP000026;Clean Tech
PAP000026;Clean Tech
PAP000026;Clean Tech
PAP000027;Clean Tech
PAP000027;Clean Tech
PAP000027;Clean Tech
PAP000028;Clean Tech
PAP000028;Clean Tech
PAP000028;Clean Tech
PAP000029;Clean Tech
PAP000029;Clean Tech
PAP000029;Clean Tech
PAP000030;Clean Tech
PAP000030;Clean Tech
PAP000030;Clean Tech
PAP000031;Clean Tech
PAP000031;Clean Tech
PAP000031;Clean Tech
PAP000032;Clean Tech
PAP000032;Clean Tech
PAP000032;Clean Tech
PAP000033;Clean Tech
PAP000033;Clean Tech
PAP000033;Clean Tech
PAP000034;Clean Tech
PAP000034;Clean Tech
PAP000034;Clean Tech
PAP000035;Clean Tech
PAP000035;Clean Tech
PAP000035;Clean Tech
PAP000036;Clean Tech
PAP000036;Clean Tech
PAP000036;Clean Tech
PAP000037;Clean Tech
PAP000037;Clean Tech
PAP000037;Clean Tech
PAP000038;Clean Tech
PAP000038;Clean Tech
PAP000038;Clean Tech
PAP000039;Clean Tech
PAP000039;Clean Tech
PAP000039;Clean Tech
PAP000040;Clean Tech
PAP000040;Clean Tech
PAP000040;Clean Tech
PAP000041;Clean Tech
PAP000041;Clean Tech
PAP000041;Clean Tech
PAP000042;Clean Tech
PAP000042;Clean Tech
PAP000042;Clean Tech
PAP000043;Clean Tech
PAP000043;Clean Tech
PAP000043;Clean Tech
PAP000044;Clean Tech
PAP000044;Clean Tech
PAP000044;Clean Tech
PAP000045;Clean Tech
PAP000045;Clean Tech
PAP000045;Clean Tech
PAP000046;Clean Tech
PAP000046;Clean Tech
PAP000046;Clean Tech
PAP000047;Clean Tech
PAP000047;Clean Tech
PAP000047;Clean Tech
PAP000048;Clean Tech
PAP000048;Clean Tech
PAP000048;Clean Tech
PAP000049;Clean Tech
PAP000049;Clean Tech
PAP000049;Clean Tech
PAP000050;Clean Tech
PAP000050;Clean Tech
PAP000050;Clean Tech
PAP000051;Clean Tech
PAP000051;Clean Tech
PAP000051;Clean Tech
PAP000052;Clean Tech
PAP000052;Clean Tech
PAP000052;Clean Tech
PAP000053;Clean Tech
PAP000053;Clean Tech
PAP000053;Clean Tech
PAP000054;Clean Tech
PAP000054;Clean Tech
PAP000054;Clean Tech
PAP000055;Clean Tech
PAP000055;Clean Tech
PAP000055;Clean Tech
PAP000056;Clean Tech
PAP000056;Clean Tech
PAP000056;Clean Tech
PAP000057;Clean Tech
PAP000057;Clean Tech
PAP000057;Clean Tech
PAP000058;Clean Tech
PAP000058;Clean Tech
PAP000058;Clean Tech
PAP000059;Clean Tech
PAP000059;Clean Tech
PAP000059;Clean Tech
PAP000060;Clean Tech
PAP000060;Clean Tech
PAP000060;Clean Tech
PAP000061;Clean Tech
PAP000061;Clean Tech
PAP000061;Clean Tech
PLA000001;PLASTMAL
PLA000001;PLASTMAL
PLA000001;PLASTMAL
PLA000002;PLASTMAL
PLA000002;PLASTMAL
PLA000002;PLASTMAL
PLA000003;PLASTMAL
PLA000003;PLASTMAL
PLA000003;PLASTMAL
PLA000004;PLASTMAL
PLA000004;PLASTMAL
PLA000004;PLASTMAL
PLA000005;PLASTMAL
PLA000005;PLASTMAL
PLA000005;PLASTMAL
PLA000012;PLASTMAL
PLA000012;PLASTMAL
PLA000012;PLASTMAL
PLA000013;PLASTMAL
PLA000013;PLASTMAL
PLA000013;PLASTMAL
POL000001;POLCHEM
POL000001;POLCHEM
POL000001;POLCHEM
POL000002;POLCHEM
POL000002;POLCHEM
POL000002;POLCHEM
POL000003;POLCHEM
POL000003;POLCHEM
POL000003;POLCHEM
POL000004;POLCHEM
POL000004;POLCHEM
POL000004;POLCHEM
POL000005;POLCHEM
POL000005;POLCHEM
POL000005;POLCHEM
POL000006;POLCHEM
POL000006;POLCHEM
POL000006;POLCHEM
POL000007;POLCHEM
POL000007;POLCHEM
POL000007;POLCHEM
POL000008;POLCHEM
POL000008;POLCHEM
POL000008;POLCHEM
POL000009;POLCHEM
POL000009;POLCHEM
POL000009;POLCHEM
POL000010;POLCHEM
POL000010;POLCHEM
POL000010;POLCHEM
POL000011;POLCHEM
POL000011;POLCHEM
POL000011;POLCHEM
POL000013;POLCHEM
POL000013;POLCHEM
POL000013;POLCHEM
POL000014;POLCHEM
POL000014;POLCHEM
POL000014;POLCHEM
POL000015;POLCHEM
POL000015;POLCHEM
POL000015;POLCHEM
POL000016;POLCHEM
POL000016;POLCHEM
POL000016;POLCHEM
POL000017;POLCHEM
POL000017;POLCHEM
POL000017;POLCHEM
POL000018;POLCHEM
POL000018;POLCHEM
POL000018;POLCHEM
POL000019;POLCHEM
POL000019;POLCHEM
POL000019;POLCHEM
POL000020;POLCHEM
POL000020;POLCHEM
POL000020;POLCHEM
POL000021;POLCHEM
POL000021;POLCHEM
POL000021;POLCHEM
POL000022;POLCHEM
POL000022;POLCHEM
POL000022;POLCHEM
POL000023;POLCHEM
POL000023;POLCHEM
POL000023;POLCHEM
POL000024;POLCHEM
POL000024;POLCHEM
POL000024;POLCHEM
POL000025;POLCHEM
POL000025;POLCHEM
POL000025;POLCHEM
POL000026;POLCHEM
POL000026;POLCHEM
POL000026;POLCHEM
POL000027;POLCHEM
POL000027;POLCHEM
POL000027;POLCHEM
POL000028;POLCHEM
POL000028;POLCHEM
POL000028;POLCHEM
POL000029;POLCHEM
POL000029;POLCHEM
POL000029;POLCHEM
POL000030;POLCHEM
POL000030;POLCHEM
POL000030;POLCHEM
POL000031;POLCHEM
POL000031;POLCHEM
POL000031;POLCHEM
POL000032;POLCHEM
POL000032;POLCHEM
POL000032;POLCHEM
POL000033;POLCHEM
POL000033;POLCHEM
POL000033;POLCHEM
POL000034;POLCHEM
POL000034;POLCHEM
POL000034;POLCHEM
PRE000001;PRESTONE
PRE000001;PRESTONE
PRE000001;PRESTONE
ROW00001;Penosil
ROW00001;Penosil
ROW00001;Penosil
ROW00002;Penosil
ROW00002;Penosil
ROW00002;Penosil
ROW00003;Penosil
ROW00003;Penosil
ROW00003;Penosil
ROW00004;Penosil
ROW00004;Penosil
ROW00004;Penosil
ROW00005;Penosil
ROW00005;Penosil
ROW00005;Penosil
Roy000001;ROYAL
Roy000001;ROYAL
Roy000001;ROYAL
Roy000002;ROYAL
Roy000002;ROYAL
Roy000002;ROYAL
Roy000003;ROYAL
Roy000003;ROYAL
Roy000003;ROYAL
Roy000004;ROYAL
Roy000004;ROYAL
Roy000004;ROYAL
Roy000005;ROYAL
Roy000005;ROYAL
Roy000005;ROYAL
Roy000006;ROYAL
Roy000006;ROYAL
Roy000006;ROYAL
Roy000007;ROYAL
Roy000007;ROYAL
Roy000007;ROYAL
Roy000008;ROYAL
Roy000008;ROYAL
Roy000008;ROYAL
Roy000009;ROYAL
Roy000009;ROYAL
Roy000009;ROYAL
Roy000010;ROYAL
Roy000010;ROYAL
Roy000010;ROYAL
Roy000011;ROYAL
Roy000011;ROYAL
Roy000011;ROYAL
Roy000012;ROYAL
Roy000012;ROYAL
Roy000012;ROYAL
Roy000013;ROYAL
Roy000013;ROYAL
Roy000013;ROYAL
Roy000014;ROYAL
Roy000014;ROYAL
Roy000014;ROYAL
Roy000015;ROYAL
Roy000015;ROYAL
Roy000015;ROYAL
Roy000016;ROYAL
Roy000016;ROYAL
Roy000016;ROYAL
Roy000017;ROYAL
Roy000017;ROYAL
Roy000017;ROYAL
Roy000018;ROYAL
Roy000018;ROYAL
Roy000018;ROYAL
Roy000019;ROYAL
Roy000019;ROYAL
Roy000019;ROYAL
Roy000020;ROYAL
Roy000020;ROYAL
Roy000020;ROYAL
Roy000021;ROYAL
Roy000021;ROYAL
Roy000021;ROYAL
Roy000022;ROYAL
Roy000022;ROYAL
Roy000022;ROYAL
Roy000023;ROYAL
Roy000023;ROYAL
Roy000023;ROYAL
Roy000024;ROYAL
Roy000024;ROYAL
Roy000024;ROYAL
Roy000025;ROYAL
Roy000025;ROYAL
Roy000025;ROYAL
Roy000026;ROYAL
Roy000026;ROYAL
Roy000026;ROYAL
Roy000027;ROYAL
Roy000027;ROYAL
Roy000027;ROYAL
Roy000028;ROYAL
Roy000028;ROYAL
Roy000028;ROYAL
Roy000029;ROYAL
Roy000029;ROYAL
Roy000029;ROYAL
Roy000030;ROYAL
Roy000030;ROYAL
Roy000030;ROYAL
Roy000031;ROYAL
Roy000031;ROYAL
Roy000031;ROYAL
Roy000032;ROYAL
Roy000032;ROYAL
Roy000032;ROYAL
Roy000033;ROYAL
Roy000033;ROYAL
Roy000033;ROYAL
Roy000034;ROYAL
Roy000034;ROYAL
Roy000034;ROYAL
Roy000035;ROYAL
Roy000035;ROYAL
Roy000035;ROYAL
Roy000036;ROYAL
Roy000036;ROYAL
Roy000036;ROYAL
Roy000037;ROYAL
Roy000037;ROYAL
Roy000037;ROYAL
Roy000038;ROYAL
Roy000038;ROYAL
Roy000038;ROYAL
Roy000039;ROYAL
Roy000039;ROYAL
Roy000039;ROYAL
Roy000040;ROYAL
Roy000040;ROYAL
Roy000040;ROYAL
Roy000041;ROYAL
Roy000041;ROYAL
Roy000041;ROYAL
Roy000042;ROYAL
Roy000042;ROYAL
Roy000042;ROYAL
Roy000043;ROYAL
Roy000043;ROYAL
Roy000043;ROYAL
Roy000044;ROYAL
Roy000044;ROYAL
Roy000044;ROYAL
Roy000045;ROYAL
Roy000045;ROYAL
Roy000045;ROYAL
Roy000046;ROYAL
Roy000046;ROYAL
Roy000046;ROYAL
Roy000047;ROYAL
Roy000047;ROYAL
Roy000047;ROYAL
Roy000048;ROYAL
Roy000048;ROYAL
Roy000048;ROYAL
SJD00001;SJD
SJD00001;SJD
SJD00001;SJD
SJD00003;SJD
SJD00003;SJD
SJD00003;SJD
SJD00005;SJD
SJD00005;SJD
SJD00005;SJD
SJD00006;SJD
SJD00006;SJD
SJD00006;SJD
SJD0001;SJD
SJD0001;SJD
SJD0001;SJD
SJD0002;SJD
SJD0002;SJD
SJD0002;SJD
SJD0003;SJD
SJD0003;SJD
SJD0003;SJD
SJD0004;SJD
SJD0004;SJD
SJD0004;SJD
SJD0005;SJD
SJD0005;SJD
SJD0005;SJD
SJD0006;SJD
SJD0006;SJD
SJD0006;SJD
SJD0007;SJD
SJD0007;SJD
SJD0007;SJD
SJD0008;SJD
SJD0008;SJD
SJD0008;SJD
SJD0009;SJD
SJD0009;SJD
SJD0009;SJD
SJD0010;SJD
SJD0010;SJD
SJD0010;SJD
SJD0011;SJD
SJD0011;SJD
SJD0011;SJD
SJD0012;SJD
SJD0012;SJD
SJD0012;SJD
SJD0013;SJD
SJD0013;SJD
SJD0013;SJD
SJD0014;SJD
SJD0014;SJD
SJD0014;SJD
SJD0015;SJD
SJD0015;SJD
SJD0015;SJD
SJD0016;SJD
SJD0016;SJD
SJD0016;SJD
SJD0017;SJD
SJD0017;SJD
SJD0017;SJD
SJD0018;SJD
SJD0018;SJD
SJD0018;SJD
SJD0019;SJD
SJD0019;SJD
SJD0019;SJD
SJD0020;SJD
SJD0020;SJD
SJD0020;SJD
SJD0021;SJD
SJD0021;SJD
SJD0021;SJD
SJD0022;SJD
SJD0022;SJD
SJD0022;SJD
SJD0023;SJD
SJD0023;SJD
SJD0023;SJD
SJD0024;SJD
SJD0024;SJD
SJD0024;SJD
SJD0025;SJD
SJD0025;SJD
SJD0025;SJD
SJD0026;SJD
SJD0026;SJD
SJD0026;SJD
SJD0027;SJD
SJD0027;SJD
SJD0027;SJD
SJD0028;SJD
SJD0028;SJD
SJD0028;SJD
SJD0029;SJD
SJD0029;SJD
SJD0029;SJD
SJD0030;SJD
SJD0030;SJD
SJD0030;SJD
SJD0031;SJD
SJD0031;SJD
SJD0031;SJD
SJD0032;SJD
SJD0032;SJD
SJD0032;SJD
SJD0034;SJD
SJD0034;SJD
SJD0034;SJD
SJD0037;SJD
SJD0037;SJD
SJD0037;SJD
SJD0038;SJD
SJD0038;SJD
SJD0038;SJD
SJD0039;SJD
SJD0039;SJD
SJD0039;SJD
SJD0040;SJD
SJD0040;SJD
SJD0040;SJD
SJD0041;SJD
SJD0041;SJD
SJD0041;SJD
SOCC000001;RUSOCCY worki
SOCC000001;RUSOCCY worki
SOCC000001;RUSOCCY worki
SOCC000002;RUSOCCY worki
SOCC000002;RUSOCCY worki
SOCC000002;RUSOCCY worki
SOCC000003;RUSOCCY worki
SOCC000003;RUSOCCY worki
SOCC000003;RUSOCCY worki
SOCC000004;RUSOCCY worki
SOCC000004;RUSOCCY worki
SOCC000004;RUSOCCY worki
SOCC000005;RUSOCCY worki
SOCC000005;RUSOCCY worki
SOCC000005;RUSOCCY worki
SOCC000006;RUSOCCY worki
SOCC000006;RUSOCCY worki
SOCC000006;RUSOCCY worki
SOF000001;Bradas
SOF000001;Bradas
SOF000001;Bradas
SOF000002;Bradas
SOF000002;Bradas
SOF000002;Bradas
SOF000003;Bradas
SOF000003;Bradas
SOF000003;Bradas
SOF000004;Bradas
SOF000004;Bradas
SOF000004;Bradas
SOF0000052;Bradas
SOF0000052;Bradas
SOF0000052;Bradas
SOF000006;Bradas
SOF000006;Bradas
SOF000006;Bradas
SOF000007;Bradas
SOF000007;Bradas
SOF000007;Bradas
SOF000008;Bradas
SOF000008;Bradas
SOF000008;Bradas
SOF000009;Bradas
SOF000009;Bradas
SOF000009;Bradas
SOF000010;Bradas
SOF000010;Bradas
SOF000010;Bradas
SOF000019;DETAILING
SOF000019;DETAILING
SOF000019;DETAILING
SOF000024;Bradas
SOF000024;Bradas
SOF000024;Bradas
SOF000025;Bradas
SOF000025;Bradas
SOF000025;Bradas
SOF000026;Bradas
SOF000026;Bradas
SOF000026;Bradas
SOF000027;Bradas
SOF000027;Bradas
SOF000027;Bradas
SOF000030;Bradas
SOF000030;Bradas
SOF000030;Bradas
SOF000031;Bradas
SOF000031;Bradas
SOF000031;Bradas
SOF000032;Bradas
SOF000032;Bradas
SOF000032;Bradas
SOF000034;Bradas
SOF000034;Bradas
SOF000034;Bradas
SOF000035;Bradas
SOF000035;Bradas
SOF000035;Bradas
SOF000036;Bradas
SOF000036;Bradas
SOF000036;Bradas
SOF000037;Bradas
SOF000037;Bradas
SOF000037;Bradas
SOF000044;Bradas
SOF000044;Bradas
SOF000044;Bradas
SOF000055;Bradas
SOF000055;Bradas
SOF000055;Bradas
SOF000057;Bradas
SOF000057;Bradas
SOF000057;Bradas
SOF000058;Bradas
SOF000058;Bradas
SOF000058;Bradas
SOF000059;Bradas
SOF000059;Bradas
SOF000059;Bradas
SOF000062;ROYAL
SOF000062;ROYAL
SOF000062;ROYAL
SOF000063;Bradas
SOF000063;Bradas
SOF000063;Bradas
SOF000064;Bradas
SOF000064;Bradas
SOF000064;Bradas
Son000001;SONAX
Son000001;SONAX
Son000001;SONAX
Son000002;SONAX
Son000002;SONAX
Son000002;SONAX
Son000003;SONAX
Son000003;SONAX
Son000003;SONAX
Son000004;SONAX
Son000004;SONAX
Son000004;SONAX
Son000005;SONAX
Son000005;SONAX
Son000005;SONAX
Son000006;SONAX
Son000006;SONAX
Son000006;SONAX
Son000007;SONAX
Son000007;SONAX
Son000007;SONAX
Son000008;SONAX
Son000008;SONAX
Son000008;SONAX
Son000009;SONAX
Son000009;SONAX
Son000009;SONAX
Son000010;SONAX
Son000010;SONAX
Son000010;SONAX
Son000011;SONAX
Son000011;SONAX
Son000011;SONAX
Son000012;SONAX
Son000012;SONAX
Son000012;SONAX
Son000013;SONAX
Son000013;SONAX
Son000013;SONAX
Son000014;SONAX
Son000014;SONAX
Son000014;SONAX
Son000015;SONAX
Son000015;SONAX
Son000015;SONAX
Son000016;SONAX
Son000016;SONAX
Son000016;SONAX
Son000017;SONAX
Son000017;SONAX
Son000017;SONAX
Son000018;SONAX
Son000018;SONAX
Son000018;SONAX
Son000019;SONAX
Son000019;SONAX
Son000019;SONAX
Son000020;SONAX
Son000020;SONAX
Son000020;SONAX
Son000021;SONAX
Son000021;SONAX
Son000021;SONAX
Son000022;SONAX
Son000022;SONAX
Son000022;SONAX
Son000023;SONAX
Son000023;SONAX
Son000023;SONAX
Son000024;SONAX
Son000024;SONAX
Son000024;SONAX
Son000025;SONAX
Son000025;SONAX
Son000025;SONAX
Son000026;SONAX
Son000026;SONAX
Son000026;SONAX
Son000027;SONAX
Son000027;SONAX
Son000027;SONAX
Son000028;SONAX
Son000028;SONAX
Son000028;SONAX
Son000029;SONAX
Son000029;SONAX
Son000029;SONAX
Son000030;SONAX
Son000030;SONAX
Son000030;SONAX
Son000031;SONAX
Son000031;SONAX
Son000031;SONAX
Son000032;SONAX
Son000032;SONAX
Son000032;SONAX
Son000033;SONAX
Son000033;SONAX
Son000033;SONAX
Son000034;SONAX
Son000034;SONAX
Son000034;SONAX
Son000035;SONAX
Son000035;SONAX
Son000035;SONAX
Son000036;SONAX
Son000036;SONAX
Son000036;SONAX
Son000037;SONAX
Son000037;SONAX
Son000037;SONAX
Son000038;SONAX
Son000038;SONAX
Son000038;SONAX
Son000039;SONAX
Son000039;SONAX
Son000039;SONAX
Son000040;SONAX
Son000040;SONAX
Son000040;SONAX
Son000041;SONAX
Son000041;SONAX
Son000041;SONAX
Son000042;SONAX
Son000042;SONAX
Son000042;SONAX
Son000043;SONAX
Son000043;SONAX
Son000043;SONAX
Son000044;SONAX
Son000044;SONAX
Son000044;SONAX
Son000045;SONAX
Son000045;SONAX
Son000045;SONAX
Son000046;SONAX
Son000046;SONAX
Son000046;SONAX
Son000047;SONAX
Son000047;SONAX
Son000047;SONAX
Son000048;SONAX
Son000048;SONAX
Son000048;SONAX
Son000049;SONAX
Son000049;SONAX
Son000049;SONAX
Son000050;SONAX
Son000050;SONAX
Son000050;SONAX
Son000051;SONAX
Son000051;SONAX
Son000051;SONAX
Son000052;SONAX
Son000052;SONAX
Son000052;SONAX
Son000053;SONAX
Son000053;SONAX
Son000053;SONAX
Son000054;SONAX
Son000054;SONAX
Son000054;SONAX
Son000055;SONAX
Son000055;SONAX
Son000055;SONAX
Son000056;SONAX
Son000056;SONAX
Son000056;SONAX
Son000057;SONAX
Son000057;SONAX
Son000057;SONAX
Son000058;SONAX
Son000058;SONAX
Son000058;SONAX
Son000059;SONAX
Son000059;SONAX
Son000059;SONAX
Son000060;SONAX
Son000060;SONAX
Son000060;SONAX
Son000061;SONAX
Son000061;SONAX
Son000061;SONAX
Son000062;SONAX
Son000062;SONAX
Son000062;SONAX
Son000063;SONAX
Son000063;SONAX
Son000063;SONAX
Son000064;SONAX
Son000064;SONAX
Son000064;SONAX
Son000065;SONAX
Son000065;SONAX
Son000065;SONAX
Son000066;SONAX
Son000066;SONAX
Son000066;SONAX
Son000067;SONAX
Son000067;SONAX
Son000067;SONAX
Son000068;SONAX
Son000068;SONAX
Son000068;SONAX
Son000069;SONAX
Son000069;SONAX
Son000069;SONAX
Son000070;SONAX
Son000070;SONAX
Son000070;SONAX
Son000071;SONAX
Son000071;SONAX
Son000071;SONAX
Son000072;SONAX
Son000072;SONAX
Son000072;SONAX
Son000073;SONAX
Son000073;SONAX
Son000073;SONAX
Son000074;SONAX
Son000074;SONAX
Son000074;SONAX
Son000075;SONAX
Son000075;SONAX
Son000075;SONAX
Son000076;SONAX
Son000076;SONAX
Son000076;SONAX
Son000077;SONAX
Son000077;SONAX
Son000077;SONAX
Son000078;SONAX
Son000078;SONAX
Son000078;SONAX
Son000079;SONAX
Son000079;SONAX
Son000079;SONAX
Son000080;SONAX
Son000080;SONAX
Son000080;SONAX
Son000081;SONAX
Son000081;SONAX
Son000081;SONAX
Son000082;SONAX
Son000082;SONAX
Son000082;SONAX
Son000083;SONAX
Son000083;SONAX
Son000083;SONAX
Son000084;SONAX
Son000084;SONAX
Son000084;SONAX
Son000085;SONAX
Son000085;SONAX
Son000085;SONAX
Son000086;SONAX
Son000086;SONAX
Son000086;SONAX
Son000087;SONAX
Son000087;SONAX
Son000087;SONAX
Son000088;SONAX
Son000088;SONAX
Son000088;SONAX
Son000089;SONAX
Son000089;SONAX
Son000089;SONAX
Son000090;SONAX
Son000090;SONAX
Son000090;SONAX
Son000091;SONAX
Son000091;SONAX
Son000091;SONAX
Son000092;SONAX
Son000092;SONAX
Son000092;SONAX
Son000093;SONAX
Son000093;SONAX
Son000093;SONAX
Son000094;SONAX
Son000094;SONAX
Son000094;SONAX
Son000096;SONAX
Son000096;SONAX
Son000096;SONAX
Son000097;SONAX
Son000097;SONAX
Son000097;SONAX
Son000098;SONAX
Son000098;SONAX
Son000098;SONAX
Son000099;SONAX
Son000099;SONAX
Son000099;SONAX
Son000100;SONAX
Son000100;SONAX
Son000100;SONAX
Son000101;SONAX
Son000101;SONAX
Son000101;SONAX
Son000102;SONAX
Son000102;SONAX
Son000102;SONAX
Son000103;SONAX
Son000103;SONAX
Son000103;SONAX
Son000104;SONAX
Son000104;SONAX
Son000104;SONAX
Son000105;SONAX
Son000105;SONAX
Son000105;SONAX
Son000106;SONAX
Son000106;SONAX
Son000106;SONAX
Son000107;SONAX
Son000107;SONAX
Son000107;SONAX
Son000108;SONAX
Son000108;SONAX
Son000108;SONAX
Son000109;SONAX
Son000109;SONAX
Son000109;SONAX
Son000110;SONAX
Son000110;SONAX
Son000110;SONAX
Son000111;SONAX
Son000111;SONAX
Son000111;SONAX
Son000112;SONAX
Son000112;SONAX
Son000112;SONAX
Son000113;SONAX
Son000113;SONAX
Son000113;SONAX
Son000114;SONAX
Son000114;SONAX
Son000114;SONAX
Son000115;SONAX
Son000115;SONAX
Son000115;SONAX
Son000116;SONAX
Son000116;SONAX
Son000116;SONAX
Son000117;SONAX
Son000117;SONAX
Son000117;SONAX
Son000118;SONAX
Son000118;SONAX
Son000118;SONAX
Son000119;SONAX
Son000119;SONAX
Son000119;SONAX
Son000120;SONAX
Son000120;SONAX
Son000120;SONAX
Son000121;SONAX
Son000121;SONAX
Son000121;SONAX
Son000122;SONAX
Son000122;SONAX
Son000122;SONAX
Son000123;SONAX
Son000123;SONAX
Son000123;SONAX
Son000125;SONAX
Son000125;SONAX
Son000125;SONAX
Son000126;SONAX
Son000126;SONAX
Son000126;SONAX
Son000127;SONAX
Son000127;SONAX
Son000127;SONAX
Son000128;SONAX
Son000128;SONAX
Son000128;SONAX
Son000129;SONAX
Son000129;SONAX
Son000129;SONAX
Son000130;SONAX
Son000130;SONAX
Son000130;SONAX
Son000131;SONAX
Son000131;SONAX
Son000131;SONAX
Son000132;SONAX
Son000132;SONAX
Son000132;SONAX
Son000133;SONAX
Son000133;SONAX
Son000133;SONAX
Son000134;SONAX
Son000134;SONAX
Son000134;SONAX
Son000135;SONAX
Son000135;SONAX
Son000135;SONAX
Son000136;SONAX
Son000136;SONAX
Son000136;SONAX
Son000137;SONAX
Son000137;SONAX
Son000137;SONAX
Son000138;SONAX
Son000138;SONAX
Son000138;SONAX
Son000139;SONAX
Son000139;SONAX
Son000139;SONAX
Son000140;SONAX
Son000140;SONAX
Son000140;SONAX
Son000141;SONAX
Son000141;SONAX
Son000141;SONAX
Son000142;SONAX
Son000142;SONAX
Son000142;SONAX
Son000143;SONAX
Son000143;SONAX
Son000143;SONAX
Son000144;SONAX
Son000144;SONAX
Son000144;SONAX
STO000001;STOCKMEIER
STO000001;STOCKMEIER
STO000001;STOCKMEIER
TEN000001;TENZI
TEN000001;TENZI
TEN000001;TENZI
TEN000002;TENZI
TEN000002;TENZI
TEN000002;TENZI
TEN000003;TENZI
TEN000003;TENZI
TEN000003;TENZI
TEN000004;TENZI
TEN000004;TENZI
TEN000004;TENZI
TEN000005;TENZI
TEN000005;TENZI
TEN000005;TENZI
TEN000006;TENZI
TEN000006;TENZI
TEN000006;TENZI
TEN000007;TENZI
TEN000007;TENZI
TEN000007;TENZI
TEN000008;TENZI
TEN000008;TENZI
TEN000008;TENZI
TEN000009;TENZI
TEN000009;TENZI
TEN000009;TENZI
TEN000010;TENZI
TEN000010;TENZI
TEN000010;TENZI
TEN000011;TENZI
TEN000011;TENZI
TEN000011;TENZI
TEN000012;TENZI
TEN000012;TENZI
TEN000012;TENZI
TEN000013;TENZI
TEN000013;TENZI
TEN000013;TENZI
TEN000014;TENZI
TEN000014;TENZI
TEN000014;TENZI
TEN000015;TENZI
TEN000015;TENZI
TEN000015;TENZI
TEN000016;TENZI
TEN000016;TENZI
TEN000016;TENZI
TEN000017;TENZI
TEN000017;TENZI
TEN000017;TENZI
TEN000018;TENZI
TEN000018;TENZI
TEN000018;TENZI
TEN000019;TENZI
TEN000019;TENZI
TEN000019;TENZI
TEN000020;TENZI
TEN000020;TENZI
TEN000020;TENZI
TEN000021;TENZI
TEN000021;TENZI
TEN000021;TENZI
TEN000022;TENZI
TEN000022;TENZI
TEN000022;TENZI
TEN000023;TENZI
TEN000023;TENZI
TEN000023;TENZI
TEN000024;TENZI
TEN000024;TENZI
TEN000024;TENZI
TEN000025;TENZI
TEN000025;TENZI
TEN000025;TENZI
TEN000026;TENZI
TEN000026;TENZI
TEN000026;TENZI
TEN000027;TENZI
TEN000027;TENZI
TEN000027;TENZI
TEN000028;TENZI
TEN000028;TENZI
TEN000028;TENZI
TEN000029;TENZI
TEN000029;TENZI
TEN000029;TENZI
TEN000030;TENZI
TEN000030;TENZI
TEN000030;TENZI
TEN000031;TENZI
TEN000031;TENZI
TEN000031;TENZI
TEN000032;TENZI
TEN000032;TENZI
TEN000032;TENZI
TEN000033;TENZI
TEN000033;TENZI
TEN000033;TENZI
TEN000034;TENZI
TEN000034;TENZI
TEN000034;TENZI
TEN000035;TENZI
TEN000035;TENZI
TEN000035;TENZI
TEN000036;TENZI
TEN000036;TENZI
TEN000036;TENZI
TEN000037;TENZI
TEN000037;TENZI
TEN000037;TENZI
TEN000038;TENZI
TEN000038;TENZI
TEN000038;TENZI
TEN000039;TENZI
TEN000039;TENZI
TEN000039;TENZI
TEN000040;TENZI
TEN000040;TENZI
TEN000040;TENZI
TEN000041;TENZI
TEN000041;TENZI
TEN000041;TENZI
TEN000042;TENZI
TEN000042;TENZI
TEN000042;TENZI
TEN000043;TENZI
TEN000043;TENZI
TEN000043;TENZI
TEN000044;TENZI
TEN000044;TENZI
TEN000044;TENZI
TEN000045;TENZI
TEN000045;TENZI
TEN000045;TENZI
TEN000046;TENZI
TEN000046;TENZI
TEN000046;TENZI
TEN000047;TENZI
TEN000047;TENZI
TEN000047;TENZI
TEN000048;TENZI
TEN000048;TENZI
TEN000048;TENZI
TEN000049;TENZI
TEN000049;TENZI
TEN000049;TENZI
TEN000050;TENZI
TEN000050;TENZI
TEN000050;TENZI
TEN000051;TENZI
TEN000051;TENZI
TEN000051;TENZI
TEN000052;TENZI
TEN000052;TENZI
TEN000052;TENZI
TEN000053;TENZI
TEN000053;TENZI
TEN000053;TENZI
TEN000054;TENZI
TEN000054;TENZI
TEN000054;TENZI
TEN000055;TENZI
TEN000055;TENZI
TEN000055;TENZI
TEN000056;TENZI
TEN000056;TENZI
TEN000056;TENZI
TEN000057;TENZI
TEN000057;TENZI
TEN000057;TENZI
TEN000058;TENZI
TEN000058;TENZI
TEN000058;TENZI
TEN000059;TENZI
TEN000059;TENZI
TEN000059;TENZI
TEN000060;TENZI
TEN000060;TENZI
TEN000060;TENZI
TEN000061;TENZI
TEN000061;TENZI
TEN000061;TENZI
TEN000062;TENZI
TEN000062;TENZI
TEN000062;TENZI
TEN000063;TENZI
TEN000063;TENZI
TEN000063;TENZI
TEN000064;TENZI
TEN000064;TENZI
TEN000064;TENZI
TEN000065;TENZI
TEN000065;TENZI
TEN000065;TENZI
TEN000066;TENZI
TEN000066;TENZI
TEN000066;TENZI
TEN000067;TENZI
TEN000067;TENZI
TEN000067;TENZI
TEN000068;TENZI
TEN000068;TENZI
TEN000068;TENZI
TEN000069;TENZI
TEN000069;TENZI
TEN000069;TENZI
TEN000070;TENZI
TEN000070;TENZI
TEN000070;TENZI
TEN000071;TENZI
TEN000071;TENZI
TEN000071;TENZI
TEN000072;TENZI
TEN000072;TENZI
TEN000072;TENZI
TEN000073;TENZI
TEN000073;TENZI
TEN000073;TENZI
TEN000074;TENZI
TEN000074;TENZI
TEN000074;TENZI
TEN000075;TENZI
TEN000075;TENZI
TEN000075;TENZI
TEN000076;TENZI
TEN000076;TENZI
TEN000076;TENZI
TEN000077;TENZI
TEN000077;TENZI
TEN000077;TENZI
TEN000078;TENZI
TEN000078;TENZI
TEN000078;TENZI
TEN000079;TENZI
TEN000079;TENZI
TEN000079;TENZI
TEN000080;TENZI
TEN000080;TENZI
TEN000080;TENZI
TEN000081;TENZI
TEN000081;TENZI
TEN000081;TENZI
TEN000082;TENZI
TEN000082;TENZI
TEN000082;TENZI
TEN000083;TENZI
TEN000083;TENZI
TEN000083;TENZI
TEN000084;TENZI
TEN000084;TENZI
TEN000084;TENZI
TEN000085;TENZI
TEN000085;TENZI
TEN000085;TENZI
TEN000086;TENZI
TEN000086;TENZI
TEN000086;TENZI
TEN000087;TENZI
TEN000087;TENZI
TEN000087;TENZI
TEN000088;TENZI
TEN000088;TENZI
TEN000088;TENZI
TEN000089;TENZI
TEN000089;TENZI
TEN000089;TENZI
TEN000090;TENZI
TEN000090;TENZI
TEN000090;TENZI
TEN000091;TENZI
TEN000091;TENZI
TEN000091;TENZI
TEN000092;TENZI
TEN000092;TENZI
TEN000092;TENZI
TEN000093;TENZI
TEN000093;TENZI
TEN000093;TENZI
TEN000094;TENZI
TEN000094;TENZI
TEN000094;TENZI
TEN000095;TENZI
TEN000095;TENZI
TEN000095;TENZI
TEN000096;TENZI
TEN000096;TENZI
TEN000096;TENZI
TEN000097;TENZI
TEN000097;TENZI
TEN000097;TENZI
TEN000098;TENZI
TEN000098;TENZI
TEN000098;TENZI
TEN000099;TENZI
TEN000099;TENZI
TEN000099;TENZI
TEN000100;TENZI
TEN000100;TENZI
TEN000100;TENZI
TEN000101;TENZI
TEN000101;TENZI
TEN000101;TENZI
TEN000102;TENZI
TEN000102;TENZI
TEN000102;TENZI
TEN000103;TENZI
TEN000103;TENZI
TEN000103;TENZI
TEN000104;TENZI
TEN000104;TENZI
TEN000104;TENZI
TEN000105;TENZI
TEN000105;TENZI
TEN000105;TENZI
TEN000106;TENZI
TEN000106;TENZI
TEN000106;TENZI
TEN000107;TENZI
TEN000107;TENZI
TEN000107;TENZI
TEN000108;TENZI
TEN000108;TENZI
TEN000108;TENZI
TEN000109;TENZI
TEN000109;TENZI
TEN000109;TENZI
TEN000110;TENZI
TEN000110;TENZI
TEN000110;TENZI
TEN000111;TENZI
TEN000111;TENZI
TEN000111;TENZI
TEN000112;TENZI
TEN000112;TENZI
TEN000112;TENZI
TEN000113;TENZI
TEN000113;TENZI
TEN000113;TENZI
TEN000114;TENZI
TEN000114;TENZI
TEN000114;TENZI
TEN000115;TENZI
TEN000115;TENZI
TEN000115;TENZI
TEN000116;TENZI
TEN000116;TENZI
TEN000116;TENZI
TEN000117;TENZI
TEN000117;TENZI
TEN000117;TENZI
TEN000118;TENZI
TEN000118;TENZI
TEN000118;TENZI
TEN000119;TENZI
TEN000119;TENZI
TEN000119;TENZI
TEN000120;TENZI
TEN000120;TENZI
TEN000120;TENZI
TEN000121;TENZI
TEN000121;TENZI
TEN000121;TENZI
TEN000122;TENZI
TEN000122;TENZI
TEN000122;TENZI
TEN000123;TENZI
TEN000123;TENZI
TEN000123;TENZI
TEN000124;TENZI
TEN000124;TENZI
TEN000124;TENZI
TEN000125;TENZI
TEN000125;TENZI
TEN000125;TENZI
TEN000126;TENZI
TEN000126;TENZI
TEN000126;TENZI
TEN000127;TENZI
TEN000127;TENZI
TEN000127;TENZI
TEN000129;TENZI
TEN000129;TENZI
TEN000129;TENZI
TEN000130;TENZI
TEN000130;TENZI
TEN000130;TENZI
TEN000131;TENZI
TEN000131;TENZI
TEN000131;TENZI
USŁ000001;USŁUGA
USŁ000001;USŁUGA
USŁ000001;USŁUGA
USŁ000002;USŁUGA
USŁ000002;USŁUGA
USŁ000002;USŁUGA
USŁ000003;USŁUGA
USŁ000003;USŁUGA
USŁ000003;USŁUGA
USŁ000004;USŁUGA
USŁ000004;USŁUGA
USŁ000004;USŁUGA
USŁ000005;USŁUGA
USŁ000005;USŁUGA
USŁ000005;USŁUGA
USŁ000006;USŁUGA
USŁ000006;USŁUGA
USŁ000006;USŁUGA
USŁ000007;USŁUGA
USŁ000007;USŁUGA
USŁ000007;USŁUGA
USŁ000008;USŁUGA
USŁ000008;USŁUGA
USŁ000008;USŁUGA
USŁ000009;USŁUGA
USŁ000009;USŁUGA
USŁ000009;USŁUGA
USŁ000010;USŁUGA
USŁ000010;USŁUGA
USŁ000010;USŁUGA
USŁ000011;USŁUGA
USŁ000011;USŁUGA
USŁ000011;USŁUGA
USŁ000012;USŁUGA
USŁ000012;USŁUGA
USŁ000012;USŁUGA
USŁ000013;USŁUGA
USŁ000013;USŁUGA
USŁ000013;USŁUGA
USŁ000014;USŁUGA
USŁ000014;USŁUGA
USŁ000014;USŁUGA
USŁ000015;USŁUGA
USŁ000015;USŁUGA
USŁ000015;USŁUGA
USŁ000016;USŁUGA
USŁ000016;USŁUGA
USŁ000016;USŁUGA
USŁ000017;USŁUGA
USŁ000017;USŁUGA
USŁ000017;USŁUGA
USŁ000018;USŁUGA
USŁ000018;USŁUGA
USŁ000018;USŁUGA
USŁ000019;USŁUGA
USŁ000019;USŁUGA
USŁ000019;USŁUGA
USŁ000020;USŁUGA
USŁ000020;USŁUGA
USŁ000020;USŁUGA
USŁ000021;USŁUGA
USŁ000021;USŁUGA
USŁ000021;USŁUGA
USŁ000022;USŁUGA
USŁ000022;USŁUGA
USŁ000022;USŁUGA
USŁ000023;USŁUGA
USŁ000023;USŁUGA
USŁ000023;USŁUGA
USŁ000024;USŁUGA
USŁ000024;USŁUGA
USŁ000024;USŁUGA
USŁ000025;USŁUGA
USŁ000025;USŁUGA
USŁ000025;USŁUGA
USŁ000026;USŁUGA
USŁ000026;USŁUGA
USŁ000026;USŁUGA
USŁ000027;USŁUGA
USŁ000027;USŁUGA
USŁ000027;USŁUGA
USŁ000028;USŁUGA
USŁ000028;USŁUGA
USŁ000028;USŁUGA
USŁ000029;USŁUGA
USŁ000029;USŁUGA
USŁ000029;USŁUGA
USŁ000030;USŁUGA
USŁ000030;USŁUGA
USŁ000030;USŁUGA
USŁ000031;USŁUGA
USŁ000031;USŁUGA
USŁ000031;USŁUGA
VIKA0001;VIKAN
VIKA0001;VIKAN
VIKA0001;VIKAN
VIKA0002;VIKAN
VIKA0002;VIKAN
VIKA0002;VIKAN
VIKA0003;VIKAN
VIKA0003;VIKAN
VIKA0003;VIKAN
VIKA0004;VIKAN
VIKA0004;VIKAN
VIKA0004;VIKAN
VIKA0005;VIKAN
VIKA0005;VIKAN
VIKA0005;VIKAN
VIKA0006;VIKAN
VIKA0006;VIKAN
VIKA0006;VIKAN
VIKA0007;VIKAN
VIKA0007;VIKAN
VIKA0007;VIKAN
VIKA0008;VIKAN
VIKA0008;VIKAN
VIKA0008;VIKAN
VIKA0009;VIKAN
VIKA0009;VIKAN
VIKA0009;VIKAN
VIKA0010;VIKAN
VIKA0010;VIKAN
VIKA0010;VIKAN
VIKA0011;VIKAN
VIKA0011;VIKAN
VIKA0011;VIKAN
VIKA0012;VIKAN
VIKA0012;VIKAN
VIKA0012;VIKAN
VIKA0013;VIKAN
VIKA0013;VIKAN
VIKA0013;VIKAN
VIKA0014;VIKAN
VIKA0014;VIKAN
VIKA0014;VIKAN
VIKA0016;VIKAN
VIKA0016;VIKAN
VIKA0016;VIKAN
VIKA0017;VIKAN
VIKA0017;VIKAN
VIKA0017;VIKAN
VIKA0018;VIKAN
VIKA0018;VIKAN
VIKA0018;VIKAN
VIKA0019;VIKAN
VIKA0019;VIKAN
VIKA0019;VIKAN
VIKA0020;VIKAN
VIKA0020;VIKAN
VIKA0020;VIKAN
VIKA0021;VIKAN
VIKA0021;VIKAN
VIKA0021;VIKAN
VIKA0022;VIKAN
VIKA0022;VIKAN
VIKA0022;VIKAN
VIKA0023;VIKAN
VIKA0023;VIKAN
VIKA0023;VIKAN
VIKA0024;VIKAN
VIKA0024;VIKAN
VIKA0024;VIKAN
VIKA0025;VIKAN
VIKA0025;VIKAN
VIKA0025;VIKAN
VIKA0026;VIKAN
VIKA0026;VIKAN
VIKA0026;VIKAN
VIKA0027;VIKAN
VIKA0027;VIKAN
VIKA0027;VIKAN
VIKA0028;VIKAN
VIKA0028;VIKAN
VIKA0028;VIKAN
VIKA0029;VIKAN
VIKA0029;VIKAN
VIKA0029;VIKAN
VIKA0030;VIKAN
VIKA0030;VIKAN
VIKA0030;VIKAN
VIKA0031;VIKAN
VIKA0031;VIKAN
VIKA0031;VIKAN
VIKA0032;VIKAN
VIKA0032;VIKAN
VIKA0032;VIKAN
VIKA0033;VIKAN
VIKA0033;VIKAN
VIKA0033;VIKAN
VIKA0034;VIKAN
VIKA0034;VIKAN
VIKA0034;VIKAN
VIKA0035;VIKAN
VIKA0035;VIKAN
VIKA0035;VIKAN
VIKA0036;VIKAN
VIKA0036;VIKAN
VIKA0036;VIKAN
VIKA0037;VIKAN
VIKA0037;VIKAN
VIKA0037;VIKAN
VIKA0038;VIKAN
VIKA0038;VIKAN
VIKA0038;VIKAN
VIKA0039;VIKAN
VIKA0039;VIKAN
VIKA0039;VIKAN
VIKA0040;VIKAN
VIKA0040;VIKAN
VIKA0040;VIKAN
VIKA0041;VIKAN
VIKA0041;VIKAN
VIKA0041;VIKAN
VIKA0042;VIKAN
VIKA0042;VIKAN
VIKA0042;VIKAN
VIKA0043;VIKAN
VIKA0043;VIKAN
VIKA0043;VIKAN
VIKA0044;VIKAN
VIKA0044;VIKAN
VIKA0044;VIKAN
VIKA0045;VIKAN
VIKA0045;VIKAN
VIKA0045;VIKAN
VIKA0046;VIKAN
VIKA0046;VIKAN
VIKA0046;VIKAN
VIKA0048;VIKAN
VIKA0048;VIKAN
VIKA0048;VIKAN
VIKA0049;VIKAN
VIKA0049;VIKAN
VIKA0049;VIKAN
VIKA0050;VIKAN
VIKA0050;VIKAN
VIKA0050;VIKAN
VIKA0051;VIKAN
VIKA0051;VIKAN
VIKA0051;VIKAN
VIKA0052;VIKAN
VIKA0052;VIKAN
VIKA0052;VIKAN
VIKA0053;VIKAN
VIKA0053;VIKAN
VIKA0053;VIKAN
VIKA0054;VIKAN
VIKA0054;VIKAN
VIKA0054;VIKAN
VIKA0055;VIKAN
VIKA0055;VIKAN
VIKA0055;VIKAN
VIKA0056;VIKAN
VIKA0056;VIKAN
VIKA0056;VIKAN
VIKA0057;VIKAN
VIKA0057;VIKAN
VIKA0057;VIKAN
VIKA0058;VIKAN
VIKA0058;VIKAN
VIKA0058;VIKAN
VIKA0059;VIKAN
VIKA0059;VIKAN
VIKA0059;VIKAN
VIKA0060;VIKAN
VIKA0060;VIKAN
VIKA0060;VIKAN
VIKA0061;VIKAN
VIKA0061;VIKAN
VIKA0061;VIKAN
VIKA0062;VIKAN
VIKA0062;VIKAN
VIKA0062;VIKAN
VIKA0063;VIKAN
VIKA0063;VIKAN
VIKA0063;VIKAN
VIKA0064;VIKAN
VIKA0064;VIKAN
VIKA0064;VIKAN
VIKA0065;VIKAN
VIKA0065;VIKAN
VIKA0065;VIKAN
VIKA0066;VIKAN
VIKA0066;VIKAN
VIKA0066;VIKAN
VIKA0067;VIKAN
VIKA0067;VIKAN
VIKA0067;VIKAN
VIKA0068;VIKAN
VIKA0068;VIKAN
VIKA0068;VIKAN
VIKA0069;VIKAN
VIKA0069;VIKAN
VIKA0069;VIKAN
VIKA0070;VIKAN
VIKA0070;VIKAN
VIKA0070;VIKAN
VIKA0071;VIKAN
VIKA0071;VIKAN
VIKA0071;VIKAN
VIKA0072;VIKAN
VIKA0072;VIKAN
VIKA0072;VIKAN
VIKA0073;VIKAN
VIKA0073;VIKAN
VIKA0073;VIKAN
VIKA0074;VIKAN
VIKA0074;VIKAN
VIKA0074;VIKAN
VIKA0075;VIKAN
VIKA0075;VIKAN
VIKA0075;VIKAN
VIKA0076;VIKAN
VIKA0076;VIKAN
VIKA0076;VIKAN
VIKA0077;VIKAN
VIKA0077;VIKAN
VIKA0077;VIKAN
VIKA0078;VIKAN
VIKA0078;VIKAN
VIKA0078;VIKAN
VIKA0079;VIKAN
VIKA0079;VIKAN
VIKA0079;VIKAN
VIKA0080;VIKAN
VIKA0080;VIKAN
VIKA0080;VIKAN
VIKA0081;VIKAN
VIKA0081;VIKAN
VIKA0081;VIKAN
VIKA0082;VIKAN
VIKA0082;VIKAN
VIKA0082;VIKAN
VIKA0083;VIKAN
VIKA0083;VIKAN
VIKA0083;VIKAN
VIKA0084;VIKAN
VIKA0084;VIKAN
VIKA0084;VIKAN
VIKA0085;VIKAN
VIKA0085;VIKAN
VIKA0085;VIKAN
VIKA0086;VIKAN
VIKA0086;VIKAN
VIKA0086;VIKAN
VIKA0087;VIKAN
VIKA0087;VIKAN
VIKA0087;VIKAN
VIKA0088;VIKAN
VIKA0088;VIKAN
VIKA0088;VIKAN
VIKA0089;VIKAN
VIKA0089;VIKAN
VIKA0089;VIKAN
VIKA0090;VIKAN
VIKA0090;VIKAN
VIKA0090;VIKAN
VIKA0091;VIKAN
VIKA0091;VIKAN
VIKA0091;VIKAN
VIKA0092;VIKAN
VIKA0092;VIKAN
VIKA0092;VIKAN
VIKA0093;VIKAN
VIKA0093;VIKAN
VIKA0093;VIKAN
VIKA0094;VIKAN
VIKA0094;VIKAN
VIKA0094;VIKAN
VIKA0095;VIKAN
VIKA0095;VIKAN
VIKA0095;VIKAN
VIKA0096;VIKAN
VIKA0096;VIKAN
VIKA0096;VIKAN
VIKA0097;VIKAN
VIKA0097;VIKAN
VIKA0097;VIKAN
VIKA0098;VIKAN
VIKA0098;VIKAN
VIKA0098;VIKAN
VIKA0099;VIKAN
VIKA0099;VIKAN
VIKA0099;VIKAN
VIKA0100;VIKAN
VIKA0100;VIKAN
VIKA0100;VIKAN
VIKA0101;VIKAN
VIKA0101;VIKAN
VIKA0101;VIKAN
VIKA0102;VIKAN
VIKA0102;VIKAN
VIKA0102;VIKAN
VIKA0103;VIKAN
VIKA0103;VIKAN
VIKA0103;VIKAN
VIKA0104;VIKAN
VIKA0104;VIKAN
VIKA0104;VIKAN
VIKA0105;VIKAN
VIKA0105;VIKAN
VIKA0105;VIKAN
VIKA0106;VIKAN
VIKA0106;VIKAN
VIKA0106;VIKAN
VIKA0107;VIKAN
VIKA0107;VIKAN
VIKA0107;VIKAN
VIKA0108;VIKAN
VIKA0108;VIKAN
VIKA0108;VIKAN
VIKA0109;VIKAN
VIKA0109;VIKAN
VIKA0109;VIKAN
VIKA0110;VIKAN
VIKA0110;VIKAN
VIKA0110;VIKAN
VIKA0111;VIKAN
VIKA0111;VIKAN
VIKA0111;VIKAN
VIKA0112;VIKAN
VIKA0112;VIKAN
VIKA0112;VIKAN
VIKA0113;VIKAN
VIKA0113;VIKAN
VIKA0113;VIKAN
VIKA0114;VIKAN
VIKA0114;VIKAN
VIKA0114;VIKAN
VIKA0115;VIKAN
VIKA0115;VIKAN
VIKA0115;VIKAN
VIKA0116;VIKAN
VIKA0116;VIKAN
VIKA0116;VIKAN
VIKA0117;VIKAN
VIKA0117;VIKAN
VIKA0117;VIKAN
VIKA0118;VIKAN
VIKA0118;VIKAN
VIKA0118;VIKAN
VIKA0119;VIKAN
VIKA0119;VIKAN
VIKA0119;VIKAN
VIKA0120;VIKAN
VIKA0120;VIKAN
VIKA0120;VIKAN
VIKA0121;VIKAN
VIKA0121;VIKAN
VIKA0121;VIKAN
VIKA0122;VIKAN
VIKA0122;VIKAN
VIKA0122;VIKAN
VIKA0123;VIKAN
VIKA0123;VIKAN
VIKA0123;VIKAN
VIKA0124;VIKAN
VIKA0124;VIKAN
VIKA0124;VIKAN
VIKA0125;VIKAN
VIKA0125;VIKAN
VIKA0125;VIKAN
VIKA0126;VIKAN
VIKA0126;VIKAN
VIKA0126;VIKAN
VIKA0127;VIKAN
VIKA0127;VIKAN
VIKA0127;VIKAN
VIKA0128;VIKAN
VIKA0128;VIKAN
VIKA0128;VIKAN
VIKA0129;VIKAN
VIKA0129;VIKAN
VIKA0129;VIKAN
VIKA0130;VIKAN
VIKA0130;VIKAN
VIKA0130;VIKAN
VIKA0131;VIKAN
VIKA0131;VIKAN
VIKA0131;VIKAN
VIKA0132;VIKAN
VIKA0132;VIKAN
VIKA0132;VIKAN
VIKA0133;VIKAN
VIKA0133;VIKAN
VIKA0133;VIKAN
Wip000001;WIPETECH
Wip000001;WIPETECH
Wip000001;WIPETECH
Wip000002;WIPETECH
Wip000002;WIPETECH
Wip000002;WIPETECH
Wip000003;WIPETECH
Wip000003;WIPETECH
Wip000003;WIPETECH
Wip000004;WIPETECH
Wip000004;WIPETECH
Wip000004;WIPETECH
Wip000005;WIPETECH
Wip000005;WIPETECH
Wip000005;WIPETECH
Wip000006;WIPETECH
Wip000006;WIPETECH
Wip000006;WIPETECH
Wip000007;WIPETECH
Wip000007;WIPETECH
Wip000007;WIPETECH
Wip000008;WIPETECH
Wip000008;WIPETECH
Wip000008;WIPETECH
Wip000009;WIPETECH
Wip000009;WIPETECH
Wip000009;WIPETECH
Wip000010;WIPETECH
Wip000010;WIPETECH
Wip000010;WIPETECH
Wip000011;WIPETECH
Wip000011;WIPETECH
Wip000011;WIPETECH
Wip000012;WIPETECH
Wip000012;WIPETECH
Wip000012;WIPETECH
Wip000013;WIPETECH
Wip000013;WIPETECH
Wip000013;WIPETECH
Wip000014;WIPETECH
Wip000014;WIPETECH
Wip000014;WIPETECH
Wip000015;WIPETECH
Wip000015;WIPETECH
Wip000015;WIPETECH
Wip000016;WIPETECH
Wip000016;WIPETECH
Wip000016;WIPETECH
YOU000032;YOUTECH
YOU000032;YOUTECH
YOU000032;YOUTECH
YOU000033;YOUTECH
YOU000033;YOUTECH
YOU000033;YOUTECH
YOU000034;YOUTECH
YOU000034;YOUTECH
YOU000034;YOUTECH
YOU000035;YOUTECH
YOU000035;YOUTECH
YOU000035;YOUTECH
YOU000036;YOUTECH
YOU000036;YOUTECH
YOU000036;YOUTECH
YOU000037;YOUTECH
YOU000037;YOUTECH
YOU000037;YOUTECH
YOU000038;YOUTECH
YOU000038;YOUTECH
YOU000038;YOUTECH
YOU000039;YOUTECH
YOU000039;YOUTECH
YOU000039;YOUTECH
YOU000040;YOUTECH
YOU000040;YOUTECH
YOU000040;YOUTECH
YOU000041;YOUTECH
YOU000041;YOUTECH
YOU000041;YOUTECH
YOU000042;YOUTECH
YOU000042;YOUTECH
YOU000042;YOUTECH
YOU000043;YOUTECH
YOU000043;YOUTECH
YOU000043;YOUTECH
YOU000044;YOUTECH
YOU000044;YOUTECH
YOU000044;YOUTECH
YOU000045;YOUTECH
YOU000045;YOUTECH
YOU000045;YOUTECH
YOU000046;YOUTECH
YOU000046;YOUTECH
YOU000046;YOUTECH
YOU000047;YOUTECH
YOU000047;YOUTECH
YOU000047;YOUTECH
YOU000048;YOUTECH
YOU000048;YOUTECH
YOU000048;YOUTECH
YOU000049;YOUTECH
YOU000049;YOUTECH
YOU000049;YOUTECH
YOU000050;YOUTECH
YOU000050;YOUTECH
YOU000050;YOUTECH
YOU000051;YOUTECH
YOU000051;YOUTECH
YOU000051;YOUTECH
YOU000052;YOUTECH
YOU000052;YOUTECH
YOU000052;YOUTECH
YOU000053;YOUTECH
YOU000053;YOUTECH
YOU000053;YOUTECH
YOU000054;YOUTECH
YOU000054;YOUTECH
YOU000054;YOUTECH
YOU000055;YOUTECH
YOU000055;YOUTECH
YOU000055;YOUTECH
YOU000056;YOUTECH
YOU000056;YOUTECH
YOU000056;YOUTECH
YOU000057;YOUTECH
YOU000057;YOUTECH
YOU000057;YOUTECH
YOU000058;YOUTECH
YOU000058;YOUTECH
YOU000058;YOUTECH
YOU000059;YOUTECH
YOU000059;YOUTECH
YOU000059;YOUTECH
YOU000060;YOUTECH
YOU000060;YOUTECH
YOU000060;YOUTECH
YOU000061;YOUTECH
YOU000061;YOUTECH
YOU000061;YOUTECH
YOU000062;YOUTECH
YOU000062;YOUTECH
YOU000062;YOUTECH
YOU000063;YOUTECH
YOU000063;YOUTECH
YOU000063;YOUTECH
YOU000064;YOUTECH
YOU000064;YOUTECH
YOU000064;YOUTECH
YOU000065;YOUTECH
YOU000065;YOUTECH
YOU000065;YOUTECH
YOU000066;YOUTECH
YOU000066;YOUTECH
YOU000066;YOUTECH
YOU000067;YOUTECH
YOU000067;YOUTECH
YOU000067;YOUTECH
YOU000068;YOUTECH
YOU000068;YOUTECH
YOU000068;YOUTECH
YOU000069;YOUTECH
YOU000069;YOUTECH
YOU000069;YOUTECH
YOU000070;YOUTECH
YOU000070;YOUTECH
YOU000070;YOUTECH
YOU000071;YOUTECH
YOU000071;YOUTECH
YOU000071;YOUTECH
YOU000072;YOUTECH
YOU000072;YOUTECH
YOU000072;YOUTECH
YOU000073;YOUTECH
YOU000073;YOUTECH
YOU000073;YOUTECH
YOU000074;YOUTECH
YOU000074;YOUTECH
YOU000074;YOUTECH
YOU000075;YOUTECH
YOU000075;YOUTECH
YOU000075;YOUTECH
YOU000076;YOUTECH
YOU000076;YOUTECH
YOU000076;YOUTECH
YOU000077;YOUTECH
YOU000077;YOUTECH
YOU000077;YOUTECH
YOU000078;YOUTECH
YOU000078;YOUTECH
YOU000078;YOUTECH
YOU000079;YOUTECH
YOU000079;YOUTECH
YOU000079;YOUTECH
YOU000080;YOUTECH
YOU000080;YOUTECH
YOU000080;YOUTECH
YOU000081;YOUTECH
YOU000081;YOUTECH
YOU000081;YOUTECH
YOU000082;YOUTECH
YOU000082;YOUTECH
YOU000082;YOUTECH
YOU000083;YOUTECH
YOU000083;YOUTECH
YOU000083;YOUTECH
YOU000084;YOUTECH
YOU000084;YOUTECH
YOU000084;YOUTECH
YOU000085;YOUTECH
YOU000085;YOUTECH
YOU000085;YOUTECH
YOU000086;YOUTECH
YOU000086;YOUTECH
YOU000086;YOUTECH
YOU000087;YOUTECH
YOU000087;YOUTECH
YOU000087;YOUTECH
YOU000088;YOUTECH
YOU000088;YOUTECH
YOU000088;YOUTECH
YOU000089;YOUTECH
YOU000089;YOUTECH
YOU000089;YOUTECH
YOU000090;YOUTECH
YOU000090;YOUTECH
YOU000090;YOUTECH
YOU000091;YOUTECH
YOU000091;YOUTECH
YOU000091;YOUTECH
YOU000092;YOUTECH
YOU000092;YOUTECH
YOU000092;YOUTECH
YUO000001;YOUTECH
YUO000001;YOUTECH
YUO000001;YOUTECH
YUO000004;YOUTECH
YUO000004;YOUTECH
YUO000004;YOUTECH
YUO000005;YOUTECH
YUO000005;YOUTECH
YUO000005;YOUTECH
YUO000006;YOUTECH
YUO000006;YOUTECH
YUO000006;YOUTECH
YUO000007;YOUTECH
YUO000007;YOUTECH
YUO000007;YOUTECH
YUO000008;YOUTECH
YUO000008;YOUTECH
YUO000008;YOUTECH
YUO000012;YOUTECH
YUO000012;YOUTECH
YUO000012;YOUTECH
YUO000013;YOUTECH
YUO000013;YOUTECH
YUO000013;YOUTECH
YUO000014;YOUTECH
YUO000014;YOUTECH
YUO000014;YOUTECH
YUO000015;YOUTECH
YUO000015;YOUTECH
YUO000015;YOUTECH
YUO000016;YOUTECH
YUO000016;YOUTECH
YUO000016;YOUTECH
YUO000017;YOUTECH
YUO000017;YOUTECH
YUO000017;YOUTECH
YUO000018;YOUTECH
YUO000018;YOUTECH
YUO000018;YOUTECH
YUO000019;YOUTECH
YUO000019;YOUTECH
YUO000019;YOUTECH
YUO000020;YOUTECH
YUO000020;YOUTECH
YUO000020;YOUTECH
YUO000021;YOUTECH
YUO000021;YOUTECH
YUO000021;YOUTECH
YUO000022;YOUTECH
YUO000022;YOUTECH
YUO000022;YOUTECH
YUO000023;YOUTECH
YUO000023;YOUTECH
YUO000023;YOUTECH
YUO000024;YOUTECH
YUO000024;YOUTECH
YUO000024;YOUTECH
YUO000025;YOUTECH
YUO000025;YOUTECH
YUO000025;YOUTECH
YUO000026;YOUTECH
YUO000026;YOUTECH
YUO000026;YOUTECH
YUO000027;YOUTECH
YUO000027;YOUTECH
YUO000027;YOUTECH
YUO000028;YOUTECH
YUO000028;YOUTECH
YUO000028;YOUTECH
YUO000029;YOUTECH
YUO000029;YOUTECH
YUO000029;YOUTECH
YUO000030;YOUTECH
YUO000030;YOUTECH
YUO000030;YOUTECH
YUO000031;YOUTECH
YUO000031;YOUTECH
YUO000031;YOUTECH
