sku;stock;price_purchase_net;price_sale_net;price_sale_gross
1000015;1.0;99.35;218.69;268.99
ABE000007;0.0;40.57;56.9;69.99
ABE000013;3.0;26.08;40.64;49.99
ADB000001;2.0;24.46;48.77;59.99
ADB000002;0.0;18.29;30.89;37.99
ADB000003;0.0;33.53;56.9;69.99
ADB000004;0.0;33.53;56.09;68.99
ADB000005;2.0;4.69;9.75;11.99
ADB000006;11.0;5.94;12.19;14.99
ADB000007;8.0;8.53;16.25;19.99
ADB000008;1.0;1.95;3.65;4.49
ADB000009;1.0;61.62;101.62;124.99
ADB000010;1.0;15.25;25.2;30.99
ADB000011;1.0;13.82;24.38;29.99
ADB000012;1.0;28.96;48.77;59.99
ADB000013;0.0;17.98;30.07;36.99
ADB000014;1.0;28.8;47.96;58.99
ADB000015;3.0;22.65;38.2;46.99
ADB000016;1.0;29.91;50.4;61.99
ADB000017;1.0;47.74;79.67;97.99
ADB000018;1.0;43.56;73.16;89.99
ADB000019;1.0;29.82;48.77;59.99
ADB000020;1.0;29.54;48.77;59.99
ADB000021;1.0;29.82;48.77;59.99
ADB000022;1.0;24.92;40.64;49.99
ADB000023;1.0;5.31;8.93;10.99
ADB000024;4.0;5.41;8.93;10.99
ADB000025;4.0;17.09;28.45;34.99
ADB000026;2.0;17.87;30.07;36.99
ADB000027;1.0;16.56;27.63;33.99
ADB000028;1.0;9.66;16.25;19.99
ADB000029;0.0;14.67;24.38;29.99
ADB000030;1.0;17.87;30.07;36.99
ADB000031;0.0;14.93;24.38;29.99
ADB000032;3.0;9.66;16.25;19.99
ADB000033;0.0;11.87;20.32;24.99
ADB000034;1.0;17.09;28.45;34.99
ADB000035;2.0;9.66;16.25;19.99
ADB000036;1.0;26.32;43.89;53.99
ADB000037;3.0;13.58;22.76;27.99
ADB000038;1.0;13.17;21.94;26.99
ADB000039;1.0;43.55;73.16;89.99
ADB000040;1.0;114.33;191.05;234.99
ADB000041;3.0;27.69;46.33;56.99
ADB000042;2.0;8.12;16.25;19.99
ALD000017;0.0;129.0;230.0;282.9
ALD000018;0.0;726.0;1680.0;2066.4
ALD000019;12.0;4.4;21.13;25.99
ALD000020;0.0;1008.0;1920.0;2361.6
ALD000023;0.0;0.01;0.02;0.02
ALD000024;0.0;0.01;0.02;0.02
ARO000001;0.0;9.48;17.88;21.99
ARO000005;0.0;5.12;7.31;8.99
ARO000006;0.0;5.12;7.31;8.99
ARO000007;0.0;5.12;7.31;8.99
ARO000008;0.0;5.68;8.12;9.99
ARO000009;0.0;5.68;8.12;9.99
ARO000010;0.0;5.68;8.12;9.99
ARO000011;8.0;17.55;32.51;39.99
ARO000012;30.0;17.55;32.51;39.99
ARO000013;15.0;17.55;32.51;39.99
ARO000015;0.0;21.05;35.76;43.99
ARO000016;0.0;21.05;35.76;43.99
ARO000017;0.0;18.49;35.76;43.99
ARO000018;21.0;12.19;20.32;24.99
ARO000019;24.0;12.19;20.32;24.99
ARO000020;5.0;11.21;20.32;24.99
ARO000021;0.0;10.73;20.32;24.99
ARO000022;40.0;2.92;5.68;6.99
ARO000023;13.0;2.92;5.68;6.99
ARO000024;28.0;2.92;5.68;6.99
ARO000025;6.0;17.55;32.51;39.99
ARO000026;0.0;13.21;24.38;29.99
ARO000027;0.0;14.63;26.82;32.99
ARO000028;0.0;12.68;18.69;22.99
ARO000029;5.0;10.72;20.32;24.99
ARO000030;0.0;5.28;8.93;10.99
ARO000031;0.0;5.28;8.93;10.99
ARO000032;16.0;17.55;32.51;39.99
ARO000034;0.0;9.75;17.88;21.99
ARO000036;8.0;9.75;17.88;21.99
ARO000037;18.0;12.19;20.32;24.99
ARO000038;0.0;31.7;55.28;67.99
ARO000039;28.0;2.92;5.68;6.99
ARO000040;19.0;2.92;5.68;6.99
ARO000041;27.0;2.92;5.68;6.99
ARO000042;44.0;2.92;5.68;6.99
ARO000043;22.0;2.92;5.68;6.99
ARO000044;34.0;2.92;5.68;6.99
ARO000045;16.0;2.92;5.68;6.99
ARO000046;11.0;2.92;5.68;6.99
ARO000047;24.0;2.92;5.68;6.99
ARO000048;0.0;14.63;24.38;29.99
ARO000049;0.0;12.68;21.13;25.99
ARO000050;0.0;43.9;73.16;89.99
ARO000051;0.0;17.55;32.51;39.99
ARO000052;12.0;9.75;17.88;21.99
ARO000053;30.0;9.75;17.88;21.99
ARO000054;1.0;6.6;12.19;14.99
ARO000055;0.0;8.29;12.19;14.99
ARO000056;1.0;12.0;26.82;32.99
ARO000057;7.0;12.0;26.82;32.99
ARO000058;7.0;9.75;20.32;24.99
ARO000060;11.0;17.55;32.51;39.99
ARO000063;6.0;17.55;32.51;39.99
ARO000064;13.0;9.75;17.88;21.99
ARO000065;0.0;9.75;17.88;21.99
ARO000067;10.0;9.75;17.88;21.99
ARO000068;0.0;17.55;32.51;39.99
ARO000069;7.0;17.55;32.51;39.99
ARO000070;0.0;17.55;32.51;39.99
ARO000071;5.0;17.55;32.51;39.99
ARO000072;7.0;9.75;17.88;21.99
ARO000073;8.0;9.75;17.88;21.99
ARO000075;9.0;9.75;20.32;24.99
ARO000076;7.0;9.75;20.32;24.99
ARO000077;7.0;9.75;20.32;24.99
ARO000078;5.0;9.75;20.32;24.99
ARO000079;9.0;17.55;32.51;39.99
ARO000080;0.0;19.51;35.76;43.99
ARO000081;0.0;19.51;35.76;43.99
ARO000082;2.0;19.51;35.76;43.99
ARO000083;0.0;0.01;4.87;5.99
ARO000085;9.0;9.75;20.32;24.99
ARO000086;14.0;9.75;17.88;21.99
ARO000087;6.0;17.55;32.51;39.99
ARO000088;7.0;17.55;32.51;39.99
ARO000089;14.0;2.92;5.68;6.99
ARO000090;0.0;2.92;5.68;6.99
ARO000091;0.0;3.41;6.5;7.99
ARO000092;0.0;3.41;6.5;7.99
ARO000093;0.0;3.41;6.5;7.99
ARO000094;2.0;6.34;12.19;14.99
ARO000095;0.0;17.56;32.51;39.99
ARO000097;0.0;0.01;4.87;5.99
ARO000098;0.0;0.01;4.87;5.99
ARO000099;8.0;17.55;32.51;39.99
ARO000100;13.0;17.55;32.51;39.99
ARO000101;30.0;17.55;32.51;39.99
ARO000102;6.0;15.6;35.76;43.99
ARO000103;0.0;17.56;32.51;39.99
ARO000105;5.0;14.63;26.82;32.99
ARO000106;0.0;39.02;73.16;89.99
ARO000107;0.0;20.97;81.29;99.99
ARO000108;2.0;4.14;8.93;10.99
ARO000109;43.0;9.75;17.88;21.99
ARO000110;0.0;12.19;22.76;27.99
ARO000111;0.0;12.19;22.76;27.99
ARO000112;5.0;12.68;22.76;27.99
ARO000113;4.0;29.26;55.28;67.99
ARO000114;3.0;29.26;55.28;67.99
ARO000115;2.0;9.48;17.88;21.99
ARO000116;0.0;20.97;34.95;42.99
ARO000117;3.0;66.0;113.81;139.99
ARO000118;7.0;10.72;19.5;23.99
ARO000119;4.0;14.63;24.38;29.99
ARO000120;8.0;20.18;26.82;32.99
ARO000121;12.0;17.55;29.25;35.98
ARO000122;0.0;8.67;16.25;19.99
ATAS0001;0.0;27.0;48.77;59.99
ATAS0002;15.0;11.69;21.94;26.99
ATAS0003;4.0;137.46;239.83;294.99
ATAS0004;0.0;334.17;640.58;787.91
ATAS0005;6.0;30.01;50.4;61.99
ATAS0006;4.0;72.05;126.01;154.99
ATAS0008;0.0;12.6;24.38;29.99
ATAS0009;9.0;14.53;26.82;32.99
ATAS0011;3.0;78.8;145.52;178.99
ATAS0012;15.0;6.63;12.19;14.99
ATAS0017;8.0;3.0;5.68;6.99
ATAS0025;1.0;3.14;4.87;5.99
ATAS0030;2.0;98.75;179.55;220.85
ATAS0031;37.0;4.85;8.12;9.99
ATAS0032;9.0;9.22;16.25;19.99
ATAS0034;3.0;6.74;10.56;12.99
ATAS0036;7.0;21.0;34.95;42.99
ATAS0038;0.0;14.2;24.38;29.99
ATAS0039;16.0;15.5;30.89;37.99
ATAS0040;0.0;9.39;16.25;19.99
ATAS0042;0.0;5.5;10.56;12.99
ATAS0043;2.0;20.86;38.2;46.99
ATAS0044;30.0;4.33;8.12;9.99
ATAS0045;23.0;6.32;11.37;13.99
ATAS0046;18.0;6.8;14.63;17.99
ATAS0047;8.0;3.95;6.5;7.99
ATAS0048;19.0;3.52;6.5;7.99
ATAS0049;5.0;3.52;6.5;7.99
ATAS0050;18.0;4.33;8.12;9.99
ATAS0051;5.0;3.52;6.5;7.99
ATAS0052;5.0;3.94;8.12;9.99
ATAS0053;71.0;13.0;24.38;29.99
ATAS0055;10.0;3.52;6.5;7.99
ATAS0056;7.0;3.95;6.5;7.99
ATAS0057;0.0;3.95;6.5;7.99
ATAS0058;0.0;12.0;16.25;19.99
ATAS0060;5.0;6.73;18.69;22.99
ATAS0061;0.0;0.71;1.62;1.99
ATAS0062;6.0;12.35;22.76;27.99
ATAS0063;6.0;6.84;13.81;16.99
ATAS0064;6.0;3.95;6.5;7.99
ATAS0067;4.0;3.52;6.5;7.99
ATAS0068;8.0;3.95;6.5;7.99
ATAS0069;7.0;3.95;6.5;7.99
ATAS0071;8.0;4.24;6.5;7.99
ATAS0072;15.0;3.95;6.5;7.99
ATAS0073;0.0;3.52;6.5;7.99
ATAS0074;0.0;12.6;24.38;29.99
ATAS0075;0.0;13.1;24.38;29.99
ATAS0076;0.0;12.6;24.38;29.99
ATAS0077;0.0;13.1;24.38;29.99
ATAS0078;0.0;12.6;24.38;29.99
ATAS0079;0.0;13.1;24.38;29.99
ATAS0080;0.0;14.2;24.38;29.99
ATAS0081;29.0;14.1;24.38;29.99
ATAS0082;0.0;14.2;24.38;29.99
ATAS0083;14.0;8.5;15.44;18.99
ATAS0084;12.0;8.5;15.44;18.99
ATAS0087;0.0;8.2;15.44;18.99
ATAS0088;3.0;8.5;15.44;18.99
ATAS0089;29.0;3.0;5.68;6.99
ATAS0090;17.0;3.0;5.68;6.99
ATAS0091;10.0;3.0;5.68;6.99
ATAS0092;12.0;3.0;5.68;6.99
ATAS0093;0.0;3.0;5.68;6.99
ATAS0094;1.0;4.33;8.93;10.99
ATAS0095;26.0;4.33;8.12;9.99
ATAS0096;0.0;13.1;24.38;29.99
ATAS0097;1.0;13.1;24.38;29.99
ATAS0098;0.0;13.1;24.38;29.99
ATAS0101;8.0;8.5;15.44;18.99
ATAS0103;6.0;8.5;15.44;18.99
ATAS0104;5.0;8.5;15.44;18.99
ATAS0105;4.0;8.5;15.44;18.99
ATAS0107;19.0;7.41;15.44;18.99
ATAS0109;0.0;8.5;15.44;18.99
ATAS0110;2.0;8.5;15.44;18.99
ATAS0112;3.0;8.5;15.44;18.99
ATAS0113;3.0;8.5;15.44;18.99
ATAS0116;13.0;5.2;9.75;11.99
ATAS0117;10.0;5.2;8.12;9.99
ATAS0118;1.0;15.52;26.01;31.99
ATAS0119;5.0;3.0;5.68;6.99
ATAS0120;0.0;6.8;11.37;13.99
ATAS0123;37.0;8.41;14.63;17.99
ATAS0124;4.0;4.9;10.56;12.99
ATAS0126;33.0;13.1;24.38;29.99
ATAS0127;4.0;4.33;7.31;8.99
ATAS0129;3.0;66.62;130.07;159.99
ATAS0130;12.0;4.33;8.12;9.99
ATAS0132;0.0;17.56;29.26;35.99
ATAS0133;1.0;9.24;18.69;22.99
ATAS0134;1.0;3.0;5.68;6.99
ATAS0135;10.0;4.33;8.12;9.99
ATAS0136;0.0;8.5;15.44;18.99
ATAS0137;3.0;8.1;15.44;18.99
ATAS0138;0.0;8.5;15.44;18.99
ATAS0139;3.0;8.72;15.44;18.99
ATAS0140;0.0;27.58;43.08;52.99
ATAS0141;0.0;20.34;34.14;41.99
ATAS0142;13.0;6.6;16.25;19.99
ATAS0143;6.0;7.56;24.38;29.99
ATAS0145;4.0;8.2;15.44;18.99
ATAS0146;0.0;3.0;5.68;6.99
ATAS0147;0.0;16.5;32.51;39.99
ATAS0148;3.0;12.0;24.38;29.99
ATAS0149;21.0;15.75;28.45;34.99
ATAS0150;0.0;6.8;13.81;16.99
ATAS0151;0.0;7.42;13.81;16.99
ATAS0152;1.0;267.81;447.15;549.99
ATAS0153;9.0;12.21;21.94;26.99
ATAS0154;0.0;3.0;5.68;6.99
ATAS0155;0.0;7.32;13.0;15.99
ATAS0156;0.0;72.56;132.51;162.99
ATAS0157;13.0;4.73;10.56;12.99
ATAS0158;14.0;17.22;32.51;39.99
ATAS0159;4.0;115.74;209.75;257.99
ATAS0160;1.0;162.23;294.96;362.8
ATAS0161;16.0;8.24;13.0;15.99
ATAS0162;4.0;2.35;4.06;4.99
ATAS0163;12.0;14.89;24.38;29.99
ATAS0164;4.0;6.7;11.37;13.99
ATAS0165;1.0;8.84;13.81;16.99
ATAS0166;2.0;8.84;14.63;17.99
ATAS0167;0.0;5.99;9.75;11.99
ATAS0168;5.0;8.78;13.81;16.99
ATAS0169;2.0;11.32;18.69;22.99
ATAS0170;6.0;16.36;27.63;33.99
ATAS0171;0.0;10.75;17.88;21.99
ATAS0172;4.0;7.32;12.19;14.99
ATAS0173;2.0;21.58;35.76;43.99
ATAS0174;2.0;45.2;65.03;79.99
ATAS0175;1.0;10.97;18.69;22.99
ATAS0176;9.0;13.63;22.76;27.99
ATAS0177;7.0;18.05;30.07;36.99
ATAS0178;2.0;8.65;14.63;17.99
ATAS0179;7.0;9.16;15.44;18.99
ATAS0180;2.0;0.11;4.8;5.9
ATAS0181;5.0;7.07;11.37;13.99
ATAS0182;2.0;8.32;13.81;16.99
ATAS0183;6.0;10.41;17.88;21.99
ATAS0184;11.0;12.0;20.32;24.99
ATAS0185;7.0;12.28;22.76;27.99
ATAS0186;6.0;9.73;16.25;19.99
ATAS0187;13.0;13.26;24.38;29.99
ATAS0188;6.0;11.84;21.29;22.99
ATAS0189;6.0;6.43;10.56;12.99
ATAS0190;1.0;95.29;158.53;194.99
ATAS0191;1.0;107.88;195.11;239.99
ATAS0192;2.0;6.34;10.56;12.99
ATAS0193;16.0;47.25;85.91;105.67
ATAS0194;0.0;6.12;11.13;13.69
ATAS0195;4.0;3.44;6.5;7.99
ATAS0196;214.0;1.42;3.24;3.99
ATAS0197;0.0;3.0;5.68;6.99
ATAS0198;0.0;4.33;8.12;9.99
ATAS0199;6.0;9.95;17.88;21.99
ATAS0200;0.0;0.0;21.13;25.99
ATAS0201;10.0;3.0;5.68;6.99
ATAS0202;0.0;3.0;5.68;6.99
BAS000001;0.0;11.33;20.32;24.99
BAS000002;0.0;25.6;46.29;49.99
BAS000003;0.0;25.6;46.29;49.99
BAS000004;0.0;28.52;51.84;55.99
BAS000005;0.0;20.74;37.03;39.99
BAS000006;4.0;16.21;29.62;31.99
BAS000007;0.0;10.82;20.32;24.99
BAS000008;3.0;43.23;78.85;96.99
BAS000009;0.0;90.09;163.88;176.99
BAS000010;0.0;67.73;123.57;151.99
BOL000001;2.0;18.49;32.51;39.99
CAR000002;1.0;23.2;29.26;35.99
CAR000003;0.0;115.25;178.04;218.99
CAR000004;0.0;49.23;81.29;99.99
CAR000005;1.0;146.78;243.89;299.99
CAR000006;0.0;65.0;100.8;123.99
CAR000007;0.0;94.52;145.52;178.99
CAR000008;0.0;116.42;178.85;219.99
CAR000009;0.0;65.85;101.62;124.99
CAR000010;0.0;112.19;173.16;212.99
CAR000011;0.0;55.72;91.05;111.99
CAR000012;0.0;172.8;286.17;351.99
CAR000013;0.0;61.58;102.43;125.99
CAR000014;0.0;185.15;307.31;377.99
CAR000015;0.0;71.34;119.5;146.99
CAR000016;1.0;81.09;133.33;163.99
CAR000017;0.0;28.42;46.33;56.99
CAR000018;0.0;8.54;26.26;32.3
CAR000019;0.0;96.95;149.59;183.99
CAR000020;0.0;133.54;219.5;269.99
CAR000021;0.0;179.88;300.8;369.99
CAR000022;0.0;55.49;86.17;105.99
CAR000023;0.0;55.49;86.17;105.99
CAR000024;0.0;168.29;280.48;344.99
CAR000025;0.0;29.88;50.4;61.99
CAR000026;1.0;14.33;24.38;29.99
CAR000027;0.0;32.33;52.84;64.99
CAR000028;1.0;54.27;89.42;109.99
CAR000029;1.0;127.44;211.37;259.99
CAR000030;0.0;122.71;203.24;249.99
CAR000031;1.0;54.27;89.42;109.99
CAR000032;0.0;54.27;93.49;114.99
CART0003;4.0;159.35;265.85;326.99
CART0004;0.0;6.87;13.0;15.99
CART0005;0.0;0.98;2.44;3.0
CART0006;9.0;3.61;5.68;6.99
CART0010;1.0;65.12;117.88;144.99
CART0011;2.0;66.58;111.37;136.99
CART0012;0.0;54.6;99.99;122.99
CART0014;0.0;259.0;430.89;529.99
CART0015;10.0;14.6;26.82;32.99
CART0017;15.0;46.16;81.29;99.99
CART0018;3.0;191.79;345.52;424.99
CART0019;0.0;76.83;113.81;139.99
CART0020;0.0;7.9;12.19;14.99
CART0021;6.0;44.82;81.22;99.9
CART0022;1.0;19.4;32.51;39.99
CART0025;5.0;47.24;78.04;95.99
CART0027;9.0;38.47;64.22;78.99
CART0028;9.0;27.77;46.24;56.88
CART0031;2.0;26.07;52.84;64.99
CART0032;0.0;48.48;81.29;99.99
CART0033;0.0;27.89;47.15;57.99
CART0034;0.0;19.65;26.01;31.99
CART0036;420.0;1.25;2.43;2.99
CART0037;0.0;42.69;73.16;89.99
CART0038;0.0;26.16;43.89;53.99
CART0039;0.0;13.21;24.38;29.99
CART0040;0.0;1.3;17.07;20.99
CART0042;0.0;42.69;71.54;87.99
CART0043;0.0;9.15;14.63;17.99
CART0044;0.0;23.78;39.83;48.99
CART0045;5.0;38.47;64.22;78.99
CART0046;0.0;21.0;35.76;43.99
CART0047;5.0;24.75;40.64;49.99
CART0048;0.0;0.74;1.29;1.59
CART0049;0.0;15.85;28.45;34.99
CART0050;3.0;15.85;28.45;34.99
CART0051;0.0;55.5;97.55;119.99
CART0054;0.0;15.33;26.82;32.99
CART0056;0.0;31.18;56.9;69.99
CART0057;0.0;24.98;45.52;55.99
CART0059;0.0;44.82;73.16;89.99
CART0060;0.0;40.3;67.47;82.99
CART0064;0.0;515.61;937.47;1153.09
CART0065;1.0;15.33;97.55;119.99
CART0066;0.0;14.27;24.38;29.99
CART0067;1.0;26.16;40.64;49.99
CART0069;0.0;24.75;40.64;49.99
CART0070;0.0;37.0;67.47;82.99
CART0071;9.0;7.29;12.19;14.99
CART0072;6.0;6.83;14.05;17.28
CART0073;0.0;22.43;37.39;45.99
CART0074;2.0;26.52;44.71;54.99
CART0075;0.0;44.4;73.16;89.99
CART0076;1.0;56.85;94.3;115.99
CART0077;0.0;26.25;38.2;46.99
CART0079;0.0;27.89;48.77;59.99
CART0080;0.0;6.04;8.93;10.99
CART0081;0.0;22.5;32.51;39.99
CART0082;0.0;23.17;28.45;34.99
CART0084;0.0;24.1;31.7;38.99
CART0086;0.0;45.67;81.29;99.99
CART0088;0.0;11.59;21.13;25.99
CART0089;0.0;43.35;75.6;92.99
CART0090;0.0;32.26;59.34;72.99
CART0092;3.0;38.98;66.66;81.99
CART0093;0.0;16.12;30.89;37.99
CART0094;0.0;31.18;52.02;63.99
CART0095;0.0;164.88;276.65;340.28
CART0096;0.0;66.6;121.94;149.99
CART0097;0.0;60.7;105.68;129.99
CART0098;0.0;155.4;260.15;319.99
CART0100;0.0;68.16;123.93;152.43
CART0101;0.0;79.26;134.14;164.99
CART0102;0.0;68.22;117.88;144.99
CART0103;0.0;137.4;249.82;307.28
CART0104;7.0;22.71;38.2;46.99
CART0105;0.0;148.54;252.02;309.99
CART0106;2.0;4.2;8.12;9.99
CART0107;1.0;44.51;74.79;91.99
CART0108;0.0;66.5;105.68;129.99
CART0109;6.0;19.32;32.51;39.99
CART0110;0.0;16.38;28.45;34.99
CART0111;3.0;50.65;85.36;104.99
CART0112;4.0;71.71;130.07;159.99
CART0113;1.0;41.26;69.1;84.99
CART0114;3.0;31.98;53.65;65.99
CART0115;0.0;19.55;28.45;34.99
CART0116;0.0;14.05;20.32;24.99
CART0117;3.0;43.08;81.29;99.99
CART0118;4.0;52.24;89.42;109.99
CART0119;7.0;24.3;40.64;49.99
CART0120;2.0;149.11;268.28;329.99
CART0121;1.0;38.47;65.03;79.99
CART0122;0.0;52.9;81.29;99.99
CART0125;0.0;31.35;46.33;56.99
CART0126;0.0;21.65;31.7;38.99
CART0127;0.0;24.75;38.2;46.99
CART0128;0.0;23.78;39.83;48.99
CART0132;0.0;72.28;121.94;149.99
CART0133;3.0;30.73;52.84;64.99
CART0135;8.0;25.55;44.71;54.99
CART0136;0.0;72.85;121.94;149.99
CART0137;0.0;101.0;134.14;164.99
CART0138;0.0;91.62;152.84;187.99
CART0139;1.0;26.92;48.77;59.99
CART0140;3.0;85.93;146.33;179.99
CART0141;3.0;35.91;65.03;79.99
CART0142;2.0;25.55;46.33;56.99
CART0143;1.0;40.92;72.35;88.99
CART0144;1.0;88.78;117.88;144.99
CART0145;1.0;620.33;1121.94;1379.99
CART0146;2.0;28.57;52.02;63.99
CART0153;1.0;96.74;149.59;183.99
CART0162;3.0;1.15;2.43;2.99
CART0163;7.0;9.9;16.25;19.99
CART0168;2.0;24.0;43.08;52.99
CART0169;0.0;10.25;14.63;17.99
CART0170;0.0;18.29;24.38;29.99
CART0175;0.0;3.25;6.5;7.99
CART0176;2.0;6.04;11.37;13.99
CART0177;0.0;14.5;20.32;24.99
CART0184;0.0;29.02;47.96;58.99
CART0186;0.0;11.8;20.32;24.99
CART0190;0.0;30.25;43.08;52.99
CART0191;0.0;43.8;62.59;76.99
CART0193;0.0;25.5;32.51;39.99
CART0194;0.0;12.09;16.25;19.99
CART0197;1.0;128.0;162.59;199.99
CART0199;0.0;5.36;8.12;9.99
CART0202;2.0;16.45;30.07;36.99
CHE000001;0.0;3.87;6.5;7.99
CHE000002;3.0;50.0;110.56;135.99
CHE000003;3.0;89.0;183.73;225.99
CHE000007;0.0;92.0;162.59;199.99
CHE000008;0.0;268.0;433.33;532.99
CHE000010;48.0;8.7;22.76;27.99
CHE000011;5.0;62.0;138.2;169.99
CHE000012;1.0;30.0;56.9;69.99
CHE000013;2.0;35.01;195.11;239.99
CHE000014;0.0;136.0;272.35;334.99
CHE000017;8.0;94.66;170.72;209.99
CHE000022;2.0;35.0;65.03;79.99
CHE000023;0.0;35.0;65.03;79.99
CHE000025;0.0;15.0;186.98;229.99
CHE000029;4.0;31.3;60.97;74.99
CHE000030;3.0;27.32;51.21;62.99
CHE000031;3.0;22.76;43.08;52.99
CHE000032;0.0;19.86;30.89;37.99
CHE000033;7.0;2.8;8.93;10.99
CHE000034;6.0;30.73;72.35;88.99
CHE000035;2.0;79.62;175.6;215.99
CHE000036;5.0;45.47;81.29;99.99
CHE000037;0.0;34.48;58.53;71.99
CHE000038;1.0;166.0;291.05;357.99
CHE000040;1.0;189.5;317.07;389.99
CHE000042;8.0;7.5;29.26;35.99
CHE000043;0.0;11.2;28.45;34.99
CHE000044;0.0;210.0;386.15;474.96
CHE000046;14.0;25.0;73.16;89.99
CHE000047;0.0;21.34;37.39;45.99
CHE000049;2.0;3.25;6.5;7.99
CHE000050;0.0;24.38;43.08;52.99
CHE000051;4.0;25.7;57.72;70.99
CHE000052;0.0;25.37;46.13;56.74
CHE000053;0.0;67.64;97.55;119.99
CHE000054;0.0;63.37;115.44;141.99
CHE000055;16.0;5.0;97.55;119.99
CHE000056;0.0;37.94;69.1;84.99
CHE000058;0.0;10.63;19.5;23.99
CHE000059;5.0;22.71;40.64;49.99
CHE000060;0.0;73.39;164.22;201.99
CHE000063;35.0;37.8;76.36;93.92
CHE000064;0.0;80.08;145.6;179.09
CHE000065;2.0;198.92;368.38;453.11
CHE000066;6.0;36.78;66.87;82.25
CHE000067;3.0;83.19;251.38;309.2
CHE000068;3.0;101.7;178.85;219.99
CHE000069;0.0;35.0;63.64;78.28
CHE000070;6.0;23.1;252.0;309.96
CHE000071;0.0;10.0;10.0;12.3
CHE000072;0.0;8.0;8.0;9.84
CHE000073;0.0;8.0;8.0;9.84
CHE000074;0.0;42.68;77.23;94.99
CHE000075;0.0;198.68;361.24;444.33
CHE000076;0.0;204.73;372.24;457.86
CHE000077;0.0;73.39;164.22;201.99
CHE000078;0.0;76.83;130.07;159.99
CHE000079;2.0;78.61;151.21;185.99
CHE000080;0.0;88.02;160.04;196.85
CHE000081;74.0;9.0;17.88;21.99
CHE000082;9.0;215.0;421.25;518.14
CHE000083;6.0;55.0;110.0;135.3
CHE000084;0.0;62.0;142.27;174.99
CHE000085;2.0;42.12;73.16;89.99
CHE000086;3.0;105.0;288.61;354.99
CHE000087;2.0;64.69;121.94;149.99
CIDL0002;23.0;1.1;415.58;511.16
CIDL0006;12.0;193.18;351.24;432.03
CIDL0007;0.0;195.9;404.06;496.99
CIDL0008;13.0;13.03;51.95;63.9
CIDL0010;0.0;918.9;2686.98;3304.99
CIDL0011;57.0;14.07;31.24;38.43
CIDL0012;21.0;18.35;33.36;41.03
CIDL0013;27.0;27.16;48.77;59.99
CIDL0014;30.0;23.86;41.46;50.99
CIDL0018;1.0;229.87;416.25;511.99
CIDL0024;2.0;47.62;128.45;157.99
CIDL0026;1.0;547.28;995.05;1223.91
CIDL0027;31.0;1.1;199.18;244.99
CIDL0028;34.0;32.97;65.95;81.12
CIDL0033;5.0;107.55;186.98;229.99
CIDL0034;29.0;185.03;344.78;424.08
CIDL0036;2.0;237.89;432.53;532.01
CIDL0037;1.0;436.57;793.49;975.99
CIDL0038;8.0;218.05;396.44;487.62
CIDL0039;27.0;9.71;30.89;37.99
CIDL0040;24.0;16.36;36.8;45.26
CIDL0041;19.0;16.95;30.82;37.91
CIDL0045;1.0;403.81;731.7;899.99
CIDL0055;4.0;466.0;847.27;915.05
CIDL0057;6.0;146.42;243.89;299.99
CIDL0062;3.0;219.25;398.65;490.34
CIDL0063;4.0;209.99;381.8;469.61
CIDL0064;5.0;184.43;335.33;362.16
CIDL0067;2.0;272.5;495.47;609.43
CIDL0068;0.0;1372.8;4918.69;6049.99
CIDL0070;1.0;260.81;474.2;583.27
CIDL0071;15.0;26.85;53.69;66.04
CIDL0074;1.0;266.06;483.75;595.01
CIDL0075;2.0;54.39;135.98;167.26
CIDL0077;0.0;300.04;544.71;669.99
CIDL0081;1.0;73.19;133.07;163.68
CIDL0084;4.0;248.54;497.07;611.4
CIDL0086;3.0;10.3;20.32;24.99
CIDL0087;4.0;15.44;28.07;34.53
CIDL0090;1.0;21.53;28.45;34.99
CIDL0091;2.0;13.19;24.38;29.99
CIDL0092;27.0;11.62;24.38;29.99
CIDL0099;7.0;49.56;89.42;109.99
CIDL0100;6.0;59.64;107.4;115.99
CIDL0104;0.0;842.69;1532.51;1884.99
CIDL0105;1.0;628.07;1142.27;1404.99
CIDL0107;16.0;10.88;28.45;34.99
CIDL0112;4.0;123.07;223.57;274.99
CIDL0114;0.0;188.42;426.01;523.99
CIDL0117;8.0;73.21;130.07;159.99
CIDL0119;0.0;636.92;1158.04;1424.39
CIDL0121;1.0;361.05;656.09;806.99
CIDL0122;1.0;158.82;288.76;355.17
CIDL0126;1.0;1.0;202.0;248.46
CIDL0127;1.0;106.53;193.71;209.21
CIDL0128;5.0;175.95;319.44;344.99
CIDL0134;0.0;591.59;1149.59;1413.99
CIDL0140;1.0;358.69;652.16;802.16
CIDL0144;32.0;9.48;20.32;24.99
CIDL0145;0.0;24.39;48.77;59.99
CIDL0146;21.0;122.29;223.56;274.98
CIDL0149;3.0;30.5;59.34;72.99
CIDL0150;0.0;30.88;59.34;72.99
CIDL0151;0.0;30.89;59.34;72.99
CIDL0153;4.0;75.55;137.38;168.98
CIDL0154;5.0;79.66;154.46;189.99
CIDL0159;0.0;265.75;483.73;594.99
CIDL0170;1.0;330.69;601.25;739.54
CIDL0175;3.0;211.7;301.62;370.99
CIDL0182;10.0;65.63;117.88;144.99
CIDL0191;1.0;358.69;650.4;799.99
CIDL0192;0.0;92.9;168.91;207.76
CIDL0213;0.0;218.59;485.76;597.48
CIDL0217;23.0;19.93;53.07;65.28
CIDL0223;41.0;226.37;432.05;531.42
CIDL0227;4.0;155.75;237.8;292.49
CIDL0228;7.0;15.26;53.71;66.06
CIDL0237;0.0;1944.27;4296.74;5284.99
CIDL0240;0.0;591.64;1183.27;1277.93
CIDL0242;0.0;1700.0;2845.52;3499.99
CIDL0243;11.0;23.34;42.44;52.2
CIDL0244;2.0;248.51;451.84;555.76
CIDL0246;1.0;587.82;1068.76;1314.57
CIDL0247;1.0;167.62;304.76;329.14
CIDL0248;0.0;490.88;892.51;1097.79
CIDL0249;18.0;10.33;23.47;28.87
CIDL0258;0.0;606.28;1102.43;1355.99
CIDL0259;3.0;51.15;92.58;99.99
CIDL0265;16.0;32.57;60.18;64.99
CIDL0268;1.0;132.78;241.46;296.99
CIDL0269;0.0;154.4;297.55;365.99
CIDL0270;0.0;152.5;297.55;365.99
CIDL0271;0.0;154.45;297.55;365.99
CIDL0273;1.0;342.05;621.91;764.95
CIDL0274;0.0;206.46;375.6;461.99
CIDL0275;0.0;5100.0;8500.0;10455.0
CIDL0276;0.0;319.96;581.75;715.55
CIDL0277;1.0;191.62;348.4;376.27
CIDL0280;1.0;205.08;317.07;389.99
CIDL0284;233.0;5.04;10.56;12.99
CIDL0285;6.0;117.74;214.07;263.31
CIDL0287;0.0;1156.4;2102.55;2270.75
CIDL0288;2.0;630.79;1146.87;1410.65
CIDL0291;14.0;19.8;50.44;62.04
CIDL0292;4.0;25.39;46.16;56.78
CIDL0294;1.0;230.33;418.69;514.99
CIDL0297;2.0;365.86;665.03;817.99
CIDL0300;0.0;44.72;110.77;136.25
CIDL0301;4.0;134.51;244.56;300.81
CIDL0305;36.0;13.0;39.78;48.93
CIDL0306;0.0;103.64;231.7;284.99
CIDL0307;4.0;659.46;1199.02;1474.79
CIDL0309;0.0;248.16;451.21;554.99
CIDL0310;212.0;6.26;13.81;16.99
CIDL0311;1.0;1.0;105.68;129.99
CIDL0313;30.0;1.1;444.76;547.05
CIDL0315;40.0;1.11;2.44;3.0
CIDL0316;5.0;197.81;359.65;442.37
CIDL0317;34.0;15.65;28.45;34.99
CIDL0318;0.0;9000.0;9000.0;11070.0
CIDL0319;0.0;84.47;153.58;188.9
CIDL0320;6.0;164.8;299.64;368.56
CIDL0321;0.0;154.22;252.0;309.96
CIDL0323;1.0;88.94;162.59;199.99
CIDL0325;0.0;8500.0;8500.0;10455.0
CIDL0329;2.0;599.86;1091.05;1341.99
CIDL0334;4.0;70.8;130.07;159.99
CIDL0336;22.0;30.12;51.21;62.99
CIDL0338;1.0;243.54;442.8;544.64
CONC0001;10.0;50.0;91.05;111.99
CONC0002;5.0;40.0;81.22;99.9
CONC0003;2.0;297.0;540.64;664.99
CONC0004;0.0;64.0;126.01;154.99
CONC0005;1.0;68.04;124.38;152.99
CONC0006;2.0;45.36;82.92;101.99
CONC0008;1.0;171.72;288.61;354.99
CONC0011;0.0;28.08;51.21;62.99
CONC0012;2.0;193.32;325.2;399.99
CONC0014;4.0;9.0;47.96;58.99
CONC0015;0.0;45.0;82.11;100.99
CONC0017;1.0;71.28;130.07;159.99
CONC0020;1.0;54.43;99.18;121.99
CONC0025;0.0;99.36;181.29;222.99
CONC0027;15.0;24.5;44.71;54.99
CONC0053;1.0;135.0;243.89;299.99
CONC0066;2.0;54.0;97.55;119.99
CONC0070;0.0;110.0;203.24;249.99
CONC0081;1.0;175.0;343.89;422.99
DAF000006;0.0;96.0;198.18;243.76
DAF000010;3.0;45.6;82.91;101.98
DAF000017;0.0;50.0;81.22;99.9
DAF000028;3.0;14.55;22.21;23.99
DAF000029;13.0;71.18;191.86;235.99
DAF000041;0.0;31.0;56.9;69.99
DAF000055;1.0;199.0;353.65;434.99
DAF000060;6.0;21.0;38.2;46.99
DAF000062;2.0;61.09;125.2;153.99
DAF000063;70.0;10.56;19.2;23.62
DAF000064;0.0;70.84;138.2;169.99
DAF000069;0.0;38.6;85.78;105.51
DAF000079;1.0;127.58;213.0;261.99
DAF000080;9.0;118.52;207.31;254.99
DAF000081;2.0;35.0;291.65;358.73
DAF000082;21.0;26.0;52.0;63.96
DAF000085;8.0;3.02;5.68;6.99
DAF000087;0.0;1.36;2.59;3.19
DAF000089;0.0;2.63;5.68;6.99
DAF000091;6.0;22.5;48.77;59.99
DAF000093;28.0;101.8;250.4;307.99
DAF000095;0.0;8.56;15.44;18.99
DAF000100;4.0;130.34;217.23;267.19
DAF000103;0.0;7.51;13.0;15.99
DAF000104;21.0;0.71;1.62;1.99
DAF000105;0.0;1.29;2.67;3.29
DAF000108;0.0;3.34;6.33;7.79
DAF000109;0.0;0.5;1.11;1.37
DAF000110;13.0;1.5;2.84;3.49
DAF000111;0.0;3.6;7.31;8.99
DAF000112;0.0;1.98;4.06;4.99
DAF000113;7.0;5.0;13.0;15.99
DAF000114;0.0;6.94;12.19;14.99
DAF000118;0.0;11.81;26.18;32.2
DAF000120;0.0;9.2;16.25;19.99
DAF000132;2.0;9.83;16.25;19.99
DAF000134;53.0;3.6;6.5;7.99
DAF000135;12.0;6.09;12.91;15.88
DAF000138;0.0;12.6;25.2;30.99
DAF000139;0.0;13.99;25.44;31.29
DAF000140;0.0;8.2;14.91;18.34
DAF000143;0.0;50.4;91.64;112.72
DAF000144;0.0;8.3;13.81;16.99
DAF000147;9.0;8.19;20.32;24.99
DAF000148;8.0;44.0;77.0;94.71
DAF000150;0.0;2.1;4.06;4.99
DAF000151;0.0;40.8;69.1;84.99
DAF000152;0.0;7.5;13.81;16.99
DAF000153;0.0;3.58;6.5;7.99
DAF000154;0.0;6.77;12.19;14.99
DAF000155;0.0;6.4;12.19;14.99
DAF000156;0.0;4.36;7.31;8.99
DAF000157;8.0;8.5;20.36;21.99
DAF000158;3.0;2.05;4.06;4.99
DAF000159;0.0;9.04;16.44;20.22
DAF000160;0.0;8.2;13.81;16.99
DAF000161;0.0;6.5;10.4;12.79
DAF000162;0.0;5.84;10.75;11.61
DAF000163;0.0;5.94;11.37;13.99
DAF000164;0.0;8.64;16.25;19.99
DAF000165;0.0;7.85;13.81;16.99
DAF000166;0.0;7.99;13.81;16.99
DAF000167;0.0;72.32;131.49;161.73
DAF000170;0.0;54.73;46.52;57.22
DAF000171;0.0;7.33;6.23;7.67
DAF000173;0.0;8.05;12.64;15.55
DAF000175;9.0;7.33;14.63;17.99
DAF000176;0.0;58.5;106.36;130.82
DAF000177;0.0;6.02;10.97;13.49
DAF000178;29.0;26.0;62.91;77.38
DAF000179;0.0;21.0;56.73;69.78
DAF000180;21.0;9.11;15.44;18.99
DAF000181;0.0;2.54;2.16;2.65
DAF000182;0.0;1.99;1.69;2.08
DAF000183;0.0;1.44;2.62;3.22
DAF000184;0.0;3.84;7.31;8.99
DAF000185;0.0;5.49;9.98;12.28
DAF000186;1.0;1.67;2.84;3.49
DAF000187;6.0;8.5;15.03;18.49
DAF000188;0.0;64.7;113.81;139.99
DAF000189;0.0;13.61;24.38;29.99
DAF000190;0.0;49.5;90.0;110.7
DAF000191;14.0;6.85;12.45;15.31
DAF000192;0.0;62.0;177.14;217.88
DAF000193;0.0;10.08;18.69;22.99
DAF000194;0.0;79.0;158.0;194.34
DAF000195;0.0;60.66;110.29;135.66
DAF000196;0.0;46.35;94.3;115.99
DAF000197;0.0;4.7;9.4;11.56
DAF000198;0.0;11.49;21.13;25.99
DAF000199;0.0;48.4;105.45;129.7
DAF000200;0.0;5.14;9.35;11.5
DAF000201;0.0;5.14;9.35;11.5
DAF000202;0.0;26.0;48.77;59.99
DAF000203;2.0;38.0;69.1;84.99
DAF000204;7.0;39.6;73.16;89.99
DAF000205;0.0;3.23;5.87;7.22
DAF000206;4.0;59.0;107.27;131.94
DAF000209;3.0;2.39;4.56;5.61
DAF000211;15.0;4.75;9.93;12.21
DAF000212;10.0;23.9;45.64;56.14
DAF000213;4.0;7.19;17.87;21.98
DAF000214;15.0;4.99;9.53;11.72
DAF000215;10.0;6.5;10.56;12.99
DAF000216;0.0;3.15;6.3;7.75
DAF000217;9.0;2.73;4.96;6.1
DAF000218;32.0;8.95;17.9;22.02
DAF000219;0.0;113.0;182.92;224.99
DAF000220;7.0;54.0;89.42;109.99
DAF000221;2.0;43.0;97.55;119.99
DAF000222;11.0;4.79;10.56;12.99
DAF000223;4.0;65.3;118.73;146.04
DAF000224;2.0;39.0;78.0;95.94
DAF000225;0.0;1.58;0.0;0.0
DAF000226;1.0;9.7;17.64;21.7
DAF000227;0.0;64.6;129.2;158.92
DET000002;0.0;6.54;13.0;15.99
DET000003;0.0;2.69;5.68;6.99
DET000012;0.0;8.05;16.25;19.99
DET000013;0.0;8.05;16.25;19.99
DET000014;0.0;8.05;16.25;19.99
DET000020;3.0;29.02;56.9;69.99
DET000021;2.0;43.82;73.16;89.99
DET000022;3.0;13.66;28.45;34.99
DET000023;0.0;7.68;13.81;16.99
DET000024;1.0;2.93;10.56;12.99
DET000025;4.0;3.37;10.56;12.99
DET000026;0.0;6.1;16.25;19.99
DET000027;0.0;15.59;27.63;33.99
DET000028;0.0;38.0;63.41;77.99
DET000029;0.0;26.19;43.89;53.99
DET000030;0.0;20.66;34.95;42.99
DET000031;0.0;58.47;97.55;119.99
DET000032;0.0;13.01;24.38;29.99
DET000033;0.0;12.46;20.32;24.99
DET000034;0.0;33.54;56.9;69.99
DET000035;1.0;8.48;16.25;19.99
DET000036;1.0;36.52;60.97;74.99
DET000037;0.0;82.32;126.82;155.99
DET000038;5.0;13.0;40.64;49.99
DET000039;7.0;7.6;13.81;16.99
DET000040;2.0;18.5;30.89;37.99
DET000041;0.0;8.78;16.25;19.99
DET000042;1.0;52.32;95.13;117.01
DET000043;0.0;50.2;91.86;112.99
DET000044;1.0;63.41;113.81;139.99
DET000045;0.0;237.28;406.5;499.99
DET000046;2.0;38.98;71.54;87.99
DET000047;0.0;42.22;77.23;94.99
DET000048;0.0;36.94;67.47;82.99
DET000049;0.0;63.41;113.81;139.99
DET000050;0.0;12.94;21.94;26.99
DET000051;0.0;15.54;26.01;31.99
DET000052;0.0;12.94;21.94;26.99
DET000053;0.0;11.52;16.25;19.99
DET000054;0.0;10.99;20.32;24.99
DET000056;0.0;9.75;21.94;26.99
DET000057;0.0;6.44;12.19;14.99
DET000058;0.0;8.39;15.44;18.99
DET000059;0.0;10.99;20.32;24.99
DET000060;0.0;9.69;16.25;19.99
DET000061;3.0;6.44;10.56;12.99
DET000062;0.0;130.61;219.5;269.99
DET000063;1.0;32.44;48.77;59.99
DET000064;0.0;12.5;24.38;29.99
DET000065;0.0;18.84;36.58;44.99
DET000068;2.0;63.41;113.81;139.99
DET000069;1.0;92.2;178.85;219.99
DET000070;0.0;31.65;56.9;69.99
DET000071;0.0;66.06;117.88;144.99
DET000072;0.0;29.07;52.84;64.99
DET000073;0.0;12.94;21.94;26.99
DET000074;0.0;19.45;29.26;35.99
DET000075;0.0;12.94;21.94;26.99
DET000076;0.0;52.32;93.49;114.99
DET000077;0.0;27.89;47.15;57.99
DET000078;0.0;21.79;39.83;48.99
DET000079;0.0;22.26;43.08;52.99
DET000080;1.0;28.4;48.77;59.99
DET000081;1.0;34.48;58.53;71.99
DET000082;0.0;41.39;69.1;84.99
DET000083;0.0;41.39;69.1;84.99
DET000084;0.0;26.16;43.89;53.99
DET000085;2.0;53.66;100.8;123.99
DET000086;0.0;55.49;101.62;124.99
DET000087;0.0;55.49;101.62;124.99
DET000088;0.0;57.6;104.87;128.99
DET000089;0.0;44.67;81.22;99.9
DET000090;0.0;54.59;64.22;78.99
DET000091;0.0;36.99;73.16;89.99
DET000092;0.0;17.02;28.45;34.99
DET000093;1.0;12.13;19.5;23.99
DET000094;1.0;54.82;91.86;112.99
DET000095;4.0;18.15;36.58;44.99
DET000096;0.0;20.31;37.39;45.99
DET000097;0.0;45.67;81.29;99.99
DET000098;6.0;7.97;14.63;17.99
DET000099;0.0;7.87;14.63;17.99
DET000100;0.0;9.09;16.25;19.99
DET000101;1.0;60.91;101.62;124.99
DET000102;4.0;6.65;11.37;13.99
DET000103;0.0;25.61;43.08;52.99
DET000104;1.0;25.61;43.08;52.99
DET000105;9.0;7.87;14.63;17.99
DET000106;1.0;11.38;22.76;27.99
DET000107;0.0;12.13;21.94;26.99
DET000108;2.0;28.4;52.84;64.99
DET000109;2.0;7.57;14.63;17.99
DET000110;2.0;25.55;46.33;56.99
DET000111;3.0;16.04;32.51;39.99
DET000112;1.0;18.23;32.51;39.99
DET000113;1.0;18.23;32.51;39.99
DET000114;0.0;42.62;78.04;95.99
DET000115;1.0;79.04;130.07;159.99
DET000117;1.0;79.62;134.14;164.99
DET000118;2.0;26.29;44.71;54.99
DOLP0002;35.0;22.42;40.64;49.99
DOLP0003;37.0;22.42;40.64;49.99
DOLP0005;25.0;22.42;40.64;49.99
DOLP0006;32.0;22.42;40.64;49.99
DOLP0010;0.0;146.8;266.91;328.3
DOLP0018;1.0;146.8;266.91;328.3
DOLP0022;0.0;22.42;40.64;49.99
DOLP0030;25.0;28.76;52.84;64.99
DOLP0032;0.0;92.42;149.59;183.99
DOLP0033;2.0;6.27;12.19;14.99
DOLP0067;0.0;146.8;266.91;328.3
DOLP0068;4.0;10.03;18.69;22.99
DOLP0072;38.0;22.42;40.64;49.99
DOLP0074;6.0;8.79;22.76;27.99
DOLP0078;2.0;146.8;266.91;328.3
DOLP0081;1.0;90.0;240.0;295.2
DOLP0082;15.0;12.0;10.36;12.74
DOLP0083;13.0;10.6;25.92;27.99
DOLP0084;4.0;146.8;266.91;328.3
DOLP0085;41.0;22.42;40.64;49.99
DOLP0086;1.0;146.8;266.91;328.3
DOLP0087;1.0;131.64;263.41;323.99
DOLP0088;3.0;47.03;86.17;105.99
DOLP0090;18.0;5.87;11.37;13.99
DOLP0091;1.0;146.8;266.91;328.3
DOLP0092;17.0;6.27;12.19;14.99
DRA000005;1.0;11.2;44.71;54.99
DRA000007;12.0;16.5;30.07;36.99
DRA000012;14.0;124.2;335.68;412.89
DRA000014;10.0;29.5;65.85;80.99
DRA000015;5.0;30.0;120.0;147.6
DRA000017;3.0;26.0;52.84;64.99
DRA000018;6.0;136.4;300.08;369.1
DRA000022;3.0;119.6;265.78;287.04
DRA000023;1.0;82.5;165.0;202.95
DRA000024;1.0;139.2;253.09;311.3
DRA000026;1.0;26.0;57.78;62.4
DRA000027;1.0;164.0;298.18;366.76
DRA000028;7.0;42.0;93.49;114.99
DRA000029;18.0;9.0;20.32;24.99
DRA000032;4.0;33.4;60.97;74.99
DRA000034;0.0;1242.0;2760.0;3394.8
DRA000035;38.0;29.8;32.51;39.99
DRA000042;3.0;34.5;72.35;88.99
DRA000043;0.0;31.16;56.9;69.99
DRA000048;9.0;33.5;85.36;104.99
DRA000051;1.0;10.36;17.88;21.99
DRA000054;19.0;9.8;22.21;23.99
DRA000055;6.0;44.5;98.89;106.8
DRA000059;11.0;44.5;99.18;121.99
DRA000060;36.0;9.46;21.13;25.99
DRA000061;17.0;62.5;138.2;169.99
DRA000062;37.0;13.5;30.07;36.99
DRA000066;14.0;16.5;36.67;45.1
DRA000067;12.0;16.5;36.67;45.1
DRA000068;22.0;16.5;36.67;45.1
DRA000069;12.0;16.5;36.67;45.1
DRA000070;9.0;16.5;36.67;45.1
DRA000071;9.0;16.5;36.67;45.1
DRA000072;6.0;16.5;36.67;45.1
DRA000073;1.0;16.5;36.67;45.1
DRA000074;3.0;16.5;36.67;45.1
DRA000075;0.0;16.36;36.67;45.1
DRA000076;21.0;5.2;15.44;18.99
DRA000077;13.0;5.3;13.0;15.99
DRA000078;12.0;8.72;21.13;25.99
DRA000080;13.0;5.04;13.0;15.99
DRA000081;6.0;42.0;73.16;89.99
DRA000082;9.0;26.5;66.66;81.99
DRA000083;16.0;14.1;36.58;44.99
DRA000085;6.0;12.4;30.89;37.99
DRA000086;9.0;16.5;40.64;49.99
DRA000087;15.0;9.5;24.38;29.99
DRA000088;18.0;9.5;24.38;29.99
DRA000089;25.0;7.8;20.32;24.99
DRA000090;2.0;43.6;97.55;119.99
DRA000091;7.0;41.5;101.62;124.99
DRA000092;0.0;130.8;290.67;357.52
DRA000093;0.0;111.0;246.67;303.4
DRA000094;10.0;7.5;19.5;23.99
DRA000098;0.0;55.0;137.5;169.13
DRA000099;6.0;82.5;206.25;253.69
DRA000102;6.0;149.0;331.11;407.27
DRA000104;6.0;106.0;315.14;387.62
DRA000105;16.0;7.1;16.25;19.99
DRA000106;11.0;29.0;73.16;89.99
DRA000109;19.0;6.0;13.88;14.99
DRA000110;2.0;155.8;272.35;334.99
DRA000112;7.0;27.5;60.97;74.99
DRA000114;11.0;5.5;13.81;16.99
DRA000115;11.0;5.6;13.0;15.99
DRA000117;0.0;175.5;390.0;479.7
DRA000121;2.0;195.0;277.77;299.99
DRA000123;0.0;90.0;198.0;243.54
DRA000126;5.0;11.0;24.38;29.99
DRA000129;2.0;110.0;199.99;245.99
DRA000131;10.0;19.0;42.27;51.99
DRA000133;8.0;34.0;75.6;92.99
DRA000138;13.0;40.0;89.42;109.99
DRA000139;50.0;9.0;21.13;25.99
DRA000141;26.0;44.0;89.42;109.99
DRA000144;6.0;35.0;78.04;95.99
DRA000147;2.0;85.0;188.89;232.33
DRA000148;26.0;15.0;40.64;49.99
DRA000151;3.0;20.61;45.52;55.99
DRA000152;4.0;6.5;14.44;17.76
DRA000153;1.0;6.5;14.44;17.76
DRA000154;9.0;6.5;14.44;17.76
DRA000155;6.0;560.0;978.85;1203.99
DRA000156;5.0;26.0;65.03;79.99
DRA000159;1.0;185.0;336.58;413.99
DRA000160;2.0;225.0;410.56;504.99
DRA000161;36.0;4.8;10.56;12.99
DRA000162;0.0;136.4;303.11;372.83
DRA000163;7.0;8.6;28.45;34.99
DRA000164;6.0;11.81;26.82;32.99
DRA000165;8.0;110.0;244.44;300.66
DRA000167;0.0;82.5;183.33;225.5
DRA000168;0.0;82.5;183.33;225.5
DRA000169;12.0;13.5;24.38;29.99
DRA000171;3.0;13.0;21.94;26.99
DRA000172;1.0;143.0;260.0;319.8
DRA000173;15.0;7.5;22.76;27.99
DRA000174;0.0;124.2;310.5;381.92
DRA000175;0.0;30.0;75.0;92.25
DRA000176;0.0;33.5;74.44;91.56
DRA000177;0.0;132.0;293.33;360.8
DRA000178;0.0;32.0;71.11;87.47
DRA000179;0.0;82.5;183.33;225.5
DRA000180;8.0;8.0;17.88;21.99
DRA000181;1.0;37.5;83.33;102.5
DRA000182;5.0;28.0;60.97;74.99
DRA000183;2.0;160.0;355.56;437.34
DRA000184;1.0;76.0;168.89;207.73
DRA000185;10.0;6.5;16.25;19.99
DRA000186;0.0;24.75;61.88;76.11
DRA000187;4.0;66.7;121.94;149.99
DRA000188;2.0;262.8;525.6;646.49
DRA000189;0.0;0.0;0.0;0.0
DRE000004;0.0;88.67;260.15;319.99
DRE000005;0.0;17.15;0.0;0.0
DRE000006;0.0;67.25;219.5;269.99
DRE000007;0.0;81.41;233.53;287.24
DRE000008;0.0;23.98;79.93;98.31
DRE000009;0.0;25.72;73.16;89.99
DRE000010;0.0;96.74;217.48;267.5
DRE000011;0.0;86.03;245.08;301.45
DRE000012;0.0;38.67;168.9;207.75
DRE000013;0.0;92.03;260.08;319.9
DRE000014;0.0;43.64;103.64;127.48
DRE000015;0.0;53.86;188.17;231.45
DRE000016;0.0;42.6;61.67;75.85
DRE000017;0.0;66.98;175.53;215.9
DRE000018;0.0;1.25;6.5;7.99
DRE000019;0.0;1.25;6.5;7.99
DRE000020;0.0;1.25;6.5;7.99
DRE000021;0.0;651.29;1897.05;2333.37
DRE000022;0.0;516.15;2450.8;3014.48
DRE000023;0.0;36.0;65.03;79.99
EAS000001;6.0;33.25;73.98;90.99
EAS000002;16.0;123.0;243.89;299.99
EAS000003;3.0;28.25;56.9;69.99
EAS000004;13.0;84.75;188.33;231.65
EAS000005;15.0;17.95;40.64;49.99
EAS000006;2.0;113.0;207.31;254.99
EAS000007;15.0;89.75;174.79;214.99
EAS000008;4.0;41.25;82.5;101.48
EAS000009;3.0;155.0;304.5;374.54
EAS000010;4.0;127.0;254.0;312.42
EAS000011;12.0;94.0;188.0;231.24
EAS000012;1.0;117.0;234.0;287.82
EAS000013;5.0;42.5;85.36;104.99
EAS000014;0.0;1380.0;2760.0;3394.8
EAS000015;40.0;9.5;19.5;23.99
EAS000016;10.0;150.0;300.0;369.0
EAS000017;1.0;35.96;71.92;88.46
EAS000018;4.0;141.0;282.0;346.86
EAS000019;18.0;8.51;17.02;20.93
EAS000020;1.0;44.75;89.5;110.09
EAS000021;7.0;132.0;264.0;324.72
EAS000022;5.0;40.25;80.5;99.02
EAS000023;4.0;35.5;71.0;87.33
EAS000024;1.0;12.5;24.38;29.99
EAS000025;1.0;16.12;31.7;38.99
EAS000026;1.0;12.56;24.38;29.99
EAS000027;11.0;9.71;19.5;23.99
EAS000028;9.0;6.51;13.02;16.01
EAS000029;8.0;11.95;23.9;29.4
EAS000030;7.0;9.71;19.42;23.89
EAS000031;15.0;18.95;37.9;46.62
EAS000032;5.0;8.98;17.96;22.09
EAS000033;3.0;6.98;13.96;17.17
EAS000034;0.0;1010.0;2020.0;2484.6
EAS000035;0.0;8.51;17.02;20.93
EAS000036;0.0;244.04;406.5;499.99
ECO000003;0.0;3.09;6.5;7.99
ECO000005;18.0;3.55;6.5;7.99
ECO000007;331.0;3.69;8.93;10.99
ECO000009;11.0;90.0;162.59;199.99
ECO000011;0.0;5.0;8.93;10.99
ECO000012;108.0;5.99;11.37;13.99
ECO000014;25.0;5.49;9.75;11.99
ECO000015;3.0;22.1;29.26;35.99
ECO000016;20.0;13.09;24.38;29.99
ECO000017;0.0;3.14;6.5;7.99
ECO000018;4.0;45.0;77.23;94.99
ECO000019;8.0;4.5;8.12;9.99
ECO000020;1.0;36.0;62.59;76.99
ECO000021;2.0;70.0;134.14;164.99
ECO000022;2.0;41.09;74.79;91.99
ECO000023;4.0;60.95;110.56;135.99
ECO000024;8.0;108.07;196.74;241.99
ECO000026;4.0;61.15;111.37;136.99
ECO000027;4.0;94.87;188.61;231.99
ECO000028;43.0;5.26;10.56;12.99
ECO000029;71.0;9.89;20.32;24.99
ECO000030;34.0;9.79;17.88;21.99
ECO000031;5.0;3.5;7.5;9.23
ECO000032;23.0;10.44;21.13;25.99
ECO000033;18.0;8.79;16.25;19.99
ECO000034;6.0;37.72;69.1;84.99
ECO000035;8.0;9.35;17.07;20.99
ECO000036;1.0;63.86;116.25;142.99
ECO000038;0.0;48.29;87.8;107.99
ECO000039;3.0;35.74;65.03;79.99
ECO000040;0.0;139.09;243.89;299.99
ECO000041;3.0;64.23;126.82;155.99
ECO000042;5.0;9.83;17.88;21.99
ECO000043;0.0;26.0;37.14;45.68
ECO000044;0.0;52.0;65.03;79.99
ECO000046;10.0;10.65;19.5;23.99
ECO000047;3.0;41.32;82.11;100.99
ECO000050;2.0;45.89;83.73;102.99
ECO000051;2.0;79.42;143.89;176.99
ECO000052;4.0;47.53;86.17;105.99
ECO000053;2.0;72.3;143.08;175.99
ECO000054;17.0;6.46;11.78;14.49
ECO000055;3.0;38.81;70.72;86.99
ECO000056;0.0;8.75;16.25;19.99
ECO000057;1.0;45.2;82.11;100.99
ECO000058;12.0;6.59;12.19;14.99
ECO000059;29.0;7.79;14.63;17.99
ECO000060;16.0;9.83;17.88;21.99
ECO000061;20.0;18.53;34.14;41.99
ECO000064;115.0;7.07;13.0;15.99
ECO000065;6.0;25.37;46.33;56.99
ECO000066;2.0;52.58;95.11;116.99
ECO000067;0.0;7.93;13.81;16.99
ECO000068;0.0;30.0;55.28;67.99
ECO000070;0.0;9.71;19.5;23.99
ECO000071;6.0;19.82;39.02;47.99
ECO000072;0.0;16.1;28.45;34.99
ECO000073;0.0;69.76;126.82;155.99
ECO000075;27.0;8.99;16.25;19.99
ECO000076;1.0;15.56;27.77;29.99
ECO000077;4.0;8.79;16.25;19.99
ECO000078;2.0;38.98;70.72;86.99
ECO000079;0.0;23.78;43.08;52.99
ECO000080;35.0;11.85;23.57;28.99
ECO000081;3.0;56.02;101.62;124.99
ECO000082;4.0;38.6;69.91;85.99
ECO000083;10.0;8.78;17.88;21.99
ECO000084;2.0;42.39;77.23;94.99
ECO000085;9.0;9.35;17.07;20.99
ECO000086;4.0;36.74;73.16;89.99
ECO000087;13.0;9.83;17.88;21.99
ECO000088;3.0;42.39;77.23;94.99
ECO000089;0.0;10.65;19.5;23.99
ECO000090;3.0;45.07;82.11;100.99
ECO000091;9.0;9.31;17.07;20.99
ECO000092;4.0;40.46;73.16;89.99
ECO000093;5.0;37.56;74.79;91.99
ECO000094;4.0;39.88;73.16;89.99
ECO000095;1.0;68.89;138.2;169.99
ECO000096;4.0;11.08;20.36;21.99
ECO000097;5.0;55.04;99.99;122.99
ECO000098;5.0;44.15;80.48;98.99
ECO000099;1.0;59.5;108.12;132.99
ECO000100;0.0;1.8;4.0;4.92
ECO000101;7.0;42.72;85.36;104.99
ECO000102;19.0;3.69;6.5;7.99
ECO000103;0.0;6.34;12.19;14.99
ECO000104;0.0;8.29;15.44;18.99
ECO000106;2.0;1.0;13.41;16.49
ECO000107;2.0;75.06;136.58;167.99
ECO000108;6.0;10.85;20.32;24.99
ECO000109;7.0;10.68;19.5;23.99
ECO000110;4.0;27.7;55.28;67.99
ECO000111;0.0;114.0;199.99;245.99
ECO000112;0.0;71.66;130.07;140.48
ECO000113;0.0;11.71;21.29;26.19
ECO000114;0.0;41.39;82.11;100.99
ECO000115;136.0;15.45;18.69;22.99
ECO000116;0.0;67.48;75.6;92.99
ECO000117;9.0;28.41;52.02;63.99
ECO000118;12.0;8.52;17.07;20.99
ECO000119;12.0;40.0;73.16;89.99
ECO000120;18.0;9.83;17.88;21.99
ECO000121;0.0;134.15;239.55;294.65
ECO000123;0.0;75.34;138.2;169.99
ECO000124;2.0;96.41;174.79;214.99
ECO000125;2.0;160.88;292.67;359.99
ECO000127;1.0;127.71;232.51;285.99
ECO000128;2.0;18.69;37.39;45.99
ECO000129;4.0;38.54;76.41;93.99
ECO000130;30.0;7.99;13.81;16.99
ECO000131;10.0;16.99;30.89;37.99
ECO000132;10.0;12.99;21.13;25.99
ECO000133;7.0;26.55;48.77;59.99
ECO000134;3.0;22.17;40.64;49.99
ECO000135;0.0;9.35;17.07;20.99
ECO000136;0.0;4.0;7.31;8.99
ECO000137;0.0;34.0;56.9;69.99
ECO000138;0.0;68.0;113.81;139.99
ECO000139;2.0;83.71;152.02;186.99
ECO000140;0.0;8.78;16.25;19.99
ECO000141;1.0;63.28;115.44;141.99
ECO000142;19.0;4.87;8.93;10.99
ECO000143;0.0;130.0;235.76;289.99
ECO000144;24.0;8.32;15.44;18.99
ECO000145;13.0;7.76;13.81;16.99
ECO000146;21.0;9.43;18.69;22.99
ECO000147;17.0;10.03;17.88;21.99
ECO000148;24.0;10.46;18.69;22.99
ECO000149;22.0;11.78;21.94;26.99
ECO000150;18.0;3.69;6.5;7.99
ECO000151;0.0;3.54;8.12;9.99
ECO000152;5.0;66.5;131.7;161.99
ECO000153;24.0;16.47;30.07;36.99
ECO000154;5.0;138.17;252.02;309.99
ECO000155;0.0;5.0;9.09;11.18
ECO000156;35.0;3.49;6.5;7.99
ECO000157;1.0;44.16;80.48;98.99
ECO000158;0.0;58.91;107.31;131.99
ECO000159;0.0;56.07;101.62;124.99
ECO000160;3.0;74.64;135.76;166.99
ECO000161;4.0;142.19;258.53;317.99
ECO000162;4.0;113.4;205.55;221.99
ECO000163;0.0;7.0;13.0;15.99
ECO000164;0.0;42.0;81.29;99.99
ECO000165;0.0;38.0;69.1;84.99
ECO000166;7.0;12.75;24.38;29.99
ECO000167;2.0;65.24;118.69;145.99
ECO000168;4.0;41.24;77.23;94.99
ECO000169;1.0;7.98;14.63;17.99
ECO000170;8.0;10.01;17.88;21.99
ECO000171;6.0;11.96;21.94;26.99
ECO000172;4.0;8.78;15.96;19.63
ECO000173;1.0;16.87;33.33;40.99
ECO000174;8.0;12.52;24.38;29.99
ECO000175;0.0;197.26;358.53;440.99
ECO000176;4.0;68.03;134.95;165.99
ECO000177;11.0;4.39;8.12;9.99
ECO000178;29.0;15.74;30.89;37.99
ECO000179;2.0;30.22;55.28;67.99
ECO000180;0.0;1.0;1.0;1.23
ECO000181;1.0;70.07;127.63;156.99
ECO000182;12.0;7.18;13.0;15.99
ECO000183;4.0;17.58;31.7;38.99
ECO000184;19.0;6.9;13.81;16.99
ECO000185;3.0;10.97;19.95;24.54
ECO000186;2.0;10.97;20.32;24.99
ECO000187;0.0;11.96;21.94;26.99
ECO000188;2.0;10.97;20.32;24.99
ECO000189;3.0;10.97;20.32;24.99
ECO000190;15.0;1.0;63.41;77.99
ECO000191;1.0;92.2;162.59;199.99
ECO000192;2.0;53.17;89.42;109.99
ECO000193;6.0;14.15;24.38;29.99
ECO000194;10.0;16.99;32.51;39.99
ECO000195;4.0;1.0;2.43;2.99
ECO000196;1.0;41.81;73.16;89.99
ELFX0001;59.0;8.05;14.63;17.99
ELFX0002;2.0;60.05;108.93;133.99
ELFX0003;84.0;7.66;13.81;16.99
ELFX0004;2.0;216.51;376.41;462.99
ELFX0005;9.0;100.5;182.92;224.99
ELFX0006;1.0;288.82;524.38;644.99
ELFX0007;3.0;59.11;103.24;126.99
ELFX0008;2.0;102.01;185.36;227.99
ELFX0009;0.0;40.8;73.98;90.99
ELFX0010;3.0;70.89;126.01;154.99
ELFX0011;2.0;131.64;239.83;294.99
ELFX0012;3.0;145.78;264.22;324.99
ELFX0013;4.0;20.89;34.14;41.99
ELFX0016;0.0;119.5;217.07;266.99
ELFX0017;2.0;14.05;30.89;37.99
ELFX0018;0.0;193.85;352.84;433.99
ELFX0022;19.0;8.96;15.44;18.99
ELFX0024;7.0;80.69;160.15;196.99
ELFX0025;1.0;65.93;113.81;139.99
ELFX0026;1.0;52.55;91.86;112.99
ELFX0029;0.0;110.26;169.91;208.99
ELFX0031;1.0;92.45;172.35;211.99
ELFX0032;2.0;38.78;99.18;121.99
ELFX0033;11.0;16.93;36.58;44.99
ELFX0034;3.0;38.78;95.93;117.99
ELFX0037;0.0;11.93;20.32;24.99
ELFX0038;21.0;16.58;30.07;36.99
ELFX0039;1.0;53.65;91.86;112.99
ELFX0041;14.0;42.3;75.6;92.99
ELFX0043;0.0;12.0;21.94;26.99
ELFX0049;1.0;14.32;24.38;29.99
ELFX0053;6.0;46.5;85.36;104.99
ELFX0063;0.0;17.11;26.01;31.99
ELFX0065;46.0;4.33;7.72;9.49
ELFX0066;7.0;12.93;28.45;34.99
ELFX0067;14.0;13.29;24.38;29.99
ELFX0069;0.0;10.2;18.69;22.99
ELFX0074;0.0;14.11;24.38;29.99
ELFX0077;0.0;131.9;175.87;216.32
ELFX0079;0.0;18.77;30.07;36.99
ELFX0081;10.0;34.24;61.78;75.99
ELFX0082;0.0;47.25;86.17;105.99
ELFX0085;4.0;19.25;35.76;43.99
ELFX0086;0.0;20.41;37.39;45.99
ELFX0087;0.0;29.84;54.46;66.99
ELFX0088;0.0;6.69;12.19;14.99
ELFX0089;3.0;22.5;42.27;51.99
ELFX0090;1.0;138.73;252.02;309.99
ELFX0092;5.0;18.21;33.11;40.73
ELFX0093;2.0;97.31;172.35;211.99
ELFX0094;7.0;63.03;105.68;129.99
ELFX0095;0.0;19.34;35.76;43.99
ELFX0098;9.0;12.44;21.94;26.99
ELFX0101;0.0;7.46;13.81;16.99
ELFX0103;92.0;8.43;15.44;18.99
ELFX0104;0.0;15.55;28.45;34.99
ELFX0105;3.0;37.87;69.1;84.99
ELFX0106;0.0;114.16;219.5;269.99
ELFX0107;8.0;26.2;47.15;57.99
ELFX0108;0.0;13.58;25.2;30.99
ELFX0109;0.0;7.95;15.44;18.99
ELFX0110;1.0;108.26;190.24;233.99
ELFX0111;4.0;144.0;252.02;309.99
ELFX0112;22.0;5.18;14.63;17.99
ELFX0113;0.0;80.46;146.33;179.99
ELFX0114;0.0;46.3;84.54;103.99
ELFX0115;8.0;20.87;38.2;46.99
ELFX0116;0.0;103.95;186.98;229.99
ELFX0117;3.0;9.66;17.07;20.99
ELFX0118;3.0;9.58;17.88;21.99
ELFX0119;8.0;8.68;15.44;18.99
ELFX0120;13.0;11.45;20.32;24.99
ELFX0121;2.0;97.67;176.41;216.99
ELFX0122;3.0;1.0;48.77;59.99
ELFX0123;0.0;1.0;48.77;59.99
ELFX0124;3.0;1.0;48.77;59.99
ELFX0125;2.0;1.0;48.77;59.99
ELFX0126;3.0;1.0;48.77;59.99
ELFX0127;0.0;165.57;300.8;369.99
ELFX0128;1.0;1.0;48.77;59.99
ELFX0129;0.0;49.86;90.24;110.99
ELFX0130;1.0;59.02;99.18;121.99
ELFX0131;4.0;12.02;21.94;26.99
ELFX0132;0.0;11.55;21.13;25.99
ELFX0133;2.0;51.65;86.17;105.99
ELFX0134;5.0;11.38;21.13;25.99
ELFX0135;6.0;21.78;40.64;49.99
FOE000001;2.0;22.13;30.89;37.99
FOE000002;0.0;31.23;45.93;56.49
FOE000004;0.0;31.23;45.93;56.49
FOE000005;0.0;21.01;30.89;37.99
FOE000006;0.0;31.23;45.93;56.49
FOE000007;0.0;21.01;30.89;37.99
FOE000008;0.0;31.23;45.93;56.49
FOE000009;0.0;21.01;30.89;37.99
FOE000010;0.0;31.23;45.93;56.49
FOE000011;0.0;21.01;30.89;37.99
FOE000012;0.0;31.23;45.93;56.49
FOE000013;0.0;21.01;30.89;37.99
FOE000014;0.0;31.23;45.93;56.49
FOE000015;0.0;21.01;30.89;37.99
FOE000016;0.0;31.23;45.93;56.49
FOE000017;0.0;21.01;30.89;37.99
FOE000018;0.0;31.23;45.93;56.49
FOE000019;0.0;21.01;30.89;37.99
FOE000020;0.0;31.23;45.93;56.49
FRAB0004;2.0;528.0;896.74;1102.99
FRAB0006;2.0;160.0;298.18;366.76
FRAB0007;2.0;167.0;304.06;373.99
FRAB0008;0.0;250.0;455.28;559.99
FRAB0009;3.0;197.0;341.46;419.99
FRAB0010;1.0;235.0;427.63;525.99
FRAB0011;0.0;23.0;40.64;49.99
FRAB0014;3.0;29.8;95.11;116.99
FRAB0015;0.0;18.0;30.89;37.99
FRAB0020;0.0;85.0;150.4;184.99
FRAB0023;2.0;105.6;203.24;249.99
FRAB0028;1.0;192.0;349.59;429.99
FRAB0030;0.0;112.0;204.06;250.99
FRAB0031;4.0;95.0;160.15;196.99
FRAB0035;0.0;92.0;126.01;154.99
FRAB0036;0.0;12.1;30.07;36.99
FRAB0038;0.0;1350.0;2181.82;2683.64
FRAB0041;0.0;24.6;58.53;71.99
FRAB0043;0.0;129.0;235.76;289.99
FRAB0046;0.0;79.8;170.72;209.99
FRAB0049;0.0;206.0;374.79;460.99
FRAB0055;1.0;352.0;640.0;787.2
FRAB0065;0.0;215.0;390.24;479.99
FRAB0070;4.0;81.0;150.4;184.99
FRAB0072;12.0;13.81;24.38;29.99
FRAB0074;3.0;25.0;50.4;61.99
FRAB0076;0.0;14.05;24.38;29.99
FRAB0077;3.0;14.05;16.25;19.99
FRAB0078;0.0;17.8;28.45;34.99
FRAB0079;0.0;12.6;20.32;24.99
FRAB0080;1.0;12.6;20.32;24.99
FRAB0081;0.0;12.6;20.32;24.99
FRAB0082;0.0;14.7;24.38;29.99
FRAB0087;0.0;399.0;760.15;934.99
FRAB0088;0.0;189.0;343.64;422.68
FRAB0091;0.0;62.19;89.42;109.99
FRAB0092;1.0;60.1;80.0;98.4
FRAB0094;0.0;47.2;73.16;89.99
FRAB0095;4.0;13.05;20.32;24.99
FRAB0096;0.0;46.0;103.24;126.99
FRAB0097;0.0;130.0;235.76;289.99
FRAB0098;0.0;13.5;24.38;29.99
FRAB0099;0.0;135.0;270.0;332.1
FRAB0100;0.0;129.0;210.0;258.3
FRAB0103;19.0;16.5;28.45;34.99
FRAB0104;0.0;600.0;1090.91;1341.82
FRAB0106;1.0;193.0;325.2;399.99
FRAB0107;2.0;88.0;158.53;194.99
FRAB0108;0.0;12.6;21.13;25.99
FRAB0109;0.0;15.0;27.63;33.99
FRAB0110;0.0;13.5;24.38;29.99
FRAB0111;0.0;41.0;40.64;49.99
FRAB0112;0.0;1344.0;2160.0;2656.8
FRAB0113;0.0;569.0;875.38;1076.72
FRAB0114;2.0;295.0;536.58;659.99
FRAB0115;4.0;74.02;0.0;0.0
FRAB0116;2.0;80.0;160.0;196.8
FRE000001;37.0;13.0;22.76;27.99
FRE000003;61.0;13.0;22.76;27.99
FRE000005;54.0;13.0;22.76;27.99
FRE000006;40.0;13.0;22.76;27.99
FRE000008;65.0;13.0;22.76;27.99
FRE000009;41.0;13.0;22.76;27.99
FRE000010;47.0;13.0;22.76;27.99
FRE000011;61.0;13.0;22.76;27.99
FRE000012;18.0;24.0;43.89;53.99
FRE000013;134.0;14.0;22.76;27.99
FRE000014;0.0;10.5;15.44;18.99
FRE000016;2.0;24.0;40.64;49.99
FRE000017;1.0;24.0;40.64;49.99
FRE000022;0.0;22.0;36.58;44.99
FRE000023;105.0;13.0;22.76;27.99
FRE000024;57.0;13.0;22.76;27.99
FRE000026;0.0;22.0;36.58;44.99
FRE000027;0.0;22.0;36.58;44.99
FRE000028;0.0;11.0;16.25;19.99
FRE000029;0.0;10.0;14.63;17.99
FRE000030;0.0;10.0;14.63;17.99
FRE000031;0.0;11.0;16.25;19.99
FRE000032;0.0;11.0;16.25;19.99
FRE000033;24.0;14.0;22.76;27.99
FRE000034;0.0;22.0;36.67;45.1
FRE000035;1.0;10.0;14.63;17.99
FRE000036;3.0;10.0;14.63;17.99
FRE000037;0.0;10.0;14.63;17.99
FRE000038;0.0;8.07;14.63;17.99
FRE000039;2.0;8.07;14.63;17.99
FRE000040;3.0;9.67;17.07;20.99
FRE000042;30.0;14.0;22.76;27.99
FRE000043;15.0;14.0;22.76;27.99
FRE000044;33.0;13.0;22.76;27.99
FRE000045;62.0;13.0;22.76;27.99
FRE000049;14.0;13.0;22.76;27.99
FRE000050;62.0;14.0;22.76;27.99
FRE000052;20.0;13.0;22.76;27.99
FRE000056;22.0;9.62;17.88;21.99
FRE000057;55.0;10.58;17.88;21.99
FRE000058;17.0;9.62;17.88;21.99
FRE000059;17.0;14.0;22.76;27.99
FRE000060;19.0;14.0;22.76;27.99
FRE000061;33.0;14.0;22.76;27.99
FRE000062;18.0;10.58;17.88;21.99
FRE000063;15.0;9.62;17.88;21.99
FRE000064;26.0;9.62;17.88;21.99
FRE000065;36.0;10.58;17.88;21.99
FRE000066;18.0;13.0;22.76;27.99
FRE000067;4.0;28.0;51.21;62.99
FRE000068;4.0;21.34;38.2;46.99
FRE000069;4.0;21.34;38.2;46.99
FRE000070;10.0;9.62;17.88;21.99
FRE000071;20.0;10.58;17.88;21.99
FRE000072;20.0;9.62;17.88;21.99
FRE000073;23.0;13.0;22.76;27.99
GRA000001;0.0;54.65;162.59;199.99
GRA000002;0.0;66.65;186.98;229.99
GRA000003;0.0;121.93;365.85;449.99
GRA000004;0.0;90.1;219.5;269.99
GRA000005;0.0;37.5;121.94;149.99
GRA000006;0.0;74.98;125.2;153.99
GRA000007;0.0;86.84;243.89;299.99
GRA000008;0.0;26.68;66.66;81.99
GRA000009;0.0;12.72;34.95;42.99
GRA000010;0.0;105.61;330.99;407.12
GRA000011;0.0;37.32;109.75;134.99
GRA000012;0.0;104.89;252.02;309.99
GRA000013;0.0;692.0;1869.91;2299.99
GRA000014;0.0;4.42;19.5;23.99
GRA000015;0.0;140.85;357.72;439.99
GRA000016;0.0;42.01;105.68;129.99
GRA000017;0.0;100.62;260.15;319.99
GRA000018;1.0;52.92;132.51;162.99
GRA000019;2.0;105.89;265.03;325.99
GRA000020;1.0;84.74;141.46;173.99
GRA000021;0.0;61.78;154.46;189.99
GRA000022;0.0;30.01;74.79;91.99
GRA000023;0.0;137.66;211.37;259.99
GRA000024;0.0;88.24;221.13;271.99
GRA000025;0.0;12.36;31.7;38.99
GRA000026;0.0;24.71;61.78;75.99
GRA000027;0.0;24.71;61.78;75.99
GRA000028;0.0;15.91;39.83;48.99
GRA000029;0.0;21.21;35.76;43.99
GRA000030;0.0;31.76;79.67;97.99
GRA000031;0.0;21.21;56.9;69.99
GRA000032;0.0;19.05;48.77;59.99
GRA000033;0.0;17.66;44.71;54.99
GRA000034;0.0;15.91;40.64;49.99
GRA000035;0.0;8.8;22.76;27.99
GRA000036;5.0;6.8;17.88;21.99
GRA000037;0.0;5.79;16.25;19.99
GRA000038;0.0;12.36;30.89;37.99
GRA000039;0.0;10.19;26.82;32.99
GRA000040;0.0;15.86;40.64;49.99
GRA000041;0.0;12.36;21.13;25.99
GRA000042;0.0;17.66;29.26;35.99
GRA000043;0.0;31.76;81.29;99.99
GRA000044;0.0;14.11;35.76;43.99
GRA000045;0.0;8.16;22.76;27.99
GRA000046;0.0;35.32;59.34;72.99
GRA000047;0.0;11.93;31.7;38.99
GRA000048;0.0;10.6;26.82;32.99
GRA000049;0.0;187.55;485.36;596.99
GRA000050;0.0;69.25;186.17;228.99
GRA000051;0.0;34.95;87.8;107.99
GRA000052;0.0;37.99;63.32;77.88
GRA000053;0.0;49.88;126.01;154.99
GRA000054;0.0;49.88;126.01;154.99
GRA000055;0.0;49.88;126.01;154.99
GRA000056;0.0;41.8;70.72;86.99
GRA000057;0.0;12.36;31.7;38.99
GRA000058;0.0;10.6;16.25;19.99
GRA000059;0.0;5.13;13.0;15.99
GRA000060;0.0;8.8;21.94;26.99
GRA000061;0.0;4.74;10.53;12.95
GRA000062;0.0;5.3;13.81;16.99
GRA000063;0.0;157.91;439.02;539.99
GRA000064;0.0;134.42;184.54;226.99
GRA000067;0.0;115.04;243.89;299.99
GRA000069;0.0;82.81;295.76;363.78
GRA000070;0.0;0.0;0.0;0.0
GRA000071;0.0;104.25;260.15;319.99
GRA000072;0.0;58.55;146.33;179.99
GRA000073;0.0;168.28;421.13;517.99
GRA000074;0.0;109.93;296.74;364.99
GRA000076;0.0;41.8;108.12;132.99
GRA000077;0.0;49.52;166.66;204.99
GRA000078;0.0;27.47;77.23;94.99
GRA000079;0.0;52.62;142.27;174.99
GRA000080;0.0;12.35;34.95;42.99
GRA000081;0.0;7.58;24.38;29.99
GRA000082;0.0;6.75;11.25;13.84
GRA000083;0.0;3.13;9.75;11.99
GRA000084;0.0;3.51;9.75;11.99
GRA000085;0.0;12.23;22.24;27.36
GRA000086;0.0;9.69;17.88;21.99
GRA000087;0.0;8.07;26.82;32.99
GRA000088;0.0;3.15;13.81;16.99
GRA000089;0.0;27.0;12.19;14.99
GRA000090;0.0;4.86;17.88;21.99
GRA000091;0.0;2.74;12.19;14.99
GRA000092;0.0;3.55;16.25;19.99
GRA000093;0.0;2.61;7.31;8.99
GRA000094;0.0;4.02;13.81;16.99
GRA000095;0.0;9.2;30.89;37.99
GRA000096;0.0;6.84;12.19;14.99
GRA000097;0.0;4.99;17.88;21.99
GRA000098;0.0;3.75;8.12;9.99
GRA000099;0.0;9.03;30.07;36.99
GRA000100;0.0;20.45;67.47;82.99
GRA000101;0.0;1.28;4.87;5.99
GRA000102;0.0;22.53;61.78;75.99
GRA000103;0.0;2.89;4.87;5.99
GRA000104;0.0;128.63;214.38;263.69
GRA000105;0.0;7.2;18.0;22.14
GRA000106;0.0;4.14;16.25;19.99
GRA000107;0.0;910.95;2771.0;3408.33
GRA000108;0.0;14.5;15.99;19.67
GRA000109;0.0;39.54;56.9;69.99
GRA000110;0.0;123.28;246.56;303.27
GRA000111;0.0;8.97;18.54;22.8
GRA000112;0.0;7.8;15.6;19.19
GRA000113;0.0;6.34;12.68;15.6
GRA000114;0.0;7.45;20.32;24.99
GRA000115;0.0;66.07;110.12;135.45
GRA000116;0.0;3.88;7.31;8.99
GRA000117;0.0;14.9;29.8;36.65
GRA000118;0.0;6.57;12.19;14.99
GRA000119;0.0;3.99;7.98;9.82
GRA000120;0.0;4.83;9.66;11.88
GRA000121;0.0;14.06;28.12;34.59
GRA000122;0.0;2.48;4.87;5.99
GRA000123;0.0;12.0;19.88;24.45
GRA000124;0.0;2.48;4.87;5.99
GRA000125;0.0;4.37;12.49;15.36
GRA000126;0.0;11.74;29.26;35.99
GRA000127;0.0;6.05;8.12;9.99
GRA000128;0.0;10.16;16.25;19.99
GRA000129;0.0;22.46;37.43;46.04
GRA000130;0.0;9.87;24.68;30.36
GRA000131;0.0;64.31;107.18;131.83
GRA000132;0.0;4.28;8.12;9.99
GRA000133;1.0;12.53;32.51;39.99
GRA000134;0.0;3.92;8.12;9.99
GRA000135;0.0;33.96;45.49;55.95
GRA000136;0.0;16.86;25.73;31.65
GRA000137;0.0;34.63;45.87;56.42
GRA000138;0.0;74.26;99.01;121.78
GRA000139;0.0;62.69;146.33;179.99
GRA000140;0.0;9.38;24.38;29.99
GRA000141;0.0;10.9;18.17;22.35
GRA000142;0.0;25.11;33.48;41.18
GRA000143;0.0;8.18;13.63;16.76
GRA000144;0.0;24.98;41.63;51.2
GRA000145;0.0;125.72;234.32;288.21
GRA000146;0.0;4.63;9.75;11.99
GRA000147;0.0;2.48;4.87;5.99
GRA000148;0.0;2.89;5.68;6.99
GRA000149;0.0;844.88;2435.0;2995.05
GRA000150;0.0;2.52;5.68;6.99
GRA000151;0.0;2.36;4.06;4.99
GRA000152;0.0;2.36;5.68;6.99
GRA000153;0.0;1.97;4.06;4.99
GRA000154;0.0;1.97;4.06;4.99
GRA000155;0.0;2.89;4.87;5.99
GRA000156;0.0;2.89;4.87;5.99
GRA000157;0.0;2.89;4.87;5.99
GRA000158;0.0;2.89;4.87;5.99
GRA000159;0.0;662.51;2601.63;3200.0
GRA000160;0.0;82.23;56.9;69.99
GRA000161;0.0;0.0;0.0;0.0
GRA000162;0.0;6.99;18.69;22.99
GRA000163;0.0;4.37;11.37;13.99
GRA000164;0.0;4.01;9.75;11.99
GRA000165;0.0;2.48;4.87;5.99
GRA000166;0.0;113.26;24.86;30.58
GRA000167;0.0;31.26;104.17;128.13
GRA000169;4.0;11.53;29.26;35.99
GRA000170;0.0;7.38;1.62;1.99
GRA000171;0.0;4.62;20.32;24.99
GRA000172;0.0;8.46;0.0;0.0
GRA000173;0.0;5.97;12.19;14.99
GRA000174;0.0;10.03;24.25;29.83
GRA000175;0.0;32.67;0.0;0.0
GRA000176;0.0;7.47;2.38;2.93
GRA000177;0.0;4.24;8.12;9.99
GRA000178;0.0;10.27;20.32;24.99
GRA000179;6.0;7.75;13.81;16.99
GRA000180;0.0;4.6;12.19;14.99
GRA000181;0.0;93.36;40.38;49.67
GRA000182;0.0;41.52;93.49;114.99
GRA000183;0.0;52.3;28.28;34.78
GRA000184;0.0;41.8;18.08;22.24
GRA000185;0.0;61.22;26.48;32.57
GRA000186;0.0;52.62;22.76;27.99
GRA000187;0.0;74.58;32.26;39.68
GRA000188;0.0;10.59;28.45;34.99
GRA000189;0.0;7.44;3.22;3.96
GRA000190;0.0;10.45;4.52;5.56
GRA000191;0.0;28.9;12.5;15.38
GRA000192;0.0;10.13;4.38;5.39
GRA000193;0.0;8.23;3.56;4.38
GRA000194;5.0;4.16;10.56;12.99
GRA000195;1.0;3.84;16.25;19.99
GRA000196;0.0;14.8;6.4;7.87
GRA000197;0.0;7.77;3.36;4.13
GRA000198;0.0;35.79;15.48;19.04
GRA000199;0.0;8.0;13.0;15.99
GRA000200;0.0;20.72;73.16;89.99
GRA000201;0.0;579.7;313.43;385.52
HAD000001;0.0;130.0;235.76;289.99
HAD000002;0.0;190.0;345.52;424.99
HAD000003;2.0;40.0;67.47;82.99
HAD000004;0.0;36.0;65.03;79.99
HAD000005;3.0;29.0;48.77;59.99
HAD000006;0.0;17.5;28.45;34.99
HAD000007;5.0;27.0;48.77;59.99
HAD000008;5.0;33.0;60.15;73.99
HAD000009;1.0;24.0;40.64;49.99
HAD000010;4.0;30.0;54.46;66.99
HAD000011;4.0;46.0;81.29;99.99
HAD000012;6.0;27.0;48.77;59.99
HAD000013;5.0;25.0;45.52;55.99
HAD000014;4.0;23.4;39.02;47.99
HAD000015;3.0;45.0;75.6;92.99
HAD000016;0.0;15.13;25.2;30.99
HAD000017;0.0;20.72;36.58;44.99
HAD000018;0.0;10.5;20.32;24.99
HAD000019;0.0;15.0;25.2;30.99
HAD000020;8.0;30.0;52.84;64.99
HAD000021;9.0;16.0;28.45;34.99
HAD000023;0.0;19.0;39.02;47.99
HAD000024;4.0;6.9;14.63;17.99
HAD000025;24.0;17.0;37.39;45.99
HAD000026;1.0;25.0;44.71;54.99
HAD000027;0.0;20.0;40.64;49.99
HAD000028;0.0;14.0;24.38;29.99
HAD000029;1.0;17.0;30.89;37.99
HAD000030;2.0;25.0;42.27;51.99
HIG000001;31.0;46.0;117.88;144.99
HIG000002;0.0;76.0;138.18;169.96
HIG000003;0.0;3.84;12.19;14.99
HIG000004;0.0;10.8;19.64;24.16
HIG000005;0.0;108.0;250.57;308.2
HIG000006;5.0;35.0;233.33;286.99
HIG000007;0.0;98.0;162.59;199.99
HIG000008;20.0;5.0;118.18;145.36
HIG000009;0.0;39.0;81.22;99.9
HIG000010;0.0;57.75;115.5;142.07
HIG000011;0.0;50.0;83.33;102.5
HIG000012;0.0;34.0;60.0;73.8
HIG000013;27.0;8.55;21.54;26.49
HIG000014;0.0;200.0;363.64;447.28
HIG000018;0.0;128.5;349.59;429.99
HIG000019;0.0;41.7;62.59;76.99
HIG000023;0.0;30.0;54.55;67.1
HIG000030;0.0;4.09;8.06;9.91
HYD000005;6.0;8.19;17.07;20.99
HYD000006;6.0;83.64;126.01;154.99
HYD000008;8.0;57.01;121.94;149.99
HYD000009;8.0;6.9;48.77;59.99
HYD000010;5.0;15.75;39.83;48.99
HYD000011;5.0;4.0;23.57;28.99
HYD000013;0.0;43.0;62.59;76.99
HYD000014;0.0;16.53;26.01;31.99
HYD000020;0.0;42.5;71.54;87.99
HYD000021;0.0;68.4;113.81;139.99
HYD000022;0.0;70.13;127.51;156.84
HYD000023;4.0;55.0;160.6;197.54
HYD000024;1.0;55.0;519.96;639.55
HYD000025;2.0;145.0;296.45;364.63
HYD000026;0.0;96.14;173.16;212.99
HYD000028;0.0;77.82;130.07;159.99
HYD000030;2.0;3.75;12.19;14.99
HYD000034;3.0;6.19;12.19;14.99
HYD000035;0.0;6.58;13.0;15.99
HYD000036;0.0;15.01;24.38;29.99
HYD000037;0.0;5.04;13.0;15.99
HYD000038;7.0;9.95;17.88;21.99
HYD000041;0.0;82.08;181.29;222.99
HYD000042;0.0;119.2;212.31;261.14
HYD000043;0.0;46.52;132.51;162.99
HYD000044;11.0;91.49;172.35;211.99
HYD000045;0.0;112.61;204.87;251.99
HYD000046;0.0;11.49;40.64;49.99
HYD000047;0.0;68.7;113.81;139.99
HYD000049;0.0;57.0;81.43;100.16
HYD000050;4.0;26.0;78.04;95.99
HYD000054;55.0;3.98;24.38;29.99
HYD000055;22.0;24.0;44.71;54.99
HYD000056;10.0;29.0;77.27;95.04
HYD000057;15.0;12.5;44.71;54.99
HYD000058;0.0;15.0;26.01;31.99
HYD000059;9.0;5.96;20.32;24.99
HYD000062;0.0;93.98;175.87;216.32
HYD000063;4.0;15.76;40.64;49.99
HYD000066;2.0;29.0;72.35;88.99
HYD000067;3.0;11.67;18.69;22.99
HYD000068;0.0;7.7;13.0;15.99
HYD000074;1.0;60.0;215.44;264.99
HYD000078;4.0;20.09;33.33;40.99
HYD000079;0.0;25.74;47.15;57.99
HYD000080;1.0;30.55;47.15;57.99
HYD000081;0.0;79.5;113.0;138.99
HYD000084;2.0;104.19;195.11;239.99
HYD000085;7.0;6.5;14.63;17.99
HYD000086;0.0;16.16;29.38;36.14
HYD000087;4.0;15.01;37.39;45.99
HYD000088;2.0;13.0;37.8;46.49
HYD000089;1.0;13.0;37.8;46.49
HYD000090;0.0;13.0;37.8;46.49
HYD000091;4.0;16.5;38.2;46.99
HYD000092;0.0;16.5;38.2;46.99
HYD000093;87.0;12.92;23.57;28.99
HYD000096;10.0;10.34;21.94;26.99
HYD000097;2.0;59.66;139.4;171.46
HYD000098;0.0;70.1;162.59;199.99
HYD000102;0.0;138.8;243.89;299.99
HYD000103;10.0;15.06;38.2;46.99
HYD000104;12.0;8.33;17.07;20.99
HYD000110;10.0;11.11;17.88;21.99
HYD000115;0.0;6.7;11.37;13.99
HYD000116;1.0;5.4;14.9;18.33
HYD000117;0.0;4.54;8.25;10.15
HYD000118;0.0;190.0;345.52;424.99
HYD000119;5.0;18.9;40.64;49.99
HYD000121;4.0;15.06;37.39;45.99
HYD000122;7.0;15.06;37.39;45.99
HYD000123;4.0;15.76;37.39;45.99
HYD000124;4.0;10.0;37.39;45.99
HYD000125;2.0;16.69;37.39;45.99
HYD000126;0.0;12.59;37.39;45.99
HYD000127;2.0;28.11;47.15;57.99
HYD000129;0.0;298.19;458.75;564.26
HYD000130;0.0;323.51;497.71;612.18
HYD000131;4.0;10.0;37.39;45.99
HYD000132;4.0;15.06;37.39;45.99
HYD000133;7.0;15.06;37.39;45.99
HYD000134;6.0;10.0;37.39;45.99
HYD000135;4.0;10.0;37.39;45.99
HYD000136;4.0;10.0;37.39;45.99
HYD000137;7.0;15.01;37.39;45.99
HYD000138;4.0;10.0;37.39;45.99
HYD000140;0.0;7.9;37.39;45.99
HYD000141;3.0;13.93;37.39;45.99
HYD000142;5.0;10.28;37.39;45.99
HYD000143;1.0;9.5;37.39;45.99
HYD000144;7.0;15.0;37.39;45.99
HYD000147;0.0;13.68;37.39;45.99
HYD000150;2.0;24.5;47.15;57.99
HYD000151;0.0;28.11;62.59;76.99
HYD000152;0.0;21.2;47.15;57.99
HYD000153;0.0;21.2;47.15;57.99
HYD000154;4.0;21.2;47.15;57.99
HYD000158;0.0;33.34;68.28;83.99
HYD000161;0.0;10.57;19.22;23.64
HYD000165;0.0;13.8;29.26;35.99
HYD000166;0.0;19.3;32.51;39.99
HYD000170;0.0;26.91;47.15;57.99
HYD000172;0.0;5.88;11.37;13.99
HYD000173;0.0;6.5;11.37;13.99
HYD000174;0.0;6.3;11.37;13.99
HYD000175;19.0;5.49;15.44;18.99
HYD000176;0.0;8.34;16.25;19.99
HYD000177;13.0;7.81;17.88;21.99
HYD000178;23.0;7.81;20.32;24.99
HYD000179;6.0;9.66;17.07;20.99
HYD000180;8.0;6.12;15.44;18.99
HYD000181;1.0;9.94;14.3;17.59
HYD000183;13.0;7.81;22.76;27.99
HYD000184;5.0;9.66;19.5;23.99
HYD000186;8.0;7.06;16.25;19.99
HYD000187;0.0;6.5;11.37;13.99
HYD000188;0.0;4.9;17.18;21.13
HYD000190;4.0;3.45;13.0;15.99
HYD000191;0.0;4.85;9.75;11.99
HYD000192;1.0;6.71;7.31;8.99
HYD000193;0.0;42.53;309.75;380.99
HYD000194;0.0;0.25;1.62;1.99
HYD000195;0.0;6.24;20.62;25.36
HYD000196;10.0;3.0;6.5;7.99
HYD000199;6.0;2.7;7.11;8.75
HYD000201;2.0;16.64;52.02;63.99
HYD000202;0.0;44.8;89.42;109.99
HYD000204;5.0;9.66;23.57;28.99
HYD000205;13.0;14.5;27.63;33.99
HYD000207;13.0;9.66;19.32;23.76
HYD000208;4.0;16.67;33.33;40.99
HYD000209;0.0;650.0;360.35;443.23
HYD000216;0.0;178.65;357.72;439.99
HYD000219;2.0;173.83;278.64;342.73
HYD000222;0.0;6.42;13.0;15.99
HYD000223;63.0;1.72;17.73;21.81
HYD000225;2.0;30.0;54.55;67.1
HYD000228;3.0;11.5;21.4;26.32
HYD000229;0.0;15.06;27.63;33.99
HYD000230;0.0;7.05;14.63;17.99
HYD000233;1.0;77.64;174.79;214.99
HYD000238;5.0;54.8;109.75;134.99
HYD000239;0.0;85.96;174.79;214.99
HYD000241;21.0;11.92;19.5;23.99
HYD000242;5.0;7.92;16.25;19.99
HYD000243;10.0;5.71;13.0;15.99
HYD000244;17.0;6.8;15.44;18.99
HYD000245;0.0;32.5;32.5;39.98
HYD000246;0.0;12.05;18.69;22.99
HYD000247;3.0;10.0;26.82;32.99
HYD000248;2.0;21.28;32.74;40.27
HYD000249;0.0;9.05;18.69;22.99
HYD000250;0.0;12.8;18.69;22.99
HYD000254;0.0;272.0;384.54;472.99
HYD000255;5.0;18.13;32.96;40.54
HYD000256;7.0;3.0;22.76;27.99
HYD000259;0.0;30.13;99.99;122.99
HYD000260;0.0;74.51;130.07;159.99
HYD000261;1.0;53.03;165.85;203.99
HYD000262;0.0;204.0;338.33;416.15
HYD000263;2.0;85.96;151.21;185.99
HYD000264;2.0;4.3;8.12;9.99
HYD000267;1.0;9.14;18.28;22.48
HYD000269;2.0;27.5;58.99;72.56
HYD000270;1.0;12.21;22.73;27.96
HYD000271;0.0;15.35;28.45;34.99
HYD000272;0.0;84.1;168.28;206.99
HYD000273;0.0;86.0;170.72;209.99
HYD000274;3.0;3.0;12.19;14.99
HYD000275;10.0;4.95;10.66;13.11
HYD000276;2.0;42.34;81.82;100.64
HYD000277;1.0;46.35;65.48;80.54
HYD000280;1.0;73.34;156.09;191.99
HYD000281;1.0;75.18;156.9;192.99
HYD000282;2.0;35.4;64.22;78.99
HYD000285;0.0;35.4;64.22;78.99
HYD000286;2.0;35.0;64.22;78.99
HYD000289;3.0;19.17;41.46;50.99
HYD000297;0.0;15.01;39.02;47.99
HYD000298;9.0;15.01;39.02;47.99
HYD000299;0.0;4.4;8.12;9.99
HYD000301;6.0;2.77;8.93;10.99
HYD000305;1.0;17.27;48.83;60.06
HYD000310;0.0;5.78;26.22;32.25
HYD000311;2.0;20.0;39.85;49.02
HYD000314;1.0;238.83;479.67;589.99
HYD000315;1.0;121.63;214.63;263.99
HYD000325;0.0;23.54;48.9;60.15
HYD000326;0.0;99.0;165.03;202.99
HYD000327;1.0;110.36;219.5;269.99
HYD000329;0.0;31.82;52.84;64.99
HYD000330;5.0;10.0;47.67;58.63
HYD000331;5.0;22.61;43.08;52.99
HYD000332;0.0;60.34;109.71;134.94
HYD000333;8.0;10.0;53.65;65.99
HYD000334;2.0;20.72;25.9;31.86
HYD000335;0.0;12.5;22.73;27.96
HYD000336;0.0;132.5;240.91;296.32
HYD000338;0.0;6.7;11.37;13.99
HYD000340;0.0;168.16;280.27;344.73
HYD000341;0.0;155.6;276.41;339.99
HYD000342;0.0;298.84;498.07;612.63
HYD000345;2.0;31.75;51.21;62.99
HYD000346;0.0;1855.0;2917.07;3587.99
HYD000348;5.0;11.8;23.57;28.99
HYD000350;73.0;40.65;81.29;99.99
HYD000351;3.0;149.24;266.04;327.23
HYD000352;1.0;5.71;13.0;15.99
HYD000353;2.0;9.45;14.63;17.99
HYD000354;3.0;8.6;24.38;29.99
HYD000355;3.0;9.25;14.15;17.4
HYD000356;0.0;6920.0;13008.12;15999.99
HYD000357;0.0;13263.0;24114.55;29660.9
HYD000358;0.0;4880.0;8943.08;10999.99
HYD000359;0.0;3641.0;6932.73;8527.26
HYD000364;0.0;433.27;722.67;888.88
HYD000365;1.0;433.44;752.02;924.99
HYD000368;5.0;4.5;14.63;17.99
HYD000369;4.0;4.0;26.01;31.99
HYD000370;0.0;11.39;25.2;30.99
HYD000371;2.0;24.7;41.46;50.99
HYD000372;1.0;23.1;52.0;63.96
HYD000373;3.0;4.75;20.32;24.99
HYD000376;0.0;172.0;285.27;350.88
HYD000378;18.0;0.95;4.06;4.99
HYD000380;1.0;47.26;91.05;111.99
HYD000382;0.0;83.48;148.77;182.99
HYD000383;3.0;28.98;64.22;78.99
HYD000384;7.0;30.11;64.22;78.99
HYD000385;1.0;30.44;64.22;78.99
HYD000386;0.0;31.19;54.46;66.99
HYD000387;0.0;28.04;52.02;63.99
HYD000389;6.0;15.0;30.07;36.99
HYD000390;3.0;35.0;58.53;71.99
HYD000391;0.0;469.0;852.73;1048.86
HYD000392;0.0;24.55;52.02;63.99
HYD000393;58.0;24.0;63.41;77.99
HYD000395;0.0;22.25;31.7;38.99
HYD000396;0.0;35.99;64.22;78.99
HYD000397;2.0;47.47;91.86;112.99
HYD000398;0.0;38.26;60.85;74.85
HYD000400;0.0;190.0;345.45;424.9
HYD000401;9.0;5.54;24.38;29.99
HYD000402;4.0;6.35;12.19;14.99
HYD000404;0.0;61.89;95.22;117.12
HYD000405;0.0;12.95;21.94;26.99
HYD000407;0.0;114.5;190.83;234.72
HYD000409;1.0;14.67;26.2;32.23
HYD000410;0.0;12.0;17.13;21.07
HYD000412;0.0;3447.0;6267.27;7708.74
HYD000413;0.0;115.0;143.89;176.99
HYD000414;3.0;4.0;8.12;9.99
HYD000417;3.0;15.01;37.39;45.99
HYD000418;0.0;170.52;272.35;334.99
HYD000419;0.0;371.07;617.03;758.95
HYD000421;1.0;0.01;1.62;1.99
HYD000422;0.0;0.01;1.62;1.99
HYD000423;5.0;31.19;54.46;66.99
HYD000424;2.0;3.75;12.19;14.99
HYD000425;65.0;5.25;9.75;11.99
HYD000426;8.0;8.45;12.19;14.99
HYD000427;0.0;13.5;17.07;20.99
HYD000428;6.0;7.6;25.08;30.85
HYD000429;1.0;9.0;16.25;19.99
HYD000430;0.0;89.5;157.72;193.99
HYD000431;0.0;934.96;1992.67;2450.99
HYD000432;40.0;2.03;4.87;5.99
HYD000433;0.0;116.52;221.67;272.65
HYD000434;0.0;60.0;137.4;169.0
HYD000435;3.0;13.87;25.75;31.67
HYD000436;6.0;31.43;76.41;93.99
HYD000437;1.0;166.14;309.09;380.18
HYD000438;0.0;90.61;134.95;165.99
HYD000439;0.0;3.0;10.56;12.99
HYD000440;2.0;40.0;76.41;93.99
HYD000441;1.0;51.02;90.24;110.99
HYD000442;5.0;87.31;178.85;219.99
HYD000443;0.0;74.0;174.79;214.99
HYD000444;0.0;85.96;154.46;189.99
HYD000445;0.0;87.69;166.66;204.99
HYD000446;0.0;87.69;170.15;209.28
HYD000447;0.0;15.0;27.27;33.54
HYD000448;7.0;9.66;13.0;15.99
HYD000453;1.0;392.62;745.45;916.9
HYD000454;11.0;4.0;24.38;29.99
HYD000455;0.0;12.59;37.39;45.99
HYD000456;2.0;13.59;37.39;45.99
HYD000458;0.0;38.04;69.16;85.07
HYD000462;0.0;148.41;247.35;304.24
HYD000463;1.0;41.73;52.29;64.32
HYD000464;0.0;8.34;16.68;20.52
HYD000465;1.0;4.73;9.46;11.64
HYD000466;11.0;6.5;14.63;17.99
HYD000467;3.0;45.0;67.47;82.99
HYD000468;2.0;20.65;37.55;46.19
HYD000469;1.0;66.61;125.2;153.99
HYD000470;2.0;316.83;523.58;644.0
HYD000471;0.0;76.9;120.32;147.99
HYD000472;3.0;39.0;64.22;78.99
HYD000473;2.0;115.7;239.67;294.79
HYD000474;2.0;185.0;375.11;461.39
HYD000475;1.0;22.5;57.14;70.28
HYD000476;2.0;12.29;46.71;57.45
HYD000477;0.0;92.07;167.4;205.9
HYD000478;0.0;161.39;248.29;305.4
HYD000479;0.0;62.15;147.98;182.02
HYD000480;5.0;4.45;8.12;9.99
HYD000481;1.0;72.9;136.0;167.28
HYD000482;10.0;3.19;6.5;7.99
HYD000483;11.0;2.48;5.68;6.99
HYD000484;1.0;83.82;148.24;182.34
HYD000485;0.0;6.8;13.81;16.99
HYD000486;0.0;54.13;104.06;127.99
HYD000487;0.0;19.28;36.58;44.99
HYD000488;0.0;4083.0;7498.33;9222.95
HYD000489;0.0;25.02;41.7;51.29
HYD000490;0.0;166.86;280.48;344.99
HYD000491;0.0;96.71;182.92;224.99
HYD000492;0.0;64.5;117.88;144.99
HYD000493;0.0;27.08;48.77;59.99
HYD000494;0.0;184.6;342.27;420.99
HYD000495;0.0;2873.0;4788.61;5889.99
HYD000500;0.0;13.5;21.94;26.99
HYD000501;0.0;8.27;13.81;16.99
HYD000502;0.0;228.66;370.72;455.99
HYD000503;0.0;106.8;178.0;218.94
HYD000504;0.0;13.65;22.76;27.99
HYD000505;0.0;24.35;49.09;60.38
HYD000506;40.0;2.9;9.85;12.12
HYD000507;2.0;181.43;337.2;414.76
HYD000508;4.0;10.0;39.02;47.99
HYD000509;5.0;10.0;39.02;47.99
HYD000510;0.0;3.28;16.25;19.99
HYD000511;11.0;3.72;9.75;11.99
HYD000512;0.0;15.8;26.82;32.99
HYD000513;3.0;20.0;40.05;49.26
HYD000514;8.0;7.5;21.94;26.99
HYD000516;0.0;26.0;53.65;65.99
HYD000517;0.0;37.0;56.9;69.99
HYD000518;3.0;92.07;115.44;141.99
HYD000519;0.0;30.43;56.09;68.99
HYD000520;16.0;12.5;46.33;56.99
HYD000521;3.0;14.02;23.37;28.75
HYD000522;0.0;18.02;30.03;36.94
HYD000523;0.0;112.26;224.52;276.16
HYD000524;0.0;187.5;359.73;442.47
HYD000525;3.0;64.58;121.94;149.99
HYD000526;2.0;130.0;269.91;331.99
HYD000527;1.0;417.42;808.93;994.99
HYD000528;2.0;35.4;64.22;78.99
HYD000529;0.0;900.9;1781.82;2191.64
HYD000530;3.0;87.31;166.66;204.99
HYD000531;2.0;87.31;130.89;160.99
HYD000532;2.0;87.76;162.59;199.99
HYD000533;1.0;86.03;162.59;199.99
HYD000534;0.0;42.72;90.04;110.75
HYD000535;3.0;61.78;121.94;149.99
HYD000536;0.0;11.24;22.48;27.65
HYD000537;2.0;30.95;54.32;66.81
HYD000538;0.0;5.86;10.65;13.1
HYD000539;0.0;272.0;544.0;669.12
HYD000540;0.0;1326.0;1998.0;2457.54
HYD000541;0.0;1299.0;2598.0;3195.54
HYD000542;0.0;955.0;1910.0;2349.3
HYD000543;10.0;16.8;26.01;31.99
HYD000545;0.0;258.08;469.24;577.17
HYD000546;0.0;89.15;148.58;182.75
HYD000547;4.0;28.33;33.87;41.66
HYD000548;0.0;42.72;85.36;104.99
HYD000549;0.0;332.0;530.88;652.98
HYD000550;0.0;1890.0;3150.4;3874.99
HYD000551;2.0;41.6;78.85;96.99
HYD000552;1.0;27.78;46.3;56.95
HYD000553;0.0;53.23;97.55;119.99
HYD000554;7.0;2.19;4.5;5.54
HYD000555;14.0;2.27;4.72;5.81
HYD000556;0.0;89.53;253.33;311.6
HYD000557;0.0;249.48;359.73;442.47
HYD000558;0.0;19.64;37.72;46.4
HYD000559;0.0;36.26;71.35;87.76
HYD000560;0.0;55.0;110.0;135.3
HYD000561;0.0;5.62;16.93;20.82
HYD000562;36.0;2.32;4.98;6.13
HYD000563;1.0;2.75;5.68;6.99
HYD000564;0.0;33.0;47.14;57.98
HYD000565;0.0;304.06;40.64;49.99
HYD000566;0.0;91.48;123.15;151.47
HYD000567;4.0;38.0;81.22;99.9
HYD000568;1.0;46.44;77.4;95.2
HYD000569;5.0;39.69;81.29;99.99
HYD000570;3.0;15.72;34.87;42.89
HYD000571;11.0;8.36;16.25;19.99
HYD000572;5.0;6.12;18.7;23.0
HYD000573;2.0;5.54;16.89;20.77
HYD000574;4.0;7.5;11.37;13.99
HYD000575;0.0;13263.0;20837.0;25629.51
HYD000576;0.0;886.0;1834.0;2255.82
HYD000577;0.0;32.83;50.13;61.66
HYD000578;0.0;30.11;59.69;73.42
HYD000579;0.0;2.82;11.08;13.63
HYD000580;0.0;775.0;1550.0;1906.5
HYD000581;1.0;27.0;57.85;71.16
HYD000582;1.0;220.0;202.17;248.67
HYD000583;4.0;8.23;24.38;29.99
HYD000584;4.0;15.01;39.02;47.99
HYD000585;0.0;16.42;27.37;33.67
HYD000586;0.0;20.33;33.88;41.67
HYD000587;9.0;9.9;21.94;26.99
HYD000588;0.0;29.86;71.82;88.34
HYD000590;0.0;618.02;1186.98;1459.99
HYD000591;4.0;16.5;39.02;47.99
HYD000592;1.0;15.76;30.4;37.39
HYD000593;0.0;124.96;251.54;309.39
HYD000594;6.0;4.45;10.35;12.73
HYD000595;0.0;35.0;75.0;92.25
HYD000596;1.0;55.19;101.62;124.99
HYD000597;1.0;55.19;100.35;123.43
HYD000598;2.0;7.5;12.33;15.17
HYD000599;4.0;29.86;59.69;73.42
HYD000600;8.0;9.55;26.01;31.99
HYD000601;0.0;196.93;358.05;440.4
HYD000602;5.0;35.0;248.5;305.66
HYD000603;0.0;30.48;64.96;79.9
HYD000604;0.0;95.2;216.15;265.86
HYD000605;2.0;5.5;20.32;24.99
HYD000606;0.0;82.13;160.15;196.99
HYD000607;3.0;73.05;142.27;174.99
HYD000608;1.0;35.99;68.35;84.07
HYD000609;3.0;10.29;18.63;22.91
HYD000610;3.0;15.06;37.39;45.99
HYD000611;3.0;19.0;48.77;59.99
HYD000612;4.0;15.06;39.08;48.07
HYD000614;0.0;124.98;208.3;256.21
HYD000615;2.0;6.64;16.25;19.99
HYD000616;2.0;17.03;33.6;41.33
HYD000617;0.0;2.49;12.19;14.99
HYD000618;1.0;15.1;27.45;33.76
HYD000619;15.0;27.32;39.83;48.99
HYD000620;0.0;15.44;27.45;33.76
HYD000621;6.0;42.42;75.05;92.31
HYD000622;1.0;84.44;153.53;188.84
HYD000623;1.0;5.9;9.83;12.09
HYD000624;0.0;103.92;188.95;232.41
HYD000625;1.0;383.14;661.95;814.2
HYD000626;1.0;35.28;64.15;78.9
HYD000627;3.0;11.99;22.68;27.9
HYD000628;2.0;19.0;37.47;46.09
HYD000629;0.0;22.98;42.27;51.99
HYD000630;2.0;37.04;69.1;84.99
HYD000631;0.0;10.92;21.94;26.99
HYD000633;6.0;42.44;116.33;143.09
HYD000634;0.0;133.76;242.06;297.73
HYD000635;5.0;9.5;37.39;45.99
HYD000636;3.0;48.06;87.38;107.48
HYD000637;2.0;11.49;29.26;35.99
HYD000638;0.0;27.79;50.53;62.15
HYD000639;3.0;4.99;4.28;5.26
HYD000640;0.0;195.91;281.0;345.63
HYD000641;4.0;37.26;50.51;62.13
HYD000642;1.0;5.78;10.56;12.99
HYD000643;17.0;37.2;67.64;83.2
HYD000644;15.0;16.5;20.93;25.75
HYD000645;7.0;15.76;39.02;47.99
HYD000646;2.0;13.03;37.8;46.49
HYD000647;1.0;9.5;37.39;45.99
HYD000648;0.0;5.4;38.2;46.99
HYD000649;0.0;5.4;37.39;45.99
HYD000650;0.0;5.4;37.39;45.99
HYD000651;5.0;12.59;37.39;45.99
HYD000652;1.0;12.59;37.39;45.99
HYD000653;0.0;12.59;32.51;39.99
HYD000654;4.0;20.1;40.64;49.99
HYD000655;1.0;12.43;26.82;32.99
HYD000656;0.0;2.65;4.42;5.44
HYD000657;2.0;20.57;34.46;42.39
HYD000658;0.0;294.61;503.56;619.38
HYD000659;2.0;13.83;38.2;46.99
HYD000660;5.0;13.83;38.2;46.99
HYD000661;1.0;13.83;38.2;46.99
HYD000662;2.0;17.58;38.2;46.99
HYD000663;10.0;9.9;22.76;27.99
HYD000664;1.0;68.32;113.87;140.06
HYD000665;1.0;60.0;141.46;173.99
HYD000666;1.0;25.0;81.22;99.9
HYD000667;0.0;49.26;89.56;110.16
HYD000668;0.0;13.03;37.39;45.99
HYD000669;0.0;13.03;37.39;45.99
HYD000670;2.0;15.76;37.39;45.99
HYD000671;0.0;1465.23;3347.57;4117.51
HYD000672;0.0;14.71;38.2;46.99
HYD000673;0.0;5.98;14.95;18.39
HYD000674;4.0;13.83;38.2;46.99
HYD000675;2.0;13.83;37.39;45.99
HYD000676;1.0;13.83;38.2;46.99
HYD000677;3.0;13.9;39.83;48.99
HYD000678;0.0;18.05;32.09;39.47
HYD000679;3.0;84.1;186.98;229.99
HYD000680;8.0;13.83;37.39;45.99
HYD000682;0.0;95.59;173.8;213.77
HYD000683;1.0;58.09;96.82;119.09
HYD000684;0.0;63.09;105.15;129.33
HYD000685;0.0;24.02;40.64;49.99
HYD000686;2.0;199.6;300.8;369.99
HYD000687;0.0;13.93;38.2;46.99
HYD000688;0.0;13.36;38.2;46.99
HYD000689;1.0;15.76;37.39;45.99
HYD000690;0.0;13.36;37.39;45.99
HYD000691;0.0;13.36;37.39;45.99
HYD000692;0.0;13.36;38.2;46.99
HYD000693;0.0;13.36;38.2;46.99
HYD000694;0.0;13.36;38.2;46.99
HYD000695;0.0;13.36;38.2;46.99
HYD000696;0.0;15.76;38.2;46.99
HYD000697;0.0;13.36;38.2;46.99
HYD000698;0.0;13.36;38.2;46.99
HYD000699;0.0;16.35;48.77;59.99
HYD000700;0.0;24.7;48.77;59.99
HYD000701;0.0;27.08;48.77;59.99
HYD000702;0.0;16.35;48.77;59.99
HYD000703;0.0;16.35;48.77;59.99
HYD000704;0.0;16.35;48.77;59.99
HYD000705;0.0;25.79;48.77;59.99
HYD000706;0.0;16.35;48.77;59.99
HYD000707;0.0;16.35;48.77;59.99
HYD000708;0.0;16.35;48.77;59.99
HYD000709;0.0;16.35;48.77;59.99
HYD000710;4.0;15.76;38.2;46.99
HYD000711;4.0;10.0;38.2;46.99
HYD000712;4.0;10.0;38.2;46.99
HYD000713;6.0;15.76;38.2;46.99
HYD000714;4.0;10.0;38.2;46.99
HYD000715;4.0;10.0;38.2;46.99
HYD000716;5.0;16.5;38.2;46.99
HYD000717;3.0;10.0;38.2;46.99
HYD000718;3.0;15.76;38.2;46.99
HYD000719;1.0;15.76;38.2;46.99
HYD000720;0.0;15.76;38.2;46.99
HYD000721;0.0;13.93;38.2;46.99
HYD000722;0.0;16.62;48.77;59.99
HYD000723;0.0;13.36;48.77;59.99
HYD000724;0.0;28.73;41.45;50.99
HYD000725;1.0;25.79;48.77;59.99
HYD000726;0.0;26.5;48.77;59.99
HYD000727;1.0;27.08;48.77;59.99
HYD000728;1.0;27.08;60.15;73.99
HYD000729;0.0;27.08;60.15;73.99
HYD000730;0.0;16.35;48.77;59.99
HYD000731;0.0;27.08;48.77;59.99
HYD000732;0.0;16.35;48.77;59.99
HYD000733;4.0;27.08;48.77;59.99
HYD000734;6.0;15.76;38.2;46.99
HYD000735;4.0;10.0;38.2;46.99
HYD000736;4.0;15.76;38.2;46.99
HYD000737;4.0;10.0;38.2;46.99
HYD000738;4.0;15.08;38.2;46.99
HYD000739;6.0;15.76;38.2;46.99
HYD000740;2.0;13.36;38.2;46.99
HYD000741;1.0;14.71;38.2;46.99
HYD000742;0.0;14.71;38.2;46.99
HYD000743;0.0;15.06;38.2;46.99
HYD000744;0.0;27.08;48.77;59.99
HYD000745;1.0;27.08;60.97;74.99
HYD000746;0.0;27.08;60.97;74.99
HYD000747;0.0;27.08;77.23;94.99
HYD000748;0.0;27.08;60.97;74.99
HYD000749;0.0;27.08;77.23;94.99
HYD000750;2.0;16.62;48.77;59.99
HYD000751;0.0;27.08;48.77;59.99
HYD000752;0.0;27.08;77.23;94.99
HYD000753;0.0;27.08;48.77;59.99
HYD000754;0.0;27.08;48.77;59.99
HYD000755;2.0;27.08;48.77;59.99
HYD000756;0.0;9.77;21.13;25.99
HYD000757;0.0;1.05;3.24;3.99
HYD000758;0.0;140.8;227.63;279.99
HYD000759;1.0;26.77;48.67;59.86
HYD000760;0.0;45.56;82.84;101.89
HYD000761;1.0;145.0;303.58;373.4
HYD000762;0.0;11.18;18.63;22.91
HYD000763;1.0;39.22;71.54;87.99
HYD000764;2.0;6.97;16.25;19.99
HYD000765;0.0;31.34;52.84;64.99
HYD000766;3.0;15.96;27.63;33.99
HYD000767;1.0;17.64;28.45;34.99
HYD000768;2.0;89.15;174.78;214.98
HYD000769;4.0;9.03;16.25;19.99
HYD000770;0.0;13.0;31.7;38.99
HYD000771;0.0;991.0;1982.0;2437.86
HYD000772;2.0;10.0;37.39;45.99
HYD000773;4.0;15.76;37.39;45.99
HYD000774;7.0;8.69;13.92;17.12
HYD000775;0.0;133.58;242.87;298.73
HYD000776;1.0;65.0;204.53;251.57
HYD000777;0.0;9.55;16.25;19.99
HYD000778;0.0;27.88;39.83;48.99
HYD000779;0.0;7293.0;12426.0;15283.98
HYD000780;0.0;553.3;1006.0;1237.38
HYD000781;4.0;15.06;45.52;55.99
HYD000782;0.0;15.06;38.2;46.99
HYD000783;0.0;197.07;387.8;476.99
HYD000785;0.0;135.25;354.88;436.5
HYD000786;0.0;18.34;30.57;37.6
HYD000787;0.0;155.43;388.58;477.95
HYD000788;0.0;57.0;142.5;175.28
HYD000789;0.0;70.16;127.63;156.99
HYD000790;2.0;75.28;107.73;132.51
HYD000791;0.0;6196.0;10238.18;12592.96
HYD000792;0.0;172.74;400.66;492.81
HYD000793;2.0;102.15;227.0;279.21
HYD000794;1.0;289.79;147.82;181.82
HYD000795;0.0;27.0;78.35;96.37
HYD000796;0.0;71.14;138.95;170.91
HYD000797;4.0;11.61;16.87;20.75
HYD000798;7.0;9.0;21.98;27.04
HYD000799;16.0;11.27;24.68;30.36
HYD000800;1.0;12.43;22.6;27.8
HYD000801;1.0;7.46;18.65;22.94
HYD000802;4.0;1.04;2.43;2.99
HYD000803;0.0;125.93;211.37;259.99
HYD000804;1.0;104.81;204.8;251.9
HYD000805;0.0;186.31;363.11;446.63
HYD000806;0.0;47.82;81.22;99.9
HYD000807;0.0;47.82;86.98;106.99
HYD000808;0.0;81.44;147.96;181.99
HYD000809;1.0;93.98;235.92;290.18
HYD000810;2.0;129.2;238.93;293.88
HYD000811;0.0;13.59;37.39;45.99
HYD000812;0.0;210.0;464.16;570.92
HYD000813;0.0;953.12;1588.53;1953.89
HYD000814;3.0;18.59;54.85;67.47
HYD000815;0.0;45.0;125.2;153.99
HYD000816;0.0;9197.0;17340.0;21328.2
HYD000817;0.0;24.43;40.72;50.09
HYD000818;2.0;25.47;46.31;56.96
HYD000819;2.0;11.5;40.64;49.99
HYD000820;0.0;2.54;5.0;6.15
HYD000821;17.0;8.04;17.07;20.99
HYD000822;3.0;13.05;21.13;25.99
HYD000823;1.0;5.27;17.88;21.99
HYD000824;0.0;35.44;59.34;72.99
HYD000825;3.0;3.6;8.93;10.99
HYD000826;1.0;35.44;71.54;87.99
HYD000827;0.0;86.0;129.0;158.67
HYD000828;1.0;32.36;91.05;111.99
HYD000829;1.0;39.47;65.03;79.99
HYD000830;1.0;22.39;37.39;45.99
HYD000831;0.0;443.56;816.53;1004.33
HYD000832;0.0;102.71;260.15;319.99
HYD000833;10.0;7.0;34.95;42.99
HYD000834;0.0;157.98;288.61;354.99
HYD000835;0.0;748.94;1475.6;1814.99
HYD000836;4.0;114.87;211.25;259.84
HYD000838;1.0;26.5;65.03;79.99
HYD000839;1.0;26.5;65.03;79.99
HYD000840;0.0;26.5;65.03;79.99
HYD000841;1.0;119.61;259.34;318.99
HYD000842;0.0;102.76;186.84;229.81
HYD000843;0.0;16.96;37.82;46.52
HYD000844;7.0;18.9;34.95;42.99
HYD000845;1.0;12.6;28.45;34.99
HYD000846;0.0;616.21;1120.38;1378.07
HYD000847;1.0;8.26;18.36;22.58
HYD000848;0.0;78.08;195.2;240.1
HYD000849;5.0;29.7;56.36;69.32
HYD000850;3.0;52.0;69.55;85.55
HYD000851;0.0;35.0;65.03;79.99
HYD000852;0.0;74.4;147.15;180.99
HYD000853;0.0;130.0;260.0;319.8
HYD000854;0.0;380.0;690.91;849.82
HYD000855;0.0;112.0;224.0;275.52
HYD000856;0.0;280.0;594.0;730.62
HYD000857;0.0;43.0;86.0;105.78
HYD000858;0.0;33.75;67.5;83.03
HYD000859;1.0;10.1;20.2;24.85
HYD000860;6.0;7.9;14.36;17.66
HYD000861;0.0;7.81;15.44;18.99
HYD000862;4.0;4.25;8.55;10.52
HYD000863;0.0;3.87;15.2;18.7
HYD000864;1.0;6.46;12.92;15.89
HYD000865;3.0;5.88;16.97;20.87
HYD000866;1.0;4.59;15.0;18.45
HYD000867;1.0;7.54;15.08;18.55
HYD000869;1.0;9.02;24.38;29.99
HYD000870;0.0;157.46;262.59;322.99
HYD000871;1.0;28.79;52.84;64.99
HYD000872;0.0;103.3;195.11;239.99
HYD000873;7.0;11.16;22.32;27.45
HYD000874;0.0;160.59;229.41;282.17
HYD000875;0.0;16.67;33.34;41.01
HYD000876;5.0;4.98;11.0;13.53
HYD000877;1.0;80.34;146.07;179.67
HYD000878;0.0;275.67;459.45;565.12
HYD000879;1.0;28.79;52.35;64.39
HYD000880;1.0;20.25;15.11;18.59
HYD000881;1.0;9.68;16.25;19.99
HYD000882;0.0;143.8;261.78;321.99
HYD000883;1.0;35.53;63.41;77.99
HYD000884;0.0;740.33;1346.05;1655.64
HYD000885;0.0;1443.35;2624.27;3227.85
HYD000886;0.0;45.46;146.65;180.38
HYD000887;2.0;10.29;21.13;25.99
HYD000888;0.0;7.05;32.51;39.99
HYD000889;0.0;5.42;11.37;13.99
HYD000890;3.0;3.89;8.53;10.49
HYD000891;0.0;6.75;16.25;19.99
HYD000892;1.0;10.11;18.38;22.61
HYD000893;2.0;181.38;337.84;415.54
HYD000894;0.0;148.45;276.33;339.89
HYD000895;0.0;1599.3;2665.5;3278.57
HYD000896;0.0;86.94;141.33;173.84
HYD000897;0.0;45.58;91.16;112.13
HYD000898;0.0;78.86;131.43;161.66
HYD000899;4.0;142.83;268.13;329.8
HYD000900;0.0;138.51;248.77;305.99
HYD000901;1.0;319.78;532.51;654.99
HYD000902;1.0;0.75;1.99;2.45
HYD000903;14.0;5.9;18.69;22.99
HYD000904;1.0;3.89;8.12;9.99
HYD000905;1.0;18.12;36.24;44.58
HYD000907;2.0;2.57;5.68;6.99
HYD000908;4.0;30.0;56.9;69.99
HYD000909;2.0;9.09;38.2;46.99
HYD000910;1.0;38.0;77.23;94.99
HYD000911;0.0;7.5;18.69;22.99
HYD000912;0.0;6.5;14.63;17.99
HYD000913;3.0;15.0;30.89;37.99
HYD000914;0.0;29.5;70.72;86.99
HYD000915;5.0;5.3;24.38;29.99
HYD000916;0.0;32.51;59.34;72.99
HYD000917;10.0;2.5;8.12;9.99
HYD000919;0.0;15.48;26.01;31.99
HYD000920;57.0;11.5;24.38;29.99
HYD000921;5.0;40.0;81.29;99.99
HYD000922;2.0;100.0;203.24;249.99
HYD000923;0.0;25.79;65.03;79.99
HYD000924;7.0;35.0;69.91;85.99
HYD000925;0.0;7.25;16.25;19.99
HYD000926;2.0;5.5;17.88;21.99
HYD000928;1.0;19.95;36.58;44.99
HYD000929;8.0;17.0;36.58;44.99
HYD000930;0.0;13.0;29.26;35.99
HYD000935;2.0;57.39;121.94;149.99
HYD000936;4.0;87.61;162.59;199.99
HYD000937;22.0;16.96;34.96;43.0
HYD000938;0.0;51.26;86.17;105.99
HYD000939;0.0;81.81;136.58;167.99
HYD000940;0.0;20.0;40.0;49.2
HYD000941;0.0;46.99;86.17;105.99
HYD000942;0.0;2680.0;4490.91;5523.82
HYD000943;0.0;65.0;235.76;289.99
HYD000944;16.0;15.0;27.27;33.54
HYD000945;0.0;15.0;27.63;33.99
HYD000946;4.0;15.06;38.11;46.88
HYD000947;2.0;30.0;124.62;153.28
HYD000948;5.0;1.22;5.68;6.99
HYD000949;0.0;1051.05;2041.46;2510.99
HYD000950;0.0;60.0;235.4;289.54
HYD000951;0.0;27.08;46.91;57.7
HYD000952;0.0;217.64;395.93;486.99
HYD000953;0.0;89.0;222.76;273.99
HYD000954;0.0;65.0;130.0;159.9
HYD000955;2.0;275.38;516.38;635.15
HYD000956;6.0;228.38;412.95;507.93
HYD000957;3.0;19.0;34.95;42.99
HYD000958;0.0;55.58;99.99;122.99
HYD000959;0.0;18.86;47.15;57.99
HYD000960;0.0;141.98;260.15;319.99
HYD000962;0.0;195.0;325.2;399.99
HYD000963;0.0;19.0;36.0;44.28
HYD000964;0.0;1550.0;2818.18;3466.36
HYD000965;0.0;27.08;65.03;79.99
HYD000966;1.0;201.48;395.2;486.1
HYD000967;1.0;89.66;150.4;184.99
HYD000968;2.0;22.5;50.4;61.99
HYD000969;0.0;275.43;517.8;636.89
HYD000970;0.0;55.0;100.8;123.99
HYD000971;0.0;38.0;0.0;0.0
HYD000972;0.0;142.78;285.56;351.24
HYD000973;0.0;19.98;52.84;64.99
HYD000974;8.0;16.14;37.34;45.93
HYD000975;0.0;146.83;293.66;361.2
HYD000976;0.0;20.95;41.9;51.54
HYD000977;0.0;45.71;91.86;112.99
HYD000978;0.0;0.27;2.7;3.32
HYD000979;0.0;1.66;16.6;20.42
HYD000980;0.0;60.0;120.0;147.6
HYD000981;6.0;22.5;49.36;60.71
HYD000982;4.0;27.45;55.28;67.99
HYD000984;0.0;33.5;67.47;82.99
HYD000985;0.0;3.5;7.31;8.99
HYD000986;1.0;4.66;11.65;14.33
HYD000987;2.0;5.5;13.81;16.99
HYD000988;1.0;82.34;156.9;192.99
HYD000989;0.0;50.06;91.05;111.99
HYD000990;0.0;146.83;266.96;328.36
HYD000991;0.0;6.03;16.25;19.99
HYD000992;4.0;168.34;298.37;366.99
HYD000993;0.0;8.18;20.45;25.15
HYD000994;4.0;52.54;113.81;139.99
HYD000995;11.0;118.97;235.76;289.99
HYD000996;0.0;18.0;32.51;39.99
HYD000997;1.0;59.0;98.37;120.99
HYD000998;0.0;47.0;117.5;144.53
HYD000999;0.0;105.0;262.5;322.88
HYD001000;1.0;17.33;53.38;65.66
HYD001001;0.0;179.81;483.67;594.91
HYD001002;0.0;131.43;239.83;294.99
HYD001003;0.0;9.9;34.95;42.99
HYD001004;0.0;18.05;45.13;55.51
HYD001005;0.0;35.0;113.81;139.99
HYD001006;3.0;7.5;34.95;42.99
HYD001007;1.0;28.98;58.53;71.99
HYD001008;2.0;116.95;281.56;346.32
HYD001009;0.0;187.92;469.8;577.85
HYD001010;0.0;110.0;361.49;444.63
HYD001011;2.0;4.42;20.9;25.71
HYD001012;0.0;642.16;917.37;1128.37
HYD001013;0.0;576.15;1047.55;1288.49
HYD001014;1.0;146.47;279.67;343.99
HYD001015;1.0;167.26;319.5;392.99
HYD001016;0.0;301.92;548.95;675.21
HYD001017;0.0;245.34;613.35;754.42
HYD001018;0.0;312.03;693.4;852.88
HYD001019;0.0;39.0;70.91;87.22
HYD001020;0.0;7867.0;14303.64;17593.48
HYD001021;1.0;148.3;284.54;349.99
HYD001022;9.0;3.48;7.31;8.99
HYD001023;0.0;162.66;281.72;346.52
HYD001024;0.0;570.0;1040.91;1280.32
HYD001025;2.0;175.0;357.72;439.99
HYD001026;0.0;19.98;39.96;49.15
HYD001027;0.0;19.15;38.3;47.11
HYD001028;0.0;19.98;39.96;49.15
HYD001029;0.0;16.16;32.32;39.75
HYD001030;3.0;50.0;121.94;149.99
HYD001031;2.0;69.0;150.4;184.99
HYD001032;0.0;142.78;285.56;351.24
HYD001033;2.0;60.0;130.0;159.9
HYD001034;2.0;7.99;20.32;24.99
HYD001035;0.0;47.0;93.49;114.99
HYD001036;1.0;24.5;65.03;79.99
HYD001037;1.0;5.16;9.8;12.05
HYD001038;0.0;9.32;16.25;19.99
HYD001039;1.0;288.94;577.88;710.79
HYD001040;0.0;16.5;33.0;40.59
HYD001041;2.0;256.54;479.67;589.99
HYD001042;1.0;125.0;312.5;384.38
HYD001043;0.0;52.5;105.0;129.15
HYD001044;0.0;143.07;357.68;439.95
HYD001045;1.0;21.0;38.2;46.99
HYD001046;1.0;145.52;218.72;269.03
HYD001047;0.0;1632.0;1387.2;1706.26
HYD001048;0.0;104.56;200.54;246.66
HYD001049;0.0;81.44;150.4;184.99
HYD001050;0.0;81.44;150.4;184.99
HYD001051;0.0;85.0;154.55;190.1
HYD001052;13.0;14.5;38.8;47.72
HYD001053;4.0;10.0;38.2;46.99
HYD001054;1.0;43.8;109.75;134.99
HYD001055;0.0;626.47;1044.12;1284.27
HYD001056;1.0;34.66;69.1;84.99
HYD001057;0.0;1129.13;2052.96;2525.14
HYD001058;0.0;374.21;680.38;836.87
HYD001059;1.0;60.0;128.33;157.85
HYD001060;14.0;3.75;14.19;17.45
HYD001061;1.0;12.0;24.38;29.99
HYD001062;0.0;6.5;13.0;15.99
HYD001063;2.0;3.56;17.88;21.99
HYD001064;2.0;38.16;69.38;85.34
HYD001065;2.0;246.74;468.8;576.62
HYD001066;1.0;100.0;309.09;380.18
HYD001067;2.0;60.0;183.33;225.5
HYD001068;4.0;36.0;65.03;79.99
HYD001069;0.0;288.29;576.58;709.19
HYD001070;1.0;18.5;49.75;61.19
HYD001071;1.0;4.27;8.3;10.21
HYD001072;0.0;1921.28;3202.13;3938.62
HYD001073;0.0;8548.0;15541.82;19116.44
HYD001074;0.0;9190.0;16709.09;20552.18
HYD001075;2.0;6.75;13.5;16.61
HYD001076;0.0;0.0;14000.0;17220.0
HYD001077;7.0;1.2;3.23;3.97
HYD001078;0.0;7.5;15.44;18.99
HYD001079;1.0;1157.04;2132.4;2622.85
HYD001080;1.0;205.0;410.0;504.3
HYD001081;0.0;60.0;120.0;147.6
HYD001082;1.0;17.46;34.92;42.95
HYD001083;0.0;11.38;20.69;25.45
HYD001084;1.0;12.25;24.5;30.14
HYD001085;3.0;70.0;158.53;194.99
HYD001086;2.0;9.5;37.39;45.99
HYD001087;2.0;1.9;8.12;9.99
HYD001088;2.0;1.9;8.12;9.99
HYD001089;3.0;1.9;8.12;9.99
HYD001090;1.0;130.0;236.36;290.72
HYD001091;0.0;1457.0;2428.33;2986.85
HYD001092;0.0;1546.0;2810.91;3457.42
HYD001093;2.0;5.5;13.81;16.99
HYD001094;1.0;5.5;13.81;16.99
HYD001095;4.0;7.9;16.25;19.99
HYD001096;7.0;4.95;9.75;11.99
HYD001097;0.0;1.9;8.12;9.99
HYD001098;0.0;34.35;62.45;76.81
HYD001099;1.0;9.14;18.69;22.99
HYD001100;0.0;69.0;126.01;154.99
HYD001101;0.0;69.0;126.01;154.99
HYD001102;0.0;125.72;229.6;282.41
HYD001103;1.0;126.28;229.6;282.41
HYD001104;4.0;2.24;5.68;6.99
HYD001105;5.0;32.0;65.03;79.99
HYD001106;1.0;80.0;162.59;199.99
HYD001107;1.0;40.0;121.94;149.99
HYD001108;2.0;32.68;60.15;73.99
HYD001109;0.0;40.5;81.0;99.63
HYD001110;0.0;7365.0;13390.91;16470.82
HYD001111;1.0;28.27;51.4;63.22
HYD001112;1.0;112.16;373.87;459.86
HYD001113;2.0;35.0;113.81;139.99
HYD001114;1.0;50.99;113.81;139.99
HYD001115;0.0;100.93;201.86;248.29
HYD001116;0.0;10347.0;18812.73;23139.66
HYD001117;1.0;78.46;127.89;157.3
HYD001118;4.0;5.63;11.26;13.85
HYD001119;2.0;14.0;28.0;34.44
HYD001120;0.0;49.23;89.51;110.1
HYD001121;0.0;31.43;77.23;94.99
HYD001122;0.0;1477.0;2685.45;3303.1
HYD001123;0.0;149.0;298.0;366.54
HYD001124;2.0;27.0;54.0;66.42
HYD001125;0.0;8.0;20.0;24.6
HYD001126;2.0;2.49;6.23;7.66
HYD001127;1.0;30.0;54.55;67.1
HYD001128;1.0;433.44;752.02;924.99
HYD001129;0.0;100.0;200.0;246.0
HYD001130;5.0;28.0;56.0;68.88
HYD001131;0.0;950.0;1727.27;2124.54
HYD001132;0.0;70.0;140.0;172.2
HYD001133;0.0;33.0;66.0;81.18
HYD001134;0.0;2.85;7.13;8.77
HYD001135;3.0;174.08;308.93;379.99
HYD001136;1.0;60.0;109.75;134.99
HYD001137;0.0;80.0;160.0;196.8
HYD001138;0.0;74.55;135.76;166.99
HYD001139;5.0;56.76;101.62;124.99
HYD001140;0.0;55.0;137.5;169.13
HYD001141;0.0;1275.0;2318.18;2851.36
HYD001142;10.0;6.5;15.44;18.99
HYD001143;0.0;429.88;781.6;961.37
HYD001144;0.0;61.49;137.18;168.73
HYD001145;5.0;6.51;13.02;16.01
HYD001146;0.0;29.86;74.65;91.82
HYD001147;0.0;365.6;664.73;817.62
HYD001148;2.0;69.93;127.15;156.39
HYD001149;0.0;108.61;217.22;267.18
HYD001150;0.0;283.0;514.55;632.9
HYD001151;0.0;68.55;64.0;78.72
HYD001152;0.0;133.88;454.55;559.1
HYD001153;0.0;195.0;354.55;436.1
HYD001154;0.0;82.5;165.0;202.95
HYD001155;1.0;18.48;36.96;45.46
HYD001156;1.0;11.49;24.38;29.99
HYD001157;0.0;24.75;247.5;304.43
HYD001158;0.0;32.7;163.5;201.11
HYD001159;0.0;110.92;203.24;249.99
HYD001160;0.0;3.51;17.55;21.59
HYD001161;0.0;3.56;8.9;10.95
HYD001162;1.0;232.99;589.0;724.47
HYD001163;0.0;278.69;619.31;761.75
HYD001164;0.0;1621.62;2948.4;3626.53
HYD001165;0.0;7.87;14.31;17.6
HYD001166;3.0;35.4;65.03;79.99
HYD001167;2.0;42.72;79.6;97.91
HYD001168;2.0;8.5;41.64;51.22
HYD001169;0.0;15.0;28.45;34.99
HYD001170;0.0;18.0;32.51;39.99
HYD001171;7.0;70.0;233.33;287.0
HYD001172;1.0;130.0;236.36;290.72
HYD001173;1.0;15.0;28.45;34.99
HYD001174;4.0;98.95;178.85;219.99
HYD001175;2.0;23.5;40.64;49.99
HYD001176;0.0;50.7;101.4;124.72
HYD001177;1.0;32.82;59.67;73.39
HYD001178;1.0;8.18;16.36;20.12
HYD001179;6.0;8.51;16.25;19.99
HYD001180;2.0;4.18;8.93;10.99
HYD001181;1.0;16.88;32.51;39.99
HYD001182;0.0;34.97;60.97;74.99
HYD001183;0.0;34.97;60.97;74.99
HYD001184;1.0;60.0;138.2;169.99
HYD001185;0.0;95.0;174.79;214.99
HYD001186;0.0;40.25;80.5;99.02
HYD001187;2.0;33.0;73.33;90.2
HYD001188;1.0;196.92;393.84;484.42
HYD001189;1.0;96.02;174.58;214.73
HYD001190;0.0;10.45;21.13;25.99
HYD001191;0.0;44.23;110.58;136.01
HYD001192;0.0;182.35;358.4;440.83
HYD001193;1.0;17.0;30.89;37.99
HYD001194;0.0;65.8;109.67;134.89
HYD001195;0.0;135.0;225.0;276.75
HYD001196;0.0;36.5;91.25;112.24
HYD001197;0.0;12.0;110.0;135.3
HYD001198;2.0;2.5;25.0;30.75
HYD001199;0.0;19.47;35.4;43.54
HYD001200;2.0;33.14;60.15;73.99
HYD001201;0.0;35.4;65.03;79.99
HYD001202;2.0;205.0;597.55;734.99
HYD001203;0.0;8.0;14.55;17.9
HYD001204;1.0;237.0;394.3;484.99
HYD001205;5.0;35.0;203.24;249.99
HYD001206;1.0;30.81;59.34;72.99
HYD001207;0.0;30.0;60.0;73.8
HYD001208;1.0;1306.37;2612.74;3213.67
HYD001209;0.0;7.0;16.25;19.99
HYD001210;2.0;8.5;16.25;19.99
HYD001211;0.0;60.0;120.0;147.6
HYD001212;0.0;32.52;80.0;98.4
HYD001213;1.0;14.9;29.26;35.99
HYD001214;0.0;14.9;29.26;35.99
HYD001215;1.0;15.0;30.07;36.99
HYD001216;1.0;7.5;16.25;19.99
HYD001217;1.0;6.7;13.81;16.99
HYD001218;2.0;230.37;356.67;438.7
HYD001219;0.0;397.25;794.5;977.24
HYD001220;17.0;1.62;4.05;4.98
HYD001221;20.0;2.05;0.0;0.0
HYD001222;10.0;3.41;8.93;10.99
HYD001223;0.0;215.94;392.62;482.92
HYD001224;0.0;2542.59;4237.65;5212.31
HYD001225;2.0;40.0;80.0;98.4
HYD001226;1.0;4.75;9.5;11.69
HYD001227;6.0;2.34;3.9;4.8
HYD001228;2.0;14.45;16.25;19.99
HYD001229;0.0;145.0;290.0;356.7
HYD001230;2.0;46.47;93.49;114.99
HYD001231;0.0;412.3;749.64;922.06
HYD001232;5.0;1.8;3.6;4.43
HYD001233;4.0;59.45;203.24;249.99
HYD001234;2.0;7.0;14.0;17.22
HYD001235;0.0;211.55;423.1;520.41
HYD001236;0.0;61.38;122.76;150.99
HYD001237;0.0;2000.64;3637.53;4474.16
HYD001238;2.0;162.27;0.0;0.0
HYD001239;1.0;69.17;125.76;154.68
HYD001240;1.0;237.47;0.0;0.0
HYD001241;1.0;35.0;70.0;86.1
HYD001242;2.0;1.44;2.88;3.54
HYD001243;2.0;29.0;58.0;71.34
HYD001244;0.0;28.11;51.11;62.87
HYD001245;1.0;240.79;401.32;493.62
HYD001246;1.0;71.32;118.87;146.21
HYD001247;1.0;88.57;147.62;181.57
HYD001248;1.0;45.46;82.65;101.66
HYD001249;0.0;84.23;153.15;188.37
HYD001250;1.0;66.15;220.5;271.22
HYD001251;0.0;223.01;446.02;548.6
HYD001252;0.0;324.69;649.38;798.74
HYD001253;1.0;23.5;42.73;52.56
HYD001254;0.0;25.0;50.0;61.5
HYD001255;1.0;53.94;107.88;132.69
HYD001256;0.0;94.0;188.0;231.24
INNE0010;0.0;117.5;195.11;239.99
INNE0011;0.0;239.0;339.02;416.99
INNE0018;0.0;5.79;9.75;11.99
INNE0021;10.0;2.33;4.06;4.99
INNE0031;4.0;12.0;156.09;191.99
INNE0035;42.0;28.73;69.1;84.99
INNE0039;1.0;40.4;61.78;75.99
INNE0040;10.0;6.92;10.56;12.99
INNE0041;0.0;12.35;24.38;29.99
INNE0042;0.0;15.5;28.45;34.99
INNE0045;0.0;15.5;28.18;34.66
INNE0046;0.0;2.17;4.06;4.99
INNE0047;0.0;2.35;4.06;4.99
INNE0048;0.0;17.31;28.85;35.49
INNE0049;0.0;31.72;52.84;64.99
INNE0050;103.0;20.0;40.64;49.99
INNE0051;0.0;127.3;223.57;274.99
INNE0054;0.0;162.5;254.77;313.37
INNE0055;0.0;14.8;21.13;25.99
INNE0057;2.0;21.16;38.47;47.32
INNE0058;0.0;1800.0;2769.23;3406.15
INNE0059;0.0;6.2;11.37;13.99
INNE0060;0.0;243.94;443.53;545.54
INNE0061;0.0;5193.5;8800.0;10824.0
INNE0062;1.0;80.0;145.52;178.99
INNE0063;0.0;240.0;398.37;489.99
INNE0064;0.0;152.0;155.56;191.34
INNE0065;0.0;2119.0;5257.72;6466.99
INNE0066;0.0;8.98;14.97;18.41
INNE0068;3.0;32.25;58.64;72.13
INNE0069;0.0;314.14;644.36;792.56
INNE0071;0.0;156.65;215.44;264.99
INNE0072;1.0;46.95;109.75;134.99
INNE0073;0.0;360.0;666.67;820.0
INNE0075;0.0;0.89;1.62;1.99
INNE0076;0.0;1.85;3.36;4.13
INNE0077;1.0;10.45;88.43;108.77
INNE0078;2.0;20.0;81.03;99.67
INNE0079;1.0;91.71;203.8;250.67
INNE0080;0.0;178.25;297.08;365.41
INNE0081;0.0;87.4;250.0;307.5
INNE0083;10.0;2.2;5.52;6.79
INNE0084;0.0;141.17;66.67;82.0
INNE0085;0.0;70.0;116.67;143.5
INNE0086;0.0;7.5;19.1;23.49
INNE0087;17.0;7.5;21.94;26.99
INNE0088;0.0;10.0;20.32;24.99
INNE0089;0.0;19.95;23.74;29.2
INNE0090;0.0;12.0;12.12;14.91
INNE0091;0.0;0.71;64.04;78.77
INNE0092;0.0;35.0;131.11;161.27
INNE0093;1.0;6.5;21.67;26.65
INNE0094;0.0;48.78;98.0;120.54
INNE0095;0.0;15.6;29.61;31.98
INNE0096;0.0;15.6;26.0;31.98
INNE0097;0.0;29.9;44.57;54.82
INNE0098;0.0;98.0;233.33;287.0
INNE0099;0.0;0.0;0.0;0.0
INNE0100;0.0;1300.81;1252.03;1540.0
INNE0101;0.0;5700.0;9500.0;11685.0
INNE0102;0.0;138.0;276.0;339.48
INNE0103;0.0;25.9;32.38;39.83
INNE0104;0.0;203.94;388.61;477.99
INNE0105;0.0;700.0;1166.67;1435.0
INNE0106;0.0;180.66;361.32;444.42
INNE0107;0.0;4.0;10.5;12.92
INNE0108;0.0;5.2;13.0;15.99
INNE0109;0.0;360.98;515.69;634.3
INNE0111;0.0;0.7;2.43;2.99
INNE0112;26.0;0.7;2.43;2.99
INNE0114;0.0;45.0;64.81;69.99
INNE0115;0.0;23.0;40.64;49.99
INNE0116;0.0;18.5;31.2;38.38
INNE0117;0.0;58.74;85.36;104.99
INNE0118;0.0;2.71;13.55;16.67
INNE0119;0.0;10.56;26.4;32.47
INNE0120;0.0;27.55;63.85;78.54
INNE0121;194.0;1.4;4.62;4.99
INNE0122;0.0;200.05;341.67;420.25
INNE0123;0.0;43.9;73.17;90.0
INNE0124;0.0;17.0;39.8;48.95
INNE0126;4.0;211.33;365.85;449.99
INNE0127;4.0;157.95;276.41;339.99
INNE0128;6.0;53.85;97.91;120.43
INNE0129;6.0;39.58;51.21;62.99
INNE0130;0.0;17.28;33.16;40.79
INNE0131;1.0;44.72;78.85;96.99
INNE0132;0.0;36.59;217.58;267.62
INNE0133;7.0;11.4;19.5;23.99
INNE0135;0.0;154.35;257.25;316.42
INNE0136;0.0;141.4;235.67;289.87
INNE0137;2.0;5.27;5.02;6.17
INNE0138;8.0;15.0;28.75;35.36
INNE0139;0.0;182.12;207.6;255.35
INNE0140;8.0;13.08;21.94;26.99
INNE0141;4.0;13.08;21.94;26.99
INNE0142;7.0;13.08;21.94;26.99
INNE0143;5.0;13.08;21.94;26.99
INNE0144;7.0;13.08;21.94;26.99
INNE0145;5.0;25.61;43.08;52.99
INNE0146;5.0;25.61;43.08;52.99
INNE0147;4.0;25.61;43.08;52.99
INNE0148;6.0;25.61;43.08;52.99
INNE0149;4.0;25.61;43.08;52.99
INNE0150;5.0;25.61;43.08;52.99
INNE0151;0.0;829.44;1276.06;1569.55
INNE0152;0.0;103.1;206.2;253.63
INNE0153;3.0;3.67;6.65;8.18
INNE0154;0.0;180.4;243.89;299.99
INNE0155;0.0;108.95;145.27;178.68
INNE0156;0.0;22.81;30.41;37.4
INNE0157;0.0;8.0;13.33;16.4
INNE0158;2.0;38.92;64.44;79.26
INNE0159;0.0;42.9;71.5;87.95
INNE0160;8.0;34.5;69.91;85.99
INNE0161;4.0;46.0;85.36;104.99
INNE0162;3.0;80.0;134.14;164.99
INNE0163;0.0;32.0;53.33;65.6
INNE0164;0.0;6.0;10.0;12.3
INNE0165;0.0;4.0;8.33;10.25
INNE0166;0.0;6.5;10.83;13.32
INNE0167;0.0;8.0;13.33;16.4
INNE0168;0.0;3.0;5.83;7.17
INNE0169;0.0;11.0;18.33;22.55
INNE0170;0.0;61.0;101.67;125.05
INNE0171;0.0;0.7;2.19;2.69
INNE0172;0.0;187.5;127.75;157.13
INNE0173;0.0;34.5;65.03;79.99
INNE0174;0.0;8.73;14.55;17.9
INNE0175;0.0;64.56;80.7;99.26
INNE0176;0.0;5.8;10.56;12.99
INNE0177;3.0;80.96;134.95;165.99
INNE0178;0.0;35.0;50.0;61.5
INNE0179;0.0;32.0;81.29;99.99
INNE0180;0.0;233.75;425.0;522.75
INNE0181;0.0;300.0;600.0;738.0
INNE0182;0.0;49.0;122.5;150.68
INNE0183;0.0;350.0;700.0;861.0
INNE0184;0.0;120.39;62.0;76.26
INNE0185;0.0;180.0;360.0;442.8
INNE0186;0.0;350.0;583.33;717.5
INNE0187;1.0;155.25;260.15;319.99
INNE0188;0.0;84.0;140.0;172.2
INNE0189;0.0;4.0;10.0;12.3
INNE0190;0.0;75.0;125.0;153.75
INNE0191;0.0;13.9;30.0;36.9
INNE0192;0.0;17.0;30.91;38.02
INNE0193;0.0;57.0;95.0;116.85
INNE0194;0.0;4.0;10.0;12.3
INNE0195;6.0;12.0;41.45;50.98
INNE0196;0.0;13.9;26.18;32.2
INNE0204;0.0;270.0;540.0;664.2
INNE0205;3.0;9.2;17.07;20.99
INNE0206;0.0;18.0;52.84;64.99
INNE0207;0.0;36.0;105.68;129.99
INNE0208;0.0;72.0;162.59;199.99
INNE0209;0.0;115.0;287.5;353.63
INNE0210;0.0;32.08;100.8;123.99
INNE0211;0.0;1125.2;2306.67;2837.2
INNE0212;0.0;120.09;269.09;330.98
INNE0213;1.0;9.2;20.32;24.99
INNE0214;0.0;186.18;338.51;416.37
INNE0215;0.0;105.0;161.54;198.69
INNE0216;0.0;50.0;125.0;153.75
INNE0217;0.0;769.5;1473.16;1811.99
INNE0218;0.0;1078.25;1991.86;2449.99
INNE0219;0.0;462.0;609.75;749.99
INNE0220;0.0;462.0;770.0;947.1
INNE0221;0.0;18.0;37.03;39.99
INNE0222;0.0;75.0;108.75;133.76
INNE0223;4.0;87.61;158.53;194.99
INNE0224;0.0;29.64;81.29;99.99
INNE0225;3.0;20.9;37.4;46.0
INNE0226;0.0;618.97;1125.4;1384.24
INNE0227;0.0;17.0;30.89;37.99
INNE0228;0.0;299.73;375.61;462.0
INNE0229;0.0;7.72;19.3;23.74
INNE0230;0.0;3.98;7.96;9.79
INNE0231;0.0;5.34;10.68;13.14
INNE0232;0.0;61.98;103.3;127.06
INNE0233;0.0;72.02;83.75;103.01
INNE0234;0.0;5.03;10.06;12.37
INNE0235;0.0;267.6;400.0;492.0
INNE0236;0.0;12.0;24.0;29.52
INNE0237;0.0;17.0;38.2;46.99
INNE0238;1.0;9.5;20.32;24.99
INNE0239;0.0;112.0;304.88;375.0
INNE0240;1.0;35.22;171.07;210.42
INNE0241;0.0;113.37;283.43;348.62
INNE0242;3.0;13.0;37.39;45.99
INNE0243;0.0;37.0;65.03;79.99
INNE0244;0.0;14.63;24.38;29.99
INNE0245;0.0;89.59;181.29;222.99
INNE0246;9.0;264.67;530.89;652.99
INNE0247;5.0;318.01;638.2;784.99
INNE0248;1.0;65.0;113.81;139.99
INNE0249;1.0;16.1;26.82;32.99
INNE0250;27.0;7.25;20.32;24.99
INNE0251;22.0;36.0;105.68;129.99
INNE0252;0.0;28.46;71.15;87.51
INNE0253;3.0;212.5;475.6;584.99
INNE0254;0.0;28.75;48.74;59.95
INNE0255;2.0;125.35;207.31;254.99
INNE0256;0.0;71.8;121.94;149.99
INNE0257;0.0;70.5;121.94;149.99
INNE0258;0.0;17.5;32.51;39.99
INNE0260;0.0;5.99;6.59;8.11
INNE0261;0.0;6.49;9.27;11.4
INNE0262;0.0;4.59;5.05;6.21
INNE0263;0.0;5.69;6.32;7.77
INNE0264;0.0;215.0;357.72;439.99
INNE0266;0.0;7.5;13.0;15.99
INNE0267;0.0;8.19;18.51;19.99
INNE0268;0.0;15.63;26.82;32.99
INNE0269;0.0;5.1;11.37;13.99
INNE0270;0.0;6.61;13.0;15.99
INNE0271;0.0;14.0;36.58;44.99
INNE0272;0.0;88.55;162.59;199.99
INNE0273;0.0;17.5;32.51;39.99
INNE0274;0.0;235.0;427.27;525.54
INNE0275;0.0;25.0;110.56;135.99
INNE0276;0.0;113.57;227.14;279.38
INNE0277;0.0;187.09;374.18;460.24
INNE0278;3.0;61.03;146.33;179.99
INNE0279;0.0;178.25;296.74;364.99
INNE0280;0.0;88.55;162.59;199.99
INNE0281;2.0;110.4;199.18;244.99
INNE0282;3.0;212.75;386.17;474.99
INNE0283;0.0;63.77;116.25;142.99
INNE0284;11.0;43.0;85.36;104.99
INNE0285;2.0;29.8;52.73;56.95
INNE0286;0.0;20.0;36.58;44.99
INNE0287;0.0;8.99;18.69;22.99
INNE0288;0.0;370.0;618.18;760.36
INNE0289;0.0;160.0;149.0;183.27
INNE0290;2.0;235.75;428.64;527.23
INNE0291;2.0;304.75;508.12;624.99
INNE0292;0.0;9.86;17.58;18.99
INNE0293;0.0;25.0;50.4;61.99
INNE0294;0.0;7.04;16.25;19.99
INNE0296;0.0;10.3;18.69;22.99
INNE0297;0.0;12.0;21.13;25.99
INNE0298;0.0;8.35;14.63;17.99
INNE0299;0.0;12.0;21.94;26.99
INNE0300;1.0;8.0;14.63;17.99
INNE0301;2.0;30.0;55.28;67.99
INNE0303;1.0;40.25;67.47;82.99
INNE0304;0.0;74.0;134.95;165.99
INNE0305;0.0;60.0;154.46;189.99
INNE0306;0.0;17.5;32.51;39.99
INNE0307;0.0;30.0;54.55;67.1
INNE0308;0.0;260.0;473.16;581.99
INNE0309;0.0;26.0;47.27;58.14
INNE0310;0.0;60.5;100.8;123.99
INNE0311;0.0;17.05;20.32;24.99
INNE0312;0.0;40.4;73.45;90.34
INNE0313;1.0;9.0;16.36;20.12
INNE0314;0.0;50.0;89.42;109.99
INNE0315;0.0;73.17;73.17;90.0
INNE0316;17.0;4.4;8.93;10.99
INNE0317;0.0;79.49;146.33;179.99
INNE0318;0.0;3.18;8.12;9.99
INNE0319;0.0;6.59;12.19;14.99
INNE0320;0.0;446.26;848.56;1043.73
INNE0322;57.0;2.0;4.06;4.99
INNE0323;0.0;79.41;130.07;159.99
INNE0324;0.0;73.17;73.17;90.0
INNE0325;0.0;1550.0;2818.18;3466.36
INNE0326;0.0;7.79;14.63;17.99
INNE0327;9.0;7.79;14.63;17.99
INNE0328;0.0;55.53;100.96;124.18
INNE0329;0.0;59.95;109.0;134.07
INNE0330;0.0;145.0;123.25;151.6
INNE0331;0.0;198.0;330.0;405.9
INNE0332;0.0;18.29;36.58;44.99
INNE0333;0.0;8.33;15.44;18.99
INNE0334;0.0;88.41;148.77;182.99
INNE0335;0.0;37.0;67.27;82.74
INNE0336;30.0;16.0;32.52;40.0
INNE0337;23.0;16.0;32.52;40.0
INNE0338;26.0;16.0;32.52;40.0
INNE0339;2.0;15.4;32.51;39.99
INNE0340;7.0;23.0;48.77;59.99
INNE0341;0.0;150.0;250.0;307.5
INNE0343;0.0;140.86;281.72;346.52
INNE0344;0.0;112.5;261.76;321.96
INNE0345;0.0;19.91;36.58;44.99
INNE0346;1.0;52.36;93.49;114.99
INNE0347;0.0;75.0;187.5;230.63
INNE0348;0.0;22.32;57.24;70.41
INNE0349;0.0;28.0;70.0;86.1
INNE0350;6.0;6.9;12.95;13.99
INNE0351;0.0;85.1;154.46;189.99
INNE0352;0.0;85.1;154.46;189.99
INNE0353;3.0;85.1;154.46;189.99
INNE0354;0.0;429.63;954.73;1174.32
INNE0355;0.0;25.7;56.9;69.99
INNE0356;1.0;40.0;73.16;89.99
INNE0357;0.0;20.06;0.0;0.0
INNE0358;0.0;28.46;51.75;63.65
INNE0359;0.0;13.82;25.13;30.91
INNE0360;0.0;17.48;21.5;26.45
INNE0361;72.0;49.0;17.07;20.99
INNE0362;0.0;67.36;302.4;371.95
INNE0364;2.0;15.4;32.51;39.99
INNE0365;7.0;23.0;48.77;59.99
INNE0366;1.0;10.7;21.4;26.32
INNE0367;0.0;36.0;65.45;80.5
INNE0368;37.0;95.0;203.24;249.99
INNE0369;0.0;22.0;55.0;67.65
INNE0370;0.0;24.5;59.0;72.57
INNE0371;0.0;6.9;12.19;14.99
INNE0372;0.0;6.9;12.19;14.99
INNE0373;0.0;5.12;9.75;11.99
INNE0374;0.0;6.25;11.37;13.99
INNE0375;0.0;39.78;72.35;88.99
INNE0376;0.0;39.78;72.35;88.99
INNE0377;0.0;39.78;72.35;88.99
INNE0378;5.0;6.04;11.37;13.99
INNE0379;0.0;14.8;20.0;24.6
INNE0380;0.0;93.9;156.5;192.5
INNE0381;0.0;93.9;156.5;192.5
INNE0382;1.0;178.25;325.2;399.99
INNE0383;3.0;264.67;489.24;601.77
INNE0384;1.0;16.2;34.36;42.26
INNE0385;0.0;13.74;27.48;33.8
INNE0386;0.0;5.15;8.12;9.99
INNE0387;7.0;1.0;3.0;3.69
INNE0388;0.0;13.5;24.55;30.2
INNE0389;0.0;11.5;20.91;25.72
INNE0390;0.0;7.3;7.3;8.98
INNE0393;0.0;20.43;20.43;25.13
INNE0395;0.0;4015.0;6096.75;7499.0
INNE0396;0.0;19.79;36.58;44.99
INNE0397;0.0;891.44;1485.73;1827.45
INNE0398;0.0;10.65;19.36;23.81
INNE0399;0.0;11.1;20.18;24.82
INNE0400;0.0;231.2;420.36;517.04
INNE0401;0.0;6.49;13.0;15.99
INNE0402;0.0;12.87;25.38;31.22
INNE0403;0.0;7.79;13.81;16.99
INNE0404;3.0;6.99;12.19;14.99
INNE0405;42.0;6.3;10.91;13.42
INNE0406;0.0;15.04;38.2;46.99
INNE0407;0.0;40.0;0.0;0.0
INNE0408;9.0;23.0;44.71;54.99
INNE0409;0.0;102.35;186.98;229.99
INNE0410;0.0;9.88;18.05;19.49
INNE0411;1.0;9.39;19.5;23.99
INNE0412;0.0;382.5;382.5;470.48
INNE0413;7.0;11.48;28.85;35.49
INNE0414;5.0;34.45;69.26;85.19
INNE0415;0.0;30.0;60.0;73.8
INNE0416;0.0;1.22;2.44;3.0
INNE0417;3.0;55.21;100.8;123.99
INNE0418;0.0;300.0;300.0;369.0
INNE0419;3.0;25.61;43.08;52.99
INNE0420;4.0;13.08;21.94;26.99
INNE0422;0.0;9.2;26.82;32.99
INNE0423;3.0;96.0;182.92;224.99
INNE0424;4.0;16.1;16.74;20.59
INNE0425;1.0;93.12;162.59;199.99
INNE0426;0.0;16.56;30.11;37.04
INNE0427;0.0;1.74;3.48;4.28
INNE0428;0.0;7.36;13.38;16.46
INNE0429;0.0;7.86;14.29;17.58
INNE0430;6.0;8.29;17.02;18.38
INNE0431;2.0;156.25;284.54;349.99
INNE0432;1.0;9.2;17.07;20.99
INNE0433;2.0;12.0;21.94;26.99
INNE0434;7.0;7.5;16.25;19.99
INNE0435;0.0;120.0;240.0;295.2
INNE0436;6.0;5.36;26.8;32.96
INNE0437;43.0;1.0;44.71;54.99
INNE0438;0.0;11.47;10.0;12.3
INNE0439;2.0;15.4;32.51;39.99
INNE0440;1.0;182.85;333.33;409.99
INNE0441;0.0;110.25;221.13;271.99
INNE0442;6.0;13.8;24.38;29.99
INNE0443;0.0;0.0;0.0;0.0
INNE0444;6.0;12.0;28.45;34.99
INNE0445;24.0;12.9;26.01;31.99
INNE0447;0.0;25.2;45.82;56.36
INNE0448;0.0;9.6;17.45;18.85
INNE0449;7.0;16.79;30.53;37.55
INNE0450;0.0;34.0;61.82;76.04
INNE0451;0.0;9.45;17.18;21.13
INNE0452;2.0;54.4;74.45;91.57
INNE0453;0.0;7.0;13.31;16.37
INNE0454;4.0;25.61;43.08;52.99
INNE0455;4.0;25.61;43.08;52.99
INNE0456;6.0;13.08;21.94;26.99
INNE0457;5.0;13.08;21.94;26.99
INNE0458;4.0;13.08;21.94;26.99
INNE0459;0.0;122.85;223.36;274.73
INNE0461;0.0;241.5;439.09;540.08
INNE0470;1.0;52.16;93.49;114.99
INNE0471;48.0;19.7;36.09;44.39
INNE0472;37.0;13.19;24.38;29.99
INNE0473;4.0;47.7;162.59;199.99
INNE0474;0.0;4.15;12.75;15.68
INNE0475;5.0;52.5;105.68;129.99
INNE0476;3.0;57.75;105.68;129.99
INNE0477;2.0;37.8;68.73;84.54
INNE0478;1.0;29.82;54.22;66.69
INNE0479;2.0;12.85;0.0;0.0
INNE0480;0.0;0.85;1.7;2.09
INNE0481;1.0;23.25;39.02;47.99
INNE0482;0.0;9.71;16.25;19.99
INNE0483;2.0;6.92;10.56;12.99
INNE0484;4.0;11.61;20.32;24.99
INNE0485;4.0;21.0;34.95;42.99
INNE0486;1.0;8.47;12.19;14.99
INNE0487;2.0;8.1;12.19;14.99
INNE0488;4.0;3.61;8.12;9.99
INNE0489;7.0;18.72;29.26;35.99
INNE0490;1.0;14.16;21.94;26.99
INNE0491;8.0;9.99;16.25;19.99
INNE0492;5.0;13.85;21.94;26.99
INNE0496;2.0;38.15;59.34;72.99
INNE0497;2.0;23.44;36.58;44.99
INNE0498;2.0;12.48;19.5;23.99
INNE0499;1.0;27.55;48.77;59.99
INNE0500;5.0;8.17;15.44;18.99
INNE0501;1.0;23.51;42.27;51.99
INNE0502;6.0;7.63;12.19;14.99
INNE0503;10.0;9.7;16.25;19.99
INNE0504;0.0;13.65;24.38;29.99
INNE0505;1.0;50.93;91.86;112.99
INNE0506;4.0;15.12;21.13;25.99
INNE0507;0.0;2.5;4.87;5.99
INNE0508;11.0;2.36;4.06;4.99
INNE0509;1.0;25.6;40.64;49.99
INNE0510;3.0;10.71;16.25;19.99
INNE0511;0.0;0.0;0.0;0.0
INNE0512;0.0;72.0;120.32;147.99
INNE0513;0.0;0.0;0.0;0.0
INNE0514;0.0;8.66;13.81;16.99
INNE0515;0.0;8.45;13.81;16.99
INNE0516;0.0;13.55;21.94;26.99
INNE0517;3.0;43.84;73.16;89.99
INNE0518;5.0;11.88;19.5;23.99
INNE0519;1.0;18.38;29.26;35.99
INNE0520;2.0;10.03;16.25;19.99
INNE0521;0.0;6.5;11.82;14.54
INNE0522;4.0;6.49;10.56;12.99
INNE0523;10.0;0.13;3.24;3.99
INNE0524;4.0;20.39;32.51;39.99
INNE0525;3.0;9.11;14.63;17.99
INNE0527;1.0;17.07;21.94;26.99
INNE0528;1.0;10.16;16.25;19.99
INNE0529;4.0;22.45;36.58;44.99
INNE0530;1.0;15.75;26.01;31.99
INNE0531;2.0;14.57;23.57;28.99
INNE0532;1.0;11.19;16.25;19.99
INNE0533;2.0;3.33;5.68;6.99
INNE0534;1.0;33.08;54.46;66.99
INNE0535;1.0;33.08;54.46;66.99
INNE0536;1.0;14.57;24.38;29.99
INNE0537;1.0;4.25;6.5;7.99
INNE0538;2.0;9.92;16.25;19.99
INNE0539;0.0;90.56;150.4;184.99
INNE0540;31.0;6.05;9.75;11.99
INNE0541;2.0;10.29;17.07;20.99
INNE0542;15.0;9.11;15.44;18.99
INNE0543;2.0;5.36;8.93;10.99
INNE0544;1.0;26.27;43.89;53.99
INNE0545;1.0;28.54;47.15;57.99
INNE0546;14.0;35.0;63.64;78.28
INNE0547;1.0;7.38;12.19;14.99
INNE0548;2.0;33.6;52.84;64.99
INNE0549;2.0;46.11;65.03;79.99
INNE0550;1.0;4.72;6.5;7.99
INNE0551;3.0;3.14;4.87;5.99
INNE0552;1.0;3.34;5.68;6.99
INNE0553;6.0;4.09;7.31;8.99
INNE0554;6.0;4.99;11.1;11.99
INNE0555;2.0;36.6;60.97;74.99
INNE0556;2.0;45.5;73.16;89.99
INNE0557;1.0;16.15;26.82;32.99
INNE0558;3.0;2.36;4.06;4.99
INNE0559;0.0;15.0;30.0;36.9
INNE0560;0.0;69.46;229.0;281.67
INNE0561;1.0;32.04;53.4;65.68
INNE0562;1.0;9.99;17.07;20.99
INNE0563;14.0;5.19;10.56;12.99
INNE0564;2.0;83.95;225.0;243.0
INNE0565;9.0;82.8;225.0;243.0
INNE0566;0.0;47.7;94.3;115.99
INNE0567;0.0;29.9;49.59;60.99
INNE0568;0.0;6.47;12.19;14.99
INNE0569;0.0;0.0;0.0;0.0
INNE0570;1.0;1.79;3.58;4.4
INNE0571;1.0;1.29;2.43;2.99
INNE0572;0.0;0.0;0.0;0.0
INNE0573;43.0;4.7;9.4;11.56
INNE0574;0.0;6.44;11.71;14.4
INNE0575;0.0;3.46;6.29;7.74
INNE0576;0.0;0.57;1.14;1.4
INNE0577;0.0;22.4;40.73;50.1
INNE0578;0.0;22.0;40.0;49.2
INNE0579;0.0;15.5;28.18;34.66
INNE0580;0.0;1.07;1.95;2.4
INNE0581;0.0;25.68;46.69;57.43
INNE0582;3.0;4.75;9.75;11.99
INNE0583;8.0;5.81;12.19;14.99
INNE0584;4.0;3.43;3.43;4.22
INNE0585;1.0;18.23;32.51;39.99
INNE0586;2.0;88.06;176.12;216.63
INNE0587;0.0;4.19;7.98;9.82
INNE0588;3.0;58.0;105.68;129.99
INNE0589;21.0;22.0;55.28;67.99
INNE0590;0.0;34.95;64.22;78.99
INNE0591;6.0;7.29;13.0;14.04
INNE0592;0.0;8.19;18.51;19.99
INNE0593;6.0;26.5;52.84;64.99
INNE0594;6.0;26.5;52.84;64.99
INNE0595;6.0;24.5;52.84;64.99
INNE0596;0.0;45.53;82.78;101.82
INNE0597;0.0;31.71;57.65;70.91
INNE0598;0.0;23.17;42.13;51.82
INNE0599;0.0;8.78;15.91;19.57
INNE0600;0.0;6.3;11.45;14.08
INNE0638;0.0;69.45;121.94;149.99
INNE0640;0.0;57.4;104.36;128.36
INNE0644;0.0;94.5;209.09;257.18
INNE0660;0.0;2.5;6.25;7.69
INNE0661;9.0;6.14;10.56;12.99
INNE0667;0.0;63.77;204.29;251.28
INNE0674;20.0;1.45;3.24;3.99
INNE0677;0.0;0.17;1.21;1.49
INNE0682;0.0;11.76;20.32;24.99
INNE0713;0.0;28.0;72.64;89.35
INNE0747;0.0;16.29;24.38;29.99
INNE0759;2.0;79.7;81.29;99.99
INNE0760;2.0;79.7;81.29;99.99
INNE0761;2.0;79.7;81.29;99.99
INNE0762;1.0;115.0;166.66;204.99
INNE0770;0.0;13.4;26.82;32.99
INNE0779;0.0;19.0;31.7;38.99
INNE0798;0.0;3.45;4.87;5.99
INNE0810;9.0;11.96;24.38;29.99
INNE0811;0.0;11.4;19.5;23.99
INNE0812;0.0;8.96;16.25;19.99
INNE0813;0.0;182.93;332.6;409.1
INNE0817;267.0;0.85;1.73;2.13
INNE0820;55.0;1.01;1.84;2.26
INNE0821;0.0;4.37;7.31;8.99
INNE0866;0.0;4.1;6.5;7.99
INNE0870;0.0;758.0;813.0;999.99
INNE0874;0.0;18.95;34.95;42.99
INNE0878;0.0;92.68;116.25;142.99
INNE0879;0.0;38.3;85.36;104.99
INNE0899;2.0;97.75;162.59;199.99
INNE0901;1.0;253.0;504.06;619.99
INNE0903;0.0;65.9;121.94;149.99
INNE0908;3.0;13.64;17.88;21.99
INNE0912;0.0;12.95;23.57;28.99
INNE0938;2.0;49.45;100.8;123.99
INNE0945;0.0;151.0;250.4;307.99
INNE0950;0.0;82.0;135.76;166.99
INNE0951;0.0;73.2;121.94;149.99
INNE0955;0.0;0.81;1.62;1.99
INNE0959;0.0;5.06;7.72;9.49
INNE0968;0.0;60.05;79.67;97.99
INNE0992;3.0;178.0;296.74;364.99
INNE0998;0.0;40.63;68.28;83.99
INNE1000;0.0;7.7;14.0;17.22
INNE1006;61.0;1.22;5.68;6.99
INNE1008;0.0;32.5;65.0;79.95
INNE1017;15.0;1.19;4.87;5.99
INNE1024;4.0;17.1;121.94;149.99
INNE1030;0.0;43.6;65.03;79.99
INNE1041;0.0;18.76;36.24;44.58
INNE1043;0.0;20.36;29.26;35.99
INNE1047;9.0;1.26;2.43;2.99
INNE1048;0.0;6.51;11.84;14.56
INNE1060;2.0;6.0;13.81;16.99
INNE1061;0.0;3.6;9.0;11.07
INNE1068;0.0;71.0;117.07;143.99
INNE1069;0.0;12.81;20.32;24.99
INNE1078;0.0;33.6;47.96;58.99
INNE1079;0.0;8.03;16.25;19.99
INNE1094;0.0;6.01;12.02;14.78
JAC000003;8.0;12.04;21.13;25.99
JAC000005;12.0;12.29;24.38;29.99
JAC000006;18.0;17.89;33.33;40.99
JAC000007;4.0;6.34;12.19;14.99
JAC000008;14.0;3.72;6.5;7.99
JAC000009;0.0;111.44;150.4;184.99
JAC000012;0.0;7.65;15.44;18.99
JAC000013;30.0;4.43;8.93;10.99
JAC000015;4.0;7.35;13.81;16.99
JAC000017;4.0;13.75;23.57;28.99
JAC000018;43.0;5.5;12.19;14.99
JAC000022;43.0;1.45;3.24;3.99
JAC000023;0.0;3.28;6.5;7.99
JAC000026;4.0;14.66;23.57;28.99
JAC000027;13.0;12.04;21.13;25.99
JAC000028;8.0;15.35;24.38;29.99
JAC000029;0.0;4.5;10.35;12.73
JAC000030;34.0;4.31;8.12;9.99
JAC000031;47.0;4.86;8.93;10.99
JAC000034;14.0;6.99;11.37;13.99
JAC000035;26.0;7.13;12.19;14.99
JAC000036;4.0;11.06;18.69;22.99
JAC000037;5.0;5.24;8.12;9.99
JAC000038;11.0;16.9;30.07;36.99
JAC000039;1.0;7.91;12.19;14.99
JAC000040;5.0;13.9;22.76;27.99
JAC000041;38.0;3.86;6.5;7.99
JAC000042;2.0;23.37;37.39;45.99
JAC000043;0.0;25.05;40.64;49.99
JAC000044;0.0;18.76;34.14;41.99
JAC000045;1.0;11.56;24.38;29.99
JAC000046;4.0;1.49;2.43;2.99
JAC000047;5.0;2.07;3.24;3.99
JAC000048;7.0;1.68;3.24;3.99
JAC000049;0.0;0.0;0.0;0.0
JAX000001;3.0;14.3;28.45;34.99
JAX000002;3.0;52.25;101.62;124.99
JAX000003;0.0;11.4;20.32;24.99
JAX000004;5.0;18.5;26.82;32.99
JAX000005;0.0;23.38;42.27;51.99
JAX000006;22.0;10.18;17.88;21.99
JAX000007;1.0;19.8;36.58;44.99
JAX000009;7.0;9.85;19.5;23.99
JAX000010;6.0;7.43;12.19;14.99
JAX000011;0.0;10.95;20.32;24.99
JAX000012;0.0;5.45;9.75;11.99
JAX000013;0.0;7.45;14.63;17.99
JAX000014;97.0;7.25;15.44;18.99
JAX000016;0.0;5.75;11.37;13.99
JAX000017;0.0;10.14;17.88;21.99
JAX000018;4.0;10.0;18.69;22.99
JAX000019;0.0;19.0;28.45;34.99
JAX000020;0.0;2.0;2.02;2.49
JAX000022;0.0;19.5;35.76;43.99
JAX000023;0.0;18.5;32.51;39.99
JAX000024;0.0;9.75;18.69;22.99
JAX000025;0.0;4.0;7.31;8.99
JAX000026;66.0;31.5;67.47;82.99
JAX000036;0.0;4.25;7.31;8.99
K2000001;5.0;21.17;39.89;49.06
K2000002;2.0;17.25;28.45;34.99
K2000003;3.0;9.42;17.07;20.99
K2000004;4.0;4.28;8.12;9.99
K2000005;11.0;8.43;14.63;17.99
K2000006;2.0;24.08;32.51;39.99
K2000007;1.0;23.22;42.27;51.99
K2000008;4.0;9.85;17.88;21.99
K2000009;3.0;2.5;5.68;6.99
K2000010;4.0;4.6;9.75;11.99
K2000011;3.0;4.31;8.12;9.99
K2000012;2.0;15.26;28.45;34.99
K2000013;2.0;10.6;19.5;23.99
K2000014;3.0;5.62;9.75;11.99
K2000015;6.0;5.75;10.56;12.99
K2000016;3.0;8.15;12.19;14.99
K2000017;2.0;13.76;24.38;29.99
K2000018;6.0;15.21;26.82;32.99
K2000019;7.0;9.65;16.25;19.99
K2000020;5.0;6.45;11.37;13.99
K2000021;8.0;13.9;21.13;25.99
K2000022;3.0;8.88;16.25;19.99
K2000023;2.0;19.16;34.14;41.99
K2000024;3.0;6.94;15.44;18.99
K2000025;3.0;29.37;53.65;65.99
K2000026;3.0;13.06;24.38;29.99
K2000027;5.0;20.59;37.39;45.99
K2000028;9.0;9.0;16.25;19.99
K2000029;2.0;7.74;13.81;16.99
K2000030;6.0;6.28;16.25;19.99
K2000031;1.0;0.95;2.02;2.49
K2000032;1.0;27.31;48.77;59.99
K2000033;1.0;24.57;44.67;54.94
K2000034;3.0;12.01;22.76;27.99
K2000035;2.0;9.44;17.88;21.99
K2000036;11.0;12.96;24.38;29.99
K2000038;7.0;12.23;20.32;24.99
K2000039;12.0;11.42;21.13;25.99
K2000040;3.0;6.22;11.37;13.99
K2000041;0.0;36.21;65.03;79.99
K2000042;8.0;1.11;2.02;2.49
K2000043;3.0;5.49;9.75;11.99
K2000044;1.0;4.05;7.31;8.99
K2000045;1.0;204.75;372.27;457.89
K2000046;2.0;9.01;16.25;19.99
K2000047;3.0;9.01;16.25;19.99
K2000048;2.0;9.01;16.25;19.99
K2000049;2.0;9.42;16.25;19.99
K2000050;3.0;9.01;16.25;19.99
K2000051;3.0;9.01;16.25;19.99
K2000052;2.0;9.43;16.25;19.99
K2000053;3.0;9.01;16.25;19.99
K2000054;2.0;9.01;16.25;19.99
K2000055;2.0;9.01;16.25;19.99
K2000056;2.0;19.67;35.76;43.99
K2000057;2.0;19.67;35.76;43.99
K2000058;2.0;19.67;35.76;43.99
K2000059;2.0;20.5;35.76;43.99
K2000060;3.0;19.67;35.76;43.99
K2000061;2.0;19.67;35.76;43.99
K2000062;2.0;19.67;35.76;43.99
K2000063;2.0;19.67;35.76;43.99
K2000064;3.0;19.75;35.76;43.99
K2000065;6.0;14.54;24.38;29.99
K2000066;6.0;19.31;35.11;43.19
KAL000001;0.0;5.96;9.75;11.99
KAL000006;4.0;13.1;23.57;28.99
KAL000008;9.0;8.78;14.63;17.99
KAL000009;5.0;23.4;39.02;47.99
KAL000010;0.0;23.4;39.02;47.99
KAL000011;4.0;23.4;39.02;47.99
KAL000012;9.0;23.4;39.02;47.99
KAL000013;5.0;23.4;39.02;47.99
KAL000014;6.0;23.4;39.02;47.99
KAL000016;8.0;23.4;39.02;47.99
KAL000017;4.0;23.4;39.02;47.99
KAL000018;4.0;19.8;39.02;47.99
KAL000019;6.0;23.4;39.02;47.99
KAL000020;9.0;23.4;39.02;47.99
KAL000021;6.0;23.4;39.02;47.99
KAL000022;6.0;23.4;39.02;47.99
KAL000023;7.0;8.78;14.63;17.99
KAL000024;6.0;8.78;14.63;17.99
KAL000025;4.0;8.37;14.63;17.99
KAL000026;9.0;8.78;14.63;17.99
KAL000027;8.0;8.78;14.63;17.99
KAL000028;9.0;8.78;14.63;17.99
KAL000029;8.0;8.78;14.63;17.99
KAL000030;8.0;9.21;15.44;18.99
KAL000031;0.0;8.19;15.44;18.99
KAL000032;5.0;9.21;15.44;18.99
KAL000033;0.0;8.19;15.44;18.99
KAL000034;0.0;8.19;15.44;18.99
KAL000035;5.0;9.21;15.44;18.99
KAL000036;0.0;8.19;15.44;18.99
KAL000037;31.0;20.9;38.2;46.99
KAL000038;0.0;3.38;5.68;6.99
KAL000039;11.0;6.57;11.37;13.99
KAL000040;0.0;6.57;11.37;13.99
KAL000041;6.0;6.57;11.37;13.99
KAL000042;10.0;6.57;11.37;13.99
KAL000043;2.0;5.56;11.37;13.99
KAL000044;5.0;6.57;11.37;13.99
KAL000045;3.0;6.57;11.37;13.99
KAL000046;7.0;6.57;11.37;13.99
KAL000047;0.0;6.57;11.37;13.99
KAL000048;11.0;6.57;11.37;13.99
KAL000049;16.0;3.22;6.09;7.49
KAL000050;2.0;3.22;6.09;7.49
KAL000051;0.0;3.22;6.09;7.49
KAL000052;11.0;3.22;6.09;7.49
KAL000053;5.0;23.4;39.02;47.99
KAL000054;8.0;8.78;14.63;17.99
KAL000055;22.0;79.73;219.5;269.99
KAL000056;6.0;23.4;39.02;47.99
KAL000057;6.0;8.78;14.63;17.99
KAL000058;5.0;14.79;28.45;34.99
KAL000059;2.0;14.79;28.45;34.99
KAL000060;9.0;6.57;11.37;13.99
KAL000061;7.0;6.57;11.37;13.99
KAL000062;0.0;8.19;12.19;14.99
KAL000063;0.0;13.1;21.94;26.99
KAL000065;0.0;8.19;15.44;18.99
KAL000066;8.0;24.9;44.71;54.99
KAL000068;0.0;278.29;686.98;844.99
KAL000069;1.0;483.74;862.5;1060.88
KAL000072;0.0;677.24;1704.55;2096.6
KAL000075;0.0;483.0;943.08;1159.99
KAL000076;10.0;250.94;1704.55;2096.6
KAL000078;0.0;1043.0;1869.92;2300.0
KAL000079;10.0;23.4;39.02;47.99
KAL000080;5.0;23.4;39.02;47.99
KAL000081;6.0;8.78;14.63;17.99
KAL000082;4.0;8.78;14.63;17.99
KAL000083;3.0;8.78;14.63;17.99
KAL000084;8.0;8.78;14.63;17.99
KAL000085;5.0;8.78;14.63;17.99
KAL000086;0.0;315.0;609.75;749.99
KAL000087;0.0;1295.0;2357.72;2899.99
KAL000088;0.0;2700.0;3821.13;4699.99
KAL000089;1.0;483.74;862.5;1060.88
KAL000090;0.0;3.22;6.09;7.49
KAL000091;0.0;859.35;2354.55;2896.1
KAL000092;17.0;14.1;23.57;28.99
KAL000093;15.0;14.1;23.57;28.99
KAL000094;20.0;14.1;23.57;28.99
KAL000095;15.0;14.1;23.57;28.99
KAL000096;20.0;14.1;23.57;28.99
KAL000097;11.0;14.1;23.57;28.99
KAL000098;18.0;14.1;23.57;28.99
KAL000099;20.0;14.1;23.57;28.99
KAL000100;0.0;273.0;495.93;609.99
KAL000101;16.0;14.1;23.57;28.99
KAL000102;0.0;1061.2;1868.21;2297.9
KAL000103;1.0;250.94;1704.55;2096.6
KAL000104;0.0;1295.0;2439.02;3000.0
KAL000105;7.0;315.0;569.1;699.99
KAL000107;0.0;29.26;80.48;98.99
KAL000108;3.0;34.93;108.12;132.99
KAL000109;3.0;34.93;108.12;132.99
KAL000110;2.0;34.93;108.12;132.99
KAL000111;0.0;27.3;80.48;98.99
KAL000112;2.0;27.3;80.48;98.99
KAL000113;5.0;27.3;80.48;98.99
KAL000114;1.0;36.27;108.12;132.99
KAL000115;3.0;27.3;80.48;98.99
KAL000116;0.0;39.06;108.12;132.99
KAL000117;2.0;174.65;365.85;449.99
KAL000118;1.0;174.65;365.85;449.99
KAL000119;0.0;136.5;285.36;350.99
KAL000120;2.0;136.5;285.36;350.99
KAL000121;0.0;146.3;285.36;350.99
KAL000122;0.0;39.06;108.12;132.99
KAL000123;1.0;136.5;285.36;350.99
KAL000124;0.0;136.5;285.36;350.99
KAL000125;2.0;27.3;80.48;98.99
KAL000126;2.0;174.65;365.85;449.99
KAL000127;0.0;195.3;365.85;449.99
KAL000128;0.0;39.06;108.12;132.99
KAL000129;1.0;39.06;108.12;132.99
KAL000130;1.0;55.3;108.12;132.99
KAL000131;0.0;39.06;108.12;132.99
KAL000132;2.0;29.26;80.48;98.99
KAL000133;3.0;39.06;108.12;132.99
KAL000135;0.0;146.3;285.36;350.99
KAL000136;2.0;27.3;80.48;98.99
KAL000137;1.0;136.5;285.36;350.99
KAL000138;10.0;8.78;14.63;17.99
KAL000139;4.0;14.79;28.45;34.99
KAL000141;5.0;13.66;28.45;34.99
KAL000142;3.0;14.79;28.45;34.99
KAL000143;4.0;14.79;28.45;34.99
KAL000144;4.0;14.79;28.45;34.99
KAL000145;2.0;14.79;28.45;34.99
KAL000146;0.0;195.3;365.85;449.99
KAL000147;2.0;136.5;285.36;350.99
KAL000148;0.0;136.5;285.36;350.99
KAL000149;0.0;27.3;80.48;98.99
KAL000150;0.0;41.3;80.48;98.99
KAL000151;2.0;174.65;365.85;449.99
KAL000152;0.0;136.5;285.36;350.99
KAL000153;0.0;195.3;365.85;449.99
KAL000154;0.0;146.3;285.36;350.99
KAL000155;0.0;34.93;108.12;132.99
KAL000156;3.0;34.93;108.12;132.99
KAL000157;0.0;174.65;365.85;449.99
KAL000158;2.0;136.5;285.36;350.99
KAL000159;1.0;136.5;285.36;350.99
KAL000160;2.0;29.26;80.48;98.99
KAL000161;0.0;195.3;365.85;449.99
KAL000162;0.0;146.3;285.36;350.99
KAL000163;1.0;27.3;80.48;98.99
KAL000164;3.0;39.06;108.12;132.99
KAL000165;0.0;174.65;365.85;449.99
KAL000166;0.0;174.65;365.85;449.99
KAL000167;2.0;174.65;365.85;449.99
KAL000168;2.0;27.3;80.48;98.99
KAL000169;3.0;14.79;28.45;34.99
KAL000170;2.0;14.79;28.45;34.99
KAL000171;1.0;174.65;365.85;449.99
KAL000172;2.0;136.5;285.36;350.99
KAL000173;50.0;0.01;0.01;0.01
KAL000174;0.0;141.71;248.77;305.99
KAL000175;0.0;273.0;560.97;689.99
KAL000176;3.0;14.79;28.45;34.99
KAL000177;0.0;273.0;560.97;689.99
KAL000178;0.0;392.0;658.53;809.99
KAL000179;0.0;349.3;731.7;899.99
KAL000180;0.0;390.6;731.7;899.99
KAL000181;0.0;273.0;560.97;689.99
KAL000182;3.0;29.26;80.48;98.99
KAL000183;3.0;27.3;80.48;98.99
KAL000184;4.0;27.3;80.48;98.99
KAL000185;0.0;273.0;560.97;689.99
KAL000186;0.0;349.3;731.7;899.99
KAL000187;0.0;292.6;585.36;719.99
KAL000188;0.0;349.3;731.7;899.99
KAL000189;1.0;136.5;285.36;350.99
KAL000190;0.0;195.3;365.85;449.99
KAL000191;5.0;34.93;108.12;132.99
KAL000192;0.0;39.06;108.12;132.99
KAL000193;0.0;174.65;365.85;449.99
KAL000194;4.0;39.06;108.12;132.99
KAL000195;0.0;195.3;365.85;449.99
KAL000196;5.0;34.93;108.12;132.99
KAL000197;0.0;195.3;365.85;449.99
KAL000198;0.0;39.06;108.12;132.99
KAL000199;1.0;174.65;365.85;449.99
KAL000200;4.0;34.93;108.12;132.99
KAL000201;1.0;174.65;365.85;449.99
KAL000202;4.0;34.93;108.12;132.99
KAL000203;0.0;174.65;365.85;449.99
KAL000204;0.0;174.65;365.85;449.99
KAL000205;0.0;39.06;108.12;132.99
KAL000206;0.0;195.3;365.85;449.99
KAL000207;0.0;29.26;80.48;98.99
KAL000208;0.0;146.3;285.36;350.99
KAL000209;0.0;29.26;80.48;98.99
KAL000210;0.0;136.5;285.36;350.99
KAL000211;0.0;195.3;365.85;449.99
KAL000212;0.0;29.26;80.48;98.99
KAL000213;0.0;146.3;285.36;350.99
KAL000214;3.0;14.79;28.45;34.99
KAL000215;9.0;14.1;23.57;28.99
KAL000216;1.0;136.5;285.36;350.99
KAL000217;0.0;273.0;560.97;689.99
KAL000218;1.0;14.79;28.45;34.99
KAL000219;1.0;14.79;28.45;34.99
KAL000220;1.0;14.79;28.45;34.99
KAL000221;0.0;150.0;252.02;309.99
KAL000222;0.0;292.6;560.97;689.99
KAL000223;0.0;273.0;560.97;689.99
KAL000224;84.0;0.07;8.12;9.99
KAL000225;0.0;273.0;560.97;689.99
KAL000226;0.0;195.3;365.85;449.99
KAL000227;2.0;14.79;28.45;34.99
KAL000228;1.0;14.79;28.45;34.99
KAL000229;0.0;349.3;731.7;899.99
KAL000230;0.0;349.3;731.7;899.99
KAL000231;1.0;34.93;108.12;132.99
KAL000232;2.0;174.65;365.85;449.99
KAL000233;0.0;273.0;585.36;719.99
KAL000234;3.0;14.79;28.45;34.99
KAL000235;0.0;34.93;108.12;132.99
KAL000237;0.0;273.0;560.97;689.99
KAL000238;4.0;23.4;39.02;47.99
KAL000239;0.0;273.0;560.97;689.99
KAL000240;8.0;8.78;14.63;17.99
KAL000241;0.0;273.0;560.97;689.99
KAL000242;10.0;9.21;15.44;18.99
KAL000243;0.0;174.65;365.85;449.99
KAL000244;0.0;349.3;731.7;899.99
KAL000245;0.0;349.3;731.7;899.99
KAL000246;0.0;349.3;731.7;899.99
KAL000247;1.0;174.65;365.85;449.99
KAL000248;0.0;390.6;731.7;899.99
KAL000249;0.0;174.65;365.85;449.99
KAL000250;0.0;390.6;731.7;899.99
KAL000251;0.0;349.3;731.7;899.99
KAL000252;0.0;349.3;731.7;899.99
KAL000253;0.0;34.93;108.12;132.99
KAL000254;0.0;27.3;80.48;98.99
KAL000255;4.0;39.06;108.12;132.99
KAL000256;3.0;27.3;80.48;98.99
KAL000257;1.0;136.5;285.36;350.99
KAL000258;0.0;55.3;80.48;98.99
KAL000259;0.0;136.5;285.36;350.99
KAL000260;0.0;195.3;365.85;449.99
KAL000261;4.0;27.3;80.48;98.99
KAL000262;0.0;136.5;285.36;350.99
KAL000263;0.0;55.3;108.12;132.99
KAL000264;0.0;174.65;365.85;449.99
KAL000265;1.0;174.65;365.85;449.99
KAL000266;5.0;35.56;108.12;132.99
KAL000267;0.0;34.93;108.12;132.99
KAL000268;2.0;39.06;108.12;132.99
KAL000269;1.0;34.93;108.12;132.99
KAL000270;4.0;29.26;80.48;98.99
KAL000271;0.0;136.5;285.36;350.99
KAL000272;12.0;13.1;21.94;26.99
KAL000273;8.0;12.5;21.94;26.99
KAL000274;9.0;13.1;21.94;26.99
KAL000275;15.0;13.1;21.94;26.99
KAL000276;10.0;13.1;21.94;26.99
KAL000277;10.0;13.1;21.94;26.99
KAL000278;4.0;13.1;21.94;26.99
KAL000279;4.0;11.49;21.94;26.99
KAL000280;4.0;13.1;21.94;26.99
KAL000281;3.0;11.49;21.94;26.99
KAL000282;9.0;11.49;21.94;26.99
KAL000283;5.0;13.1;21.94;26.99
KAL000284;9.0;13.1;21.94;26.99
KAL000285;6.0;13.1;21.94;26.99
KAL000286;6.0;13.1;21.94;26.99
KAL000287;4.0;13.1;21.94;26.99
KAL000288;5.0;13.1;21.94;26.99
KAL000289;2.0;14.79;28.45;34.99
KAL000290;1.0;14.79;28.45;34.99
KAL000291;1.0;14.79;28.45;34.99
KAL000292;3.0;14.79;28.45;34.99
KAL000293;2.0;14.79;28.45;34.99
KAL000294;2.0;14.79;28.45;34.99
KAL000295;4.0;14.79;28.45;34.99
KAL000296;1.0;14.79;28.45;34.99
KAL000297;1.0;14.79;28.45;34.99
KAL000298;8.0;19.0;39.02;47.99
KAL000299;6.0;119.51;219.5;269.99
KAL000300;6.0;119.51;219.5;269.99
KAL000301;0.0;390.6;731.7;899.99
KAL000302;2.0;14.79;28.45;34.99
KAL000303;0.0;292.6;560.97;689.99
KAL000304;2.0;14.79;28.45;34.99
KAL000305;1.0;14.79;28.45;34.99
KAL000306;8.0;14.1;23.57;28.99
KAL000307;4.0;8.78;14.63;17.99
KAL000308;4.0;11.49;21.94;26.99
KAL000309;6.0;19.8;39.02;47.99
KAL000310;10.0;14.1;23.57;28.99
KAL000311;3.0;14.79;28.45;34.99
KAL000312;2.0;14.79;28.45;34.99
KAL000313;0.0;273.0;560.97;689.99
KAL000314;0.0;273.0;560.97;689.99
KAL000315;0.0;349.3;731.7;899.99
KAL000316;0.0;349.3;731.7;899.99
KAL000317;1.0;0.01;23.57;28.99
KAL000318;0.0;349.3;731.7;899.99
KAL000319;0.0;349.3;731.7;899.99
KAL000320;1.0;250.94;422.76;519.99
KAL000321;8.0;102.26;170.72;209.99
KAR000001;0.0;211.46;376.82;463.49
KAR000002;0.0;240.0;805.2;990.4
KAR000003;51.0;28.16;56.9;69.99
KAR000004;0.0;27.84;55.68;68.49
KAR000005;0.0;2.86;9.53;11.72
KAR000006;0.0;3.46;11.53;14.18
KAR000007;0.0;41.35;75.18;92.47
KAR000008;0.0;278.55;708.33;871.25
KAR000009;0.0;538.9;1077.8;1325.69
KAR000010;0.0;24.92;51.82;63.74
KAR000011;1.0;129.73;259.46;319.14
KAR000012;0.0;575.99;1151.98;1416.94
KAR000013;0.0;65.46;130.92;161.03
KAR000014;0.0;103.1;216.11;265.82
KAR000015;0.0;369.6;672.0;826.56
KAR000016;0.0;99.45;153.0;188.19
KAR000017;0.0;172.78;314.15;386.4
KAR000018;0.0;34.47;62.67;77.08
KAR000019;0.0;295.0;536.36;659.72
KAR000020;1.0;66.29;120.53;148.25
KAR000021;0.0;54.37;127.94;157.37
KAR000022;0.0;30.97;56.31;69.26
KAR000023;0.0;154.34;308.68;379.68
KAR000024;0.0;52.0;105.68;129.99
KAT00004;0.0;115.0;191.05;234.99
KAT00008;0.0;253.0;459.34;564.99
KAT00010;0.0;8.34;13.81;16.99
KAT00018;0.0;400.0;400.0;492.0
KAT00020;0.0;200.0;200.0;246.0
KAT00035;0.0;13.81;24.38;29.99
KAT00036;4.0;86.32;174.79;214.99
KAT00038;1.0;89.37;154.46;189.99
KAT00039;0.0;128.46;214.63;263.99
KAT00040;0.0;29.6;0.0;0.0
KAT00043;0.0;7.75;14.4;17.71
KAT00044;0.0;7.75;14.09;17.33
KAT00047;4.0;18.81;37.04;45.56
KAT00049;0.0;36.0;65.03;79.99
KAT00051;0.0;65.0;173.16;212.99
KAT00054;0.0;0.01;0.01;0.01
KAT00056;1.0;86.39;201.04;247.28
KAT00057;1.0;4.5;59.98;73.78
KAT00058;0.0;16.24;35.82;44.06
KAT00059;0.0;19.35;57.05;70.17
KAT00060;16.0;1.0;2.43;2.99
KAT00062;0.0;22.1;27.63;33.99
KAT00063;0.0;1011.5;2023.0;2488.29
KAT00064;0.0;82.0;103.24;126.99
KAT00065;3.0;13.13;52.03;64.0
KAT00066;3.0;7.3;27.63;33.98
KAT00067;0.0;11.84;17.07;20.99
KAT00071;3.0;1.0;4.07;5.0
KAT00075;0.0;67.03;95.93;117.99
KAT00076;0.0;120.0;186.17;228.99
KAT00078;0.0;23.52;52.27;64.29
KAT00079;0.0;23.52;52.27;64.29
KAT00080;0.0;23.52;52.27;64.29
KAT00094;0.0;1.0;1.78;2.19
KAT00095;0.0;1.2;1.78;2.19
KAT00098;3.0;77.5;150.4;184.99
KAT00121;0.0;2.32;6.12;7.53
KAT00122;3.0;38.62;65.03;79.99
KAT00124;0.0;1300.0;1666.67;2050.0
KAT00125;0.0;1100.0;1410.26;1734.62
KAT00126;0.0;33.33;55.55;68.33
KAT00127;0.0;0.0;0.0;0.0
KAT00130;12.0;9.12;2.2;2.71
KAT00133;626.0;2.93;5.68;6.99
KAT00136;0.0;12.19;16.25;19.99
KAT00138;2.0;8.06;26.82;32.99
KAT00140;0.0;73.17;84.47;103.9
KAT00141;18.0;11.36;30.89;37.99
KAT00144;0.0;248.09;291.87;359.0
KAT00145;0.0;0.0;0.0;0.0
KAT00146;0.0;42.01;76.41;93.99
KAT00148;6.0;9.2;28.45;34.99
KAT00149;3.0;90.0;91.66;98.99
KAT00151;0.0;2584.14;1130.0;1389.9
KAT00152;0.0;893.2;2924.0;3596.52
KAT00155;0.0;1609.76;3300.0;4059.0
KAT00156;0.0;79.68;133.33;163.99
KAT00157;0.0;955.92;2110.8;2596.28
KAT00158;0.0;1212.54;2373.46;2919.36
KAT00159;0.0;21.0;7.31;8.99
KAT00160;0.0;29.29;52.84;64.99
KAT00161;0.0;6152.76;6721.07;8266.92
KAT00162;0.0;40.65;73.91;90.91
KAT00163;0.0;17.5;32.51;39.99
KAT00164;0.0;20.17;46.33;56.99
KAT00165;0.0;20.17;46.33;56.99
KAT00166;0.0;18.48;46.33;56.99
KAT00167;0.0;46.99;78.85;96.99
KAT00168;0.0;7.8;16.25;19.99
KAT00170;0.0;3739.02;6231.7;7664.99
KAT00171;0.0;40.65;40.65;50.0
KAT00172;0.0;1267.2;3168.0;3896.64
KAT00173;1.0;41.25;71.54;87.99
KAT00174;0.0;2.94;5.68;6.99
KAT00175;0.0;7.88;17.07;20.99
KAT00176;0.0;7.6;13.81;16.99
KAT00177;0.0;16.25;30.77;37.85
KAT00178;0.0;0.0;0.0;0.0
KAT00179;0.0;266.99;427.2;525.46
KAT00180;0.0;421.62;702.7;864.32
KAT00181;0.0;37.2;74.99;92.24
KAT00182;1.0;75.22;215.44;264.99
KAT00184;0.0;30.0;56.9;69.99
KAT00187;0.0;9.86;17.58;21.62
KAT00188;0.0;48.75;48.75;59.96
KAT00189;0.0;10.13;10.13;12.46
KAT00190;0.0;9.82;17.85;21.96
KAT00191;2.0;1.87;4.06;4.99
KAT00192;0.0;644.6;0.0;0.0
KAT00193;6.0;7.93;17.88;21.99
KAT00194;0.0;123.2;270.0;332.1
KAT00195;0.0;2200.0;4400.0;5412.0
KAT00196;3.0;25.5;40.64;49.99
KAT00197;4.0;107.3;195.11;239.99
KAT00198;0.0;26.0;43.89;53.99
KAT00199;2.0;0.74;1.99;2.45
KAT00200;0.0;68.2;170.5;209.72
KAT00201;0.0;91.65;194.47;239.2
KAT00202;0.0;5.3;16.25;19.99
KAT00203;9.0;9.2;18.69;22.99
KAT00204;0.0;16.96;43.08;52.99
KAT00205;0.0;5.98;12.19;14.99
KAT00206;5.0;11.99;21.13;25.99
KAT00207;0.0;2.32;4.87;5.99
KAT00208;0.0;4.53;8.24;10.14
KAT00209;0.0;10.75;20.32;24.99
KAT00210;0.0;10.89;20.32;24.99
KAT00211;2.0;10.21;20.32;24.99
KAT00212;1.0;12.4;22.76;27.99
KAT00213;0.0;18.98;34.95;42.99
KAT00214;3.0;5.62;9.75;11.99
KAT00215;4.0;20.17;46.33;56.99
KEN000001;0.0;76.0;190.24;233.99
KEN000002;0.0;70.24;183.97;226.28
KEN000003;0.0;871.2;1908.12;2346.99
KEN000004;0.0;14.1;24.38;29.99
KEN000005;0.0;29.0;59.34;72.99
KEN000006;0.0;136.0;272.35;334.99
KEN000007;0.0;3.57;29.5;36.29
KEN000008;0.0;4074.66;10438.58;12839.45
KEN000009;0.0;792.0;2640.0;3247.2
KEN000011;0.0;2400.0;4363.64;5367.28
KEN000012;0.0;633.66;0.0;0.0
KEN000013;0.0;124.01;220.0;270.6
KEN000014;30.0;158.4;312.5;384.38
KEN000015;2.0;139.09;276.41;339.99
KEN000016;0.0;158.4;303.35;373.12
KEN000017;0.0;6.59;12.19;14.99
KEN000018;0.0;816.2;2601.62;3199.99
KEN000019;0.0;1016.4;1452.0;1785.96
KEN000020;0.0;638.0;2651.2;3260.98
KEN000021;0.0;262.8;525.6;646.49
KEN000022;0.0;583.0;2508.0;3084.84
KEN000024;0.0;3976.8;7953.6;9782.93
KEN000025;0.0;4.5;0.0;0.0
KEN000026;0.0;3.27;0.0;0.0
KEN000027;0.0;74.5;300.8;369.99
KEN000028;0.0;30.5;66.66;81.99
KEN000029;0.0;174.0;275.0;338.25
KEN000030;0.0;121.0;320.58;394.31
KEN000031;0.0;4235.0;7200.0;8856.0
KEN000032;0.0;6.59;16.25;19.99
KEN000033;0.0;120.0;240.0;295.2
KEN000034;6.0;32.0;97.55;119.99
KEN000036;11.0;4.5;24.38;29.99
KEN000037;3.0;45.0;91.05;111.99
KEN000041;20.0;7.0;28.45;34.99
KEN000042;8.0;35.0;77.23;94.99
KEN000043;0.0;4.4;11.37;13.99
KEN000045;25.0;6.89;24.38;29.99
KEN000046;2.0;34.45;101.62;124.99
KEN000047;0.0;4.88;9.75;11.99
KEN000048;6.0;24.0;43.08;52.99
KEN000049;0.0;9.1;17.88;21.99
KEN000050;16.0;4.5;29.26;35.99
KEN000051;4.0;22.5;116.25;142.99
KEN000052;0.0;54.0;107.31;131.99
KEN000053;0.0;14.2;32.51;39.99
KEN000054;2.0;12.0;21.94;26.99
KEN000055;0.0;92.0;167.47;205.99
KEN000057;0.0;2.8;14.63;17.99
KEN000058;0.0;46.0;124.38;152.99
KEN000059;0.0;12.5;30.89;37.99
KEN000060;5.0;66.7;121.94;149.99
KEN000061;0.0;16.0;36.58;44.99
KEN000063;22.0;13.91;44.71;54.99
KEN000064;6.0;21.68;44.71;54.99
KEN000065;7.0;25.02;44.71;54.99
KEN000066;3.0;32.33;56.9;69.99
KEN000067;0.0;17.56;42.27;51.99
KEN000070;4.0;69.55;158.53;194.99
KEN000072;0.0;12.0;20.32;24.99
KEN000073;0.0;32.95;109.83;135.09
KEN000074;0.0;162.0;321.94;395.99
KEN000076;0.0;1.13;12.19;14.99
KEN000077;0.0;76.0;150.4;184.99
KEN000078;0.0;4.55;14.63;17.99
KEN000079;0.0;64.0;125.2;153.99
KEN000080;0.0;20.34;32.51;39.99
KEN000081;0.0;45.0;150.4;184.99
KEN000082;0.0;75.0;150.4;184.99
KEN000086;0.0;21.0;81.29;99.99
KEN000093;5.0;120.0;300.8;369.99
KEN000109;0.0;108.0;216.0;265.68
KOT000021;0.0;19.9;36.58;44.99
KOT000027;6.0;13.75;23.57;28.99
KOT000028;2.0;14.5;26.82;32.99
KOT000029;0.0;8.25;18.51;19.99
KOT000030;4.0;21.45;35.76;43.99
KOT000031;15.0;11.94;19.91;24.49
KOT000032;0.0;18.5;34.25;36.99
KOT000033;0.0;59.0;120.36;129.99
KOT000034;0.0;4.59;8.12;9.99
KOT000035;0.0;2.99;5.28;6.49
KOT000037;0.0;16.0;24.38;29.99
KOT000038;0.0;47.5;68.28;83.99
KOT000039;19.0;10.25;18.69;22.99
KOT000040;1.0;29.5;52.84;64.99
KOT000041;0.0;17.5;32.4;34.99
KOT000042;8.0;21.45;37.03;39.99
KOT000043;0.0;14.5;25.2;30.99
KOT000044;0.0;9.9;20.32;21.95
KOT000045;0.0;59.0;92.58;99.99
KOT000046;0.0;6.5;13.88;14.99
KOT000047;14.0;16.5;32.4;34.99
KOT000048;0.0;12.5;24.38;29.99
KOT000049;4.0;14.0;28.45;34.99
KOT000050;0.0;15.9;30.89;37.99
KOT000051;3.0;11.5;21.13;25.99
KOT000052;0.0;19.25;32.51;39.99
KOT000053;10.0;14.85;26.82;32.99
KOT000054;0.0;34.5;63.41;77.99
KOT000055;0.0;43.45;73.16;89.99
KOT000056;3.0;14.0;25.2;30.99
KOT000057;1.0;169.95;308.93;379.99
KOT000058;10.0;9.5;16.66;17.99
KOT000059;14.0;10.9;20.32;24.99
KOT000060;10.0;8.67;18.69;22.99
KOT000061;11.0;10.0;21.13;25.99
KOT000062;1.0;29.71;60.15;73.99
KOT000063;8.0;12.25;26.82;32.99
KOT000064;0.0;12.1;21.94;26.99
KOT000065;7.0;1.0;97.55;119.99
KOT000066;0.0;7.98;14.63;17.99
KOT000067;0.0;7.98;14.63;17.99
KOT000068;0.0;19.8;36.58;44.99
KOT000069;0.0;12.1;21.94;26.99
KOT000070;5.0;5.94;10.56;12.99
KOT000071;0.0;13.8;24.38;29.99
KOT000072;1.0;33.0;55.55;59.99
KOT000073;5.0;14.5;27.77;29.99
KOT000074;1.0;9.9;17.88;21.99
KOT000075;1.0;1.0;24.38;29.99
KOT000076;8.0;1.0;97.55;119.99
KRA000001;2.0;92.48;152.02;186.99
KRA000002;1.0;47.55;81.29;99.99
KRA000003;1.0;52.84;89.42;109.99
KRA000004;1.0;52.84;89.42;109.99
KRA000005;0.0;31.7;52.02;63.99
KRA000006;0.0;74.09;113.98;140.2
KRA000007;3.0;0.01;40.64;49.99
KRA000008;0.0;33.86;48.77;59.99
KRA000009;1.0;79.26;130.07;159.99
KRA000010;2.0;79.26;138.2;169.99
KRA000011;0.0;52.84;89.42;109.99
KRA000012;0.0;79.26;105.68;129.99
KRA000013;0.0;35.8;52.84;64.99
KRA000014;0.0;39.09;56.9;69.99
KRA000015;0.0;42.27;73.16;89.99
KRA000016;0.0;39.63;65.03;79.99
KRA000017;1.0;26.42;44.71;54.99
KRA000018;0.0;34.35;56.9;69.99
KRA000019;0.0;42.27;70.72;86.99
KRA000020;0.0;27.65;40.64;49.99
KRA000021;0.0;25.98;40.64;49.99
KRA000022;0.0;32.19;48.77;59.99
KRA000023;0.0;21.94;32.51;39.99
KRA000024;1.0;58.12;96.74;118.99
KRA000025;2.0;52.84;96.74;118.99
KRA000026;0.0;31.84;48.77;59.99
KRA000027;0.0;27.14;40.64;49.99
KRA000028;1.0;47.55;48.77;59.99
KRA000029;8.0;8.45;15.44;18.99
KRA000030;8.0;10.56;15.44;18.99
KRA000031;0.0;34.35;52.84;64.99
KRA000032;0.0;21.84;38.2;46.99
KRA000033;0.0;23.98;32.51;39.99
KRA000034;0.0;23.98;32.51;39.99
KRA000035;0.0;47.55;78.85;96.99
KRA000036;0.0;23.05;32.51;39.99
KRA000037;2.0;47.92;81.29;99.99
KRA000038;1.0;58.12;77.23;94.99
KRA000039;2.0;40.68;81.29;99.99
KRA000040;0.0;37.22;53.17;65.4
KRA000041;0.0;36.99;61.78;75.99
KRA000042;1.0;36.99;62.59;76.99
KRA000043;0.0;29.02;41.46;50.99
KRA000044;0.0;55.72;79.67;97.99
KRA000045;0.0;21.71;31.7;38.99
KRA000046;0.0;52.84;96.74;118.99
KRA000047;0.0;52.84;96.74;118.99
KRA000048;0.0;286.33;406.5;499.99
KRA000049;0.0;286.33;406.5;499.99
KRA000050;0.0;56.98;81.29;99.99
KRA000051;0.0;19.51;32.51;39.99
KRA000052;1.0;58.12;105.68;129.99
KRA000053;2.0;58.12;105.68;129.99
KRA000054;6.0;9.65;16.25;19.99
KRA000055;0.0;42.27;70.72;86.99
KRA000056;3.0;4.23;10.56;12.99
KRA000057;9.0;4.23;10.56;12.99
KRA000058;15.0;7.13;12.19;14.99
KRA000059;12.0;7.13;12.19;14.99
KRA000060;2.0;29.06;52.84;64.99
KRA000061;0.0;26.42;44.71;54.99
KRA000062;0.0;31.7;52.84;64.99
KRA000063;0.0;26.42;44.71;54.99
KRA000064;0.0;36.99;61.78;75.99
KRA000065;0.0;31.7;52.84;64.99
KRA000066;1.0;29.06;48.77;59.99
KRA000067;2.0;31.7;52.84;64.99
KWAZ0001;1.0;231.95;337.39;414.99
KWAZ0002;6.0;26.33;40.64;49.99
KWAZ0003;2.0;77.78;130.07;159.99
KWAZ0004;13.0;34.78;61.38;75.5
KWAZ0005;19.0;14.47;25.2;30.99
KWAZ0006;17.0;5.11;12.19;14.99
KWAZ0007;4.0;5.11;15.44;18.99
KWAZ0008;8.0;14.13;26.01;31.99
KWAZ0009;0.0;145.91;195.11;239.99
KWAZ0010;12.0;56.25;102.27;125.79
KWAZ0011;6.0;55.21;93.49;114.99
KWAZ0012;2.0;153.53;264.22;324.99
KWAZ0014;6.0;34.45;56.9;69.99
KWAZ0016;18.0;18.47;33.58;41.3
KWAZ0017;14.0;8.96;13.81;16.99
KWAZ0018;33.0;13.39;24.38;29.99
KWAZ0019;7.0;12.42;20.32;24.99
KWAZ0022;15.0;21.22;34.95;42.99
KWAZ0023;9.0;53.66;97.56;120.0
KWAZ0024;8.0;51.06;81.29;99.99
KWAZ0025;2.0;70.18;117.88;144.99
KWAZ0026;4.0;137.3;243.89;299.99
KWAZ0027;2.0;160.22;272.35;334.99
KWAZ0028;9.0;33.78;56.9;69.99
KWAZ0031;7.0;20.68;34.95;42.99
KWAZ0032;11.0;20.09;30.07;36.99
KWAZ0033;4.0;12.31;18.69;22.99
KWAZ0034;6.0;11.16;36.58;44.99
KWAZ0035;2.0;105.86;173.98;213.99
KWAZ0036;9.0;29.41;51.21;62.99
KWAZ0037;28.0;6.83;11.37;13.99
KWAZ0038;9.0;65.94;120.32;147.99
KWAZ0039;14.0;12.76;20.32;24.99
KWAZ0043;39.0;7.84;13.81;16.99
KWAZ0044;2.0;47.21;78.04;95.99
KWAZ0047;1.0;1.0;4.06;4.99
KWAZ0053;64.0;4.54;9.75;11.99
KWAZ0054;2.0;166.87;284.54;349.99
KWAZ0056;13.0;22.38;40.64;49.99
KWAZ0057;1.0;151.16;166.66;204.99
KWAZ0058;1.0;64.63;114.0;140.22
KWAZ0059;0.0;7.19;10.56;12.99
KWAZ0060;0.0;18.4;26.82;32.99
KWAZ0062;12.0;43.63;81.29;99.99
KWAZ0063;0.0;1.03;3.65;4.49
KWAZ0064;4.0;16.56;27.63;33.99
KWAZ0065;16.0;4.89;8.12;9.99
KWAZ0066;0.0;10.64;17.88;21.99
KWAZ0068;10.0;20.86;32.51;39.99
KWAZ0069;6.0;160.22;268.28;329.99
KWAZ0070;1.0;231.95;340.64;418.99
KWAZ0071;7.0;12.66;14.63;17.99
KWAZ0072;15.0;13.54;24.38;29.99
KWAZ0073;0.0;50.0;71.54;87.99
KWAZ0074;1.0;67.74;126.01;154.99
KWAZ0075;3.0;23.35;40.64;49.99
KWAZ0076;33.0;13.08;24.38;29.99
KWAZ0077;9.0;19.78;33.33;40.99
KWAZ0078;12.0;36.96;60.15;73.99
KWAZ0079;0.0;4.47;6.16;7.58
KWAZ0080;5.0;15.32;28.45;34.99
KWAZ0081;0.0;88.78;136.58;167.99
KWAZ0082;10.0;29.41;52.02;63.99
KWAZ0083;11.0;23.93;76.41;93.99
KWAZ0084;12.0;19.14;34.8;42.8
KWAZ0085;2.0;20.28;36.58;44.99
KWAZ0086;0.0;45.59;67.47;82.99
KWAZ0087;8.0;40.52;78.04;95.99
KWAZ0088;0.0;8.56;14.63;17.99
KWAZ0089;0.0;9.16;15.44;18.99
KWAZ0090;4.0;13.68;24.38;29.99
KWAZ0091;5.0;55.21;93.49;114.99
KWAZ0092;15.0;13.14;20.32;24.99
KWAZ0093;2.0;22.36;40.64;49.99
KWAZ0094;7.0;12.31;21.13;25.99
KWAZ0095;51.0;3.98;7.31;8.99
KWAZ0096;0.0;4.58;8.93;10.99
KWAZ0097;13.0;4.77;8.12;9.99
KWAZ0098;0.0;55.04;99.99;122.99
KWAZ0099;0.0;10.0;16.25;19.99
KWAZ0100;0.0;21.2;32.51;39.99
KWAZ0101;0.0;44.0;80.0;98.4
KWAZ0102;0.0;5.52;9.75;11.99
KWAZ0103;3.0;43.37;72.35;88.99
KWAZ0104;0.0;270.88;451.21;554.99
KWAZ0105;5.0;17.29;32.8;40.34
KWAZ0106;3.0;52.29;89.42;109.99
KWAZ0107;2.0;84.06;130.07;159.99
KWAZ0108;3.0;120.89;179.67;220.99
KWAZ0110;31.0;5.23;8.93;10.99
KWAZ0111;51.0;2.99;8.93;10.99
KWAZ0112;31.0;6.33;10.56;12.99
KWAZ0113;62.0;2.05;8.93;10.99
KWAZ0114;111.0;5.54;9.75;11.99
KWAZ0115;2.0;39.01;67.47;82.99
KWAZ0116;1.0;22.0;34.95;42.99
KWAZ0117;7.0;11.08;18.69;22.99
KWAZ0118;0.0;5.06;9.75;11.99
KWAZ0119;1.0;179.02;268.28;329.99
KWAZ0120;0.0;0.0;8.93;10.99
KWAZ0121;0.0;231.87;406.5;499.99
KWAZ0122;0.0;47.14;69.1;84.99
KWAZ0123;0.0;47.14;69.1;84.99
KWAZ0124;0.0;47.14;69.1;84.99
KWAZ0125;0.0;47.14;69.1;84.99
KWAZ0126;0.0;54.39;97.55;119.99
KWAZ0127;0.0;56.79;101.62;124.99
KWAZ0128;1.0;36.41;65.03;79.99
KWAZ0129;3.0;8.44;16.25;19.99
KWAZ0130;0.0;857.92;1382.11;1699.99
KWAZ0131;11.0;14.31;32.51;39.99
KWAZ0132;2.0;178.58;324.69;399.37
KWAZ0133;2.0;181.6;303.24;372.99
KWAZ0134;2.0;178.58;319.5;392.99
KWAZ0135;1.0;89.01;138.2;169.99
KWAZ0136;13.0;12.49;21.13;25.99
KWAZ0137;2.0;289.79;455.28;559.99
KWAZ0138;2.0;208.38;321.13;394.99
KWAZ0139;15.0;5.11;9.75;11.99
KWAZ0140;17.0;5.11;9.75;11.99
KWAZ0141;4.0;6.77;19.5;23.99
KWAZ0142;5.0;6.37;18.69;22.99
KWAZ0143;1.0;12.29;22.35;27.49
KWAZ0144;13.0;0.8;9.75;11.99
KWAZ0145;1.0;70.21;127.63;156.99
KWAZ0146;0.0;40.52;73.16;89.99
KWAZ0147;2.0;27.83;75.57;92.95
KWAZ0148;1.0;36.12;65.03;79.99
KWAZ0149;12.0;0.8;8.12;9.99
KWAZ0150;2.0;6.13;12.19;14.99
KWAZ0151;1.0;11.56;21.13;25.99
KWAZ0152;1.0;12.35;21.94;26.99
KWAZ0153;3.0;7.77;14.13;17.38
KWAZ0154;3.0;19.72;35.76;43.99
KWAZ0155;12.0;18.47;30.07;36.99
KWAZ0156;2.0;168.52;308.93;379.99
KWAZ0157;20.0;5.55;10.56;12.99
KWAZ0158;12.0;21.22;36.58;44.99
KWAZ0159;11.0;21.22;36.58;44.99
KWAZ0160;12.0;18.47;30.07;36.99
LAN000001;0.0;145.2;322.67;396.88
LAN000002;1.0;158.4;352.0;432.96
LAN000003;0.0;120.0;218.18;268.36
LAN000004;0.0;158.4;316.8;389.66
LAN000005;13.0;145.2;290.4;357.19
LAN000006;0.0;638.0;2578.4;3171.43
LAN000007;0.0;871.2;0.0;0.0
LAN000008;0.0;121.66;243.89;299.99
LAN000009;0.0;111.76;223.57;274.99
LAN000010;3.0;85.6;162.59;199.99
LAN000011;15.0;6.45;11.37;13.99
LAN000012;3.0;270.0;540.64;664.99
LAN000013;3.0;340.0;680.48;836.99
LAN000014;0.0;32.28;65.03;79.99
LAN000015;7.0;75.0;154.46;189.99
LAN000016;10.0;16.0;32.51;39.99
LAN000017;29.0;176.0;479.67;590.0
LAN000018;5.0;127.6;255.28;313.99
LAN000019;0.0;765.6;1636.8;2013.26
LAN000020;9.0;34.8;65.03;79.99
LAN000021;4.0;28.5;56.9;69.99
LAN000022;9.0;40.0;81.29;99.99
LAN000023;14.0;8.8;22.76;27.99
LAN000024;3.0;81.0;162.59;199.99
LAN000025;4.0;258.0;469.1;576.99
LAN000026;2.0;121.8;243.89;299.99
LAN000027;3.0;121.8;243.89;299.99
LAN000028;8.0;268.0;487.27;599.34
LAN000029;5.0;18.9;42.27;51.99
LAN000030;0.0;56.25;102.27;125.79
LAN000031;0.0;180.0;327.27;402.54
LAN000032;0.0;1760.0;3200.0;3936.0
LAN000033;10.0;9.62;16.25;19.99
LAN000035;3.0;37.5;69.1;84.99
LAN000036;0.0;268.0;536.0;659.28
LAN000037;0.0;25.0;45.52;55.99
LAN000038;0.0;14.05;26.01;31.99
LAN000039;1.0;116.6;255.2;313.9
LAN000040;2.0;116.6;268.89;330.73
LAN000041;35.0;127.6;283.56;348.78
LAN000042;18.0;121.0;303.24;372.99
LAN000043;0.0;164.88;329.26;404.99
LAN000044;5.0;140.14;280.28;344.74
LAN000045;0.0;38.22;77.23;94.99
LAN000046;0.0;310.0;563.64;693.28
LAN000047;0.0;170.0;0.0;0.0
LAN000048;0.0;55.3;110.6;136.04
LAN000049;0.0;40.0;81.29;99.99
LAN000050;1.0;40.0;81.29;99.99
LAN000051;0.0;3509.0;8772.5;10790.18
LAN000052;5.0;270.0;491.86;604.99
LAN000053;0.0;1210.0;2200.0;2706.0
LAN000054;0.0;270.0;490.91;603.82
LAN000055;0.0;112.8;205.09;252.26
LAN000056;0.0;3.25;0.0;0.0
LAN000057;2.0;180.0;365.85;449.99
LAN000058;8.0;12.6;28.45;34.99
LAN000059;7.0;180.0;360.0;442.8
LAN000060;0.0;93.0;200.0;246.0
LAN000061;5.0;36.8;77.23;94.99
LAN000062;12.0;9.24;20.32;24.99
LAN000063;6.0;42.0;85.36;104.99
LAN000064;9.0;7.92;20.32;24.99
LAN000065;6.0;36.0;77.23;94.99
LAN000066;8.0;8.58;21.13;25.99
LAN000067;2.0;36.55;73.16;89.99
LAN000068;3.0;182.38;341.46;419.99
LAN000069;0.0;40.0;76.4;93.97
LAN000070;0.0;140.14;280.28;344.74
LAN000071;4.0;29.4;53.65;65.99
LAN000072;11.0;8.92;20.32;24.99
LAN000073;12.0;8.12;20.32;24.99
LAN000074;2.0;430.0;860.0;1057.8
LAN000075;6.0;7.63;14.63;17.99
LAN000076;5.0;7.52;13.81;16.99
LAN000077;6.0;12.5;22.76;27.99
LAN000078;2.0;7.52;13.81;16.99
LAN000079;5.0;16.0;29.26;35.99
LAN000080;5.0;7.52;13.81;16.99
LAN000081;6.0;7.52;13.81;16.99
LAN000082;5.0;10.1;18.69;22.99
LAN000083;4.0;9.9;18.69;22.99
LAN000084;5.0;8.08;16.25;19.99
LAN000085;0.0;852.6;1360.0;1672.8
LAN000086;8.0;120.0;300.0;369.0
LAN000087;6.0;120.0;300.0;369.0
LAN000088;0.0;4081.0;0.0;0.0
LAV000001;0.0;105.0;175.0;215.25
LAV000002;0.0;84.0;140.0;172.2
LAV000004;11.0;7.9;12.19;14.99
LAV000005;0.0;8.88;15.44;18.99
LAV000007;0.0;815.0;2975.6;3659.99
LAV000008;0.0;1230.0;2804.87;3449.99
LIN000001;2.0;65.6;109.75;134.99
LIN000003;2.0;15.84;26.82;32.99
LIN000004;0.0;195.0;344.62;423.88
LIN000006;0.0;12.75;23.57;28.99
LIN000007;6.0;11.6;20.32;24.99
LIN000009;0.0;117.29;180.48;221.99
LIN000018;0.0;15.0;25.2;30.99
LIN000019;0.0;27.2;42.27;51.99
LIN000020;0.0;9.52;16.25;19.99
LIN000021;0.0;8.8;15.44;18.99
LIN000022;3.0;11.6;21.13;25.99
LIN000023;1.0;8.8;15.44;18.99
LIN000024;0.0;24.8;32.51;39.99
LIN000025;0.0;53.92;89.87;110.54
LIN000026;0.0;30.0;46.67;57.4
LIN000027;0.0;35.2;58.67;72.16
LIN000028;0.0;31.2;52.0;63.96
LIN000029;0.0;14.8;49.33;60.68
LIN000030;0.0;22.4;37.33;45.92
LIN000031;5.0;14.04;24.38;29.99
LIN000032;0.0;12.48;19.5;23.99
LIN000033;0.0;25.04;32.51;39.99
LIN000034;0.0;23.84;34.95;42.99
LIN000035;0.0;3.2;8.12;9.99
LIN000036;0.0;23.4;39.02;47.99
LIN000037;0.0;118.4;197.55;242.99
LIN000038;0.0;8.4;14.63;17.99
LIN000039;0.0;20.72;37.39;45.99
LIN000040;0.0;11.28;21.94;26.99
LIN000041;0.0;32.32;51.21;62.99
LIN000042;0.0;9.6;16.25;19.99
LIN000043;0.0;13.2;22.76;27.99
LIN000044;0.0;9.5;21.94;26.99
LIN000045;0.0;51.2;73.16;89.99
LIN000046;1.0;85.0;130.07;159.99
LIN000047;0.0;44.0;73.16;89.99
LIN000048;0.0;33.6;48.0;59.04
LIN000049;0.0;112.0;154.46;189.99
LIN000050;18.0;12.16;21.94;26.99
LIN000051;0.0;76.8;139.64;171.76
LIN000052;0.0;33.6;48.0;59.04
LIN000053;5.0;17.04;30.98;38.11
LIN000054;6.0;11.0;28.45;34.99
LIN000055;7.0;20.5;51.21;62.99
LIN000056;3.0;10.24;13.0;15.99
LIN000057;0.0;11.5;18.69;22.99
LIN000058;4.0;10.16;27.63;33.98
LIN000059;0.0;47.68;73.16;89.99
LIN000060;0.0;191.2;239.02;293.99
LIN000061;16.0;9.5;19.5;23.99
LIN000062;11.0;11.7;23.57;28.99
LIN000063;29.0;16.5;32.51;39.99
LIN000064;14.0;15.28;18.69;22.99
LIN000065;12.0;18.96;21.94;26.99
LIN000066;4.0;2.0;5.68;6.99
LIN000067;0.0;25.28;36.58;44.99
LIN000068;0.0;44.8;65.03;79.99
LIN000069;0.0;37.2;68.28;83.99
LIN000070;28.0;25.12;46.33;56.99
LIN000071;0.0;43.28;71.54;87.99
LIN000072;0.0;10.56;19.2;23.62
LIN000073;0.0;212.0;325.2;399.99
LIN000074;0.0;38.25;59.34;72.99
LIN000075;2.0;17.6;32.51;39.99
LIN000076;0.0;34.56;57.6;70.85
LIN000077;0.0;198.4;330.67;406.72
LIN000078;0.0;11.35;18.69;22.99
LIN000079;1.0;96.76;150.4;184.99
LIN000080;0.0;45.75;83.18;102.31
LIN000081;0.0;90.4;139.83;171.99
LIN000082;0.0;8.8;24.38;29.99
LIN000083;0.0;32.0;58.53;71.99
LIN000084;0.0;105.5;140.64;172.99
LIN000085;0.0;61.6;95.11;116.99
LIN000086;1.0;4.52;8.12;9.99
LIN000087;5.0;6.05;10.56;12.99
LIN000088;0.0;83.0;166.0;204.18
LIN000089;2.0;32.8;56.9;69.99
LIN000090;1.0;50.4;81.29;99.99
LIN000091;0.0;273.6;456.0;560.88
LIN000092;14.0;25.0;60.97;74.99
LIN000093;0.0;32.0;56.9;69.99
LIN000094;2.0;10.0;19.5;23.99
LIN000095;0.0;94.0;134.95;165.99
LIN000096;2.0;38.4;56.9;69.99
LIN000097;0.0;35.88;56.9;69.99
LIN000098;2.0;59.3;99.18;121.99
LIN000099;2.0;48.0;81.29;99.99
LIN000100;0.0;34.4;65.03;79.99
LIN000101;0.0;224.0;406.5;499.99
LIN000102;12.0;8.54;14.63;17.99
LIN000103;4.0;29.6;48.77;59.99
LIN000104;0.0;47.0;94.3;115.99
LIN000105;9.0;18.96;34.95;42.99
LIN000106;2.0;89.6;162.59;199.99
LIN000108;20.0;23.0;54.46;66.99
LIN000109;3.0;7.15;17.07;20.99
LIN000110;2.0;12.56;28.45;34.99
LIN000111;2.0;22.8;40.64;49.99
LIN000112;4.0;10.75;19.5;23.99
LIN000113;2.0;12.0;32.51;39.99
LIN000114;2.0;9.2;17.88;21.99
LIN000115;0.0;67.6;121.94;149.99
LIN000116;0.0;105.5;140.64;172.99
LIN000117;0.0;15.84;28.45;34.99
LIN000118;0.0;2.93;4.87;5.99
LIN000119;2.0;10.96;40.64;49.99
LIN000120;2.0;9.84;17.88;21.99
LIN000121;0.0;54.55;83.73;102.99
LIN000122;1.0;66.05;118.69;145.99
LIN000123;0.0;58.68;106.5;130.99
LIN000124;0.0;6.33;8.12;9.99
LIN000125;0.0;5.08;7.31;8.99
LIN000126;1.0;17.73;32.51;39.99
LIN000127;0.0;29.0;48.77;59.99
LIN000128;1.0;17.71;32.51;39.99
LIN000129;2.0;33.43;60.97;74.99
LIN000130;0.0;62.4;97.55;119.99
LIN000131;6.0;15.28;26.82;32.99
LIN000133;0.0;10.0;18.69;22.99
LIN000134;10.0;20.12;36.58;44.99
LIN000135;3.0;22.8;37.39;45.99
LIN000136;1.0;25.05;40.64;49.99
LIN000137;1.0;42.05;69.1;84.99
LIN000138;5.0;65.0;162.59;199.99
LIN000140;1.0;79.0;162.59;199.99
LIN000141;1.0;10.4;16.25;19.99
LIN000142;0.0;8.9;17.07;20.99
LIN000143;1.0;32.8;56.9;69.99
LIN000144;3.0;5.52;9.75;11.99
LIN000145;0.0;32.8;45.52;55.99
LIN000146;0.0;184.8;337.39;414.99
LIN000147;0.0;10.96;20.32;24.99
LIN000148;0.0;11.35;21.13;25.99
LIN000149;0.0;12.65;23.57;28.99
LIN000150;0.0;36.0;60.97;74.99
LIN000151;0.0;8.05;12.19;14.99
LIN000152;0.0;12.32;20.32;24.99
LIN000153;0.0;15.65;26.01;31.99
LIN000154;2.0;24.8;44.71;54.99
LIN000155;2.0;77.6;141.09;173.54
LIN000156;5.0;20.2;32.51;39.99
LIN000157;1.0;11.35;18.69;22.99
LIN000158;16.0;9.62;16.25;19.99
LIN000159;1.0;18.2;29.26;35.99
LIN000160;1.0;96.0;162.59;199.99
MAR000001;0.0;130.0;215.44;264.99
MAR000002;0.0;11.0;20.32;24.99
MAR000003;0.0;53.99;91.86;112.99
MAR000004;9.0;55.0;105.68;129.99
MAR000005;0.0;10.0;17.07;20.99
MAR000006;0.0;2300.0;4181.82;5143.64
MAR000007;0.0;1000.0;1428.57;1757.14
MAR000008;0.0;1000.0;1428.57;1757.14
MAR000009;0.0;80.0;134.95;165.99
MAR000010;0.0;70.0;127.63;156.99
MAR000011;1.0;149.0;272.35;334.99
MAR000012;0.0;2730.0;3900.0;4797.0
MER000001;10.0;2.79;4.87;5.99
MER000002;0.0;16.0;31.94;34.5
MER000003;0.0;11.18;31.94;34.5
MER000004;0.0;23.15;38.89;42.0
MER000005;35.0;12.5;27.77;29.99
MER000006;0.0;9.5;13.27;14.33
MER000007;32.0;12.5;27.77;29.99
MER000008;0.0;8.5;27.77;29.99
MER000009;12.0;15.0;27.77;29.99
MER000010;10.0;18.9;23.14;24.99
MER000011;37.0;12.5;27.77;29.99
MER000012;0.0;0.46;0.64;0.79
MER000013;0.0;4.5;9.34;11.49
MER000014;35.0;5.65;10.56;12.99
MER000015;68.0;3.94;7.31;8.99
MER000016;113.0;7.5;13.81;16.99
MER000017;1.0;3.6;7.31;8.99
MER000019;46.0;5.63;10.56;12.99
MER000021;7.0;3.55;12.19;14.99
MER000022;7.0;3.79;12.19;14.99
MER000024;9.0;5.86;11.37;13.99
MER000025;4.0;2.95;7.31;8.99
MER000026;7.0;3.86;9.75;11.99
MER000027;40.0;2.75;5.68;6.99
MER000028;0.0;1.89;4.06;4.99
MER000029;2.0;4.8;6.5;7.99
MER000030;16.0;7.23;22.76;27.99
MER000031;0.0;135.57;208.93;256.99
MER000032;36.0;8.8;20.32;24.99
MER000033;3.0;12.74;23.57;28.99
MER000034;0.0;0.17;0.4;0.49
MER000035;0.0;1.89;3.24;3.99
MER000036;12.0;30.03;54.98;67.63
MER000037;16.0;1.91;3.24;3.99
MER000038;0.0;26.0;43.08;52.99
MER000039;0.0;38.63;65.03;79.99
MER000040;3.0;14.17;24.38;29.99
MER000041;5.0;10.68;19.5;23.99
MER000042;0.0;7.0;11.78;14.49
MER000043;0.0;11.92;20.32;24.99
MER000044;15.0;3.13;7.31;8.99
MER000045;0.0;5.49;7.84;9.64
MER000046;10.0;2.37;4.87;5.99
MER000047;7.0;1.14;2.11;2.59
MER000049;5.0;1.43;2.84;3.49
MER000050;44.0;4.48;13.0;15.99
MER000051;9.0;8.79;16.25;19.99
MER000052;0.0;4.25;19.75;24.29
MER000053;0.0;0.77;1.62;1.99
MER000054;0.0;11.18;24.0;29.52
MER000055;0.0;25.0;64.81;69.99
MER000056;20.0;1.25;3.24;3.99
MER000057;7.0;6.68;11.37;13.99
MER000058;6.0;12.18;22.76;27.99
MER000059;0.0;10.19;14.63;17.99
MER000060;3.0;2.04;3.24;3.99
MER000061;2.0;2.95;4.87;5.99
MER000062;3.0;3.68;6.5;7.99
MER000063;2.0;3.45;6.5;7.99
MER000064;3.0;2.45;4.46;5.49
MER000065;12.0;12.97;22.76;27.99
MER000066;15.0;6.95;12.19;14.99
MER000067;7.0;6.89;13.0;15.99
MER000069;0.0;8.51;15.44;18.99
MER000070;0.0;0.99;2.43;2.99
MER000071;0.0;5.29;8.12;9.99
MER000072;0.0;5.75;9.34;11.49
MER000073;80.0;3.13;5.68;6.99
MER000074;2.0;1.21;2.43;2.99
MER000075;2.0;1.07;2.02;2.49
MER000076;0.0;1.16;1.62;1.99
MER000077;10.0;16.2;29.45;36.22
MER000078;3.0;8.46;16.25;19.99
MER000080;0.0;0.89;1.62;1.99
MER000081;1.0;22.64;40.64;49.99
MER000082;4.0;7.4;13.81;16.99
MER000083;0.0;1.8;6.5;7.99
MER000084;0.0;10.69;17.88;21.99
MER000085;0.0;1.3;2.43;2.99
MER000086;5.0;13.48;26.01;31.99
MER000087;0.0;6.24;9.75;11.99
MER000088;0.0;7.57;24.38;29.99
MER000089;3.0;7.39;11.85;14.58
MER000090;0.0;7.09;12.19;14.99
MER000091;0.0;15.7;26.82;32.99
MER000092;5.0;15.7;27.63;33.99
MER000093;0.0;11.99;21.13;25.99
MER000094;13.0;4.38;8.12;9.99
MER000095;9.0;17.81;32.51;39.99
MER000096;0.0;15.7;28.45;34.99
MER000098;4.0;15.7;28.45;34.99
MER000099;0.0;15.7;24.38;29.99
MER000100;10.0;2.98;5.68;6.99
MER000101;8.0;15.7;28.45;34.99
MER000102;3.0;53.73;108.6;133.58
MER000103;335.0;1.71;4.06;4.99
MER000104;0.0;5.9;6.78;8.34
MER000105;18.0;12.82;32.51;39.99
MER000106;0.0;10.3;16.25;19.99
MER000107;3.0;10.3;19.5;23.99
MER000108;1.0;4.08;6.5;7.99
MER000109;12.0;1.42;3.15;3.87
MER000111;0.0;6.52;11.37;13.99
MER000113;0.0;10.75;19.5;23.99
MER000114;9.0;2.38;4.46;5.49
MER000115;1.0;10.3;16.25;19.99
MER000116;2.0;10.3;16.25;19.99
MER000117;5.0;24.08;44.71;54.99
MER000118;8.0;7.69;14.63;17.99
MER000119;6.0;8.31;15.44;18.99
MER000121;0.0;8.05;10.56;12.99
MER000122;5.0;10.45;17.88;21.99
MER000123;0.0;10.19;14.63;17.99
MER000124;0.0;70.7;101.0;124.23
MER000128;0.0;5.68;9.75;11.99
MER000129;3.0;14.17;21.94;26.99
MER000130;0.0;11.95;20.32;24.99
MER000131;1.0;9.5;18.51;19.99
MER000132;0.0;18.9;34.36;42.26
MER000133;0.0;0.45;1.62;1.99
MER000134;0.0;11.68;21.94;26.99
MER000135;23.0;2.52;4.87;5.99
MER000136;38.0;2.4;4.06;4.99
MER000137;17.0;2.52;4.87;5.99
MER000138;49.0;2.4;4.87;5.99
MER000139;0.0;111.44;162.59;199.99
MER000140;0.0;0.82;2.02;2.49
MER000141;119.0;4.73;12.19;14.99
MER000142;7.0;15.7;32.51;39.99
MER000143;1.0;15.7;28.45;34.99
MER000144;0.0;28.69;43.89;53.99
MER000145;5.0;25.69;46.33;56.99
MER000146;10.0;7.47;13.81;16.99
MER000147;1.0;5.78;10.56;12.99
MER000148;0.0;10.21;20.32;24.99
MER000149;7.0;25.64;46.33;56.99
MER000150;37.0;3.09;8.12;9.99
MER000151;31.0;2.05;6.5;7.99
MER000152;17.0;0.99;2.28;2.8
MER000153;0.0;1.27;2.54;3.12
MER000154;0.0;12.4;28.45;34.99
MER000155;7.0;12.4;28.45;34.99
MER000156;0.0;12.4;28.45;34.99
MER000157;2.0;7.39;13.0;15.99
MER000158;2.0;7.39;13.0;15.99
MER000159;2.0;7.39;13.0;15.99
MER000160;8.0;6.4;12.19;14.99
MER000161;0.0;7.79;14.63;17.99
MER000162;12.0;12.28;21.13;25.99
MER000163;2.0;10.73;19.5;23.99
MER000164;2.0;3.18;6.5;7.99
MER000165;10.0;8.1;13.81;16.99
MER000168;4.0;6.68;11.37;13.99
MER000169;6.0;6.68;11.37;13.99
MER000170;9.0;2.17;4.34;5.34
MER000171;6.0;6.66;13.0;15.99
MER000172;1.0;4.54;9.08;11.17
MER000173;1.0;13.86;27.72;34.1
MER000174;0.0;23.3;44.71;54.99
MER000175;14.0;4.48;8.12;9.99
MER000176;9.0;5.82;9.75;11.99
MER000177;14.0;4.88;9.75;11.99
MER000178;22.0;4.97;8.12;9.99
MER000179;21.0;4.71;8.12;9.99
MER000180;4.0;31.4;56.9;69.99
MER000181;4.0;21.68;39.83;48.99
MER000182;1.0;14.2;24.38;29.99
MER000183;3.0;16.77;30.07;36.99
MER000184;2.0;12.02;21.13;25.99
MER000185;4.0;17.08;30.89;37.99
MER000186;0.0;4.43;8.12;9.99
MER000187;11.0;4.24;8.12;9.99
MER000188;3.0;55.32;93.49;114.99
MER000189;6.0;14.2;17.07;20.99
MER000190;29.0;1.19;2.38;2.93
MER000191;0.0;12.08;20.32;24.99
MER000192;9.0;14.04;24.38;29.99
MER000193;16.0;1.25;2.43;2.99
MER000194;6.0;9.5;17.07;20.99
MER000195;24.0;5.44;9.75;11.99
MER000196;1.0;4.66;8.12;9.99
MER000197;2.0;26.0;44.71;54.99
MER000198;0.0;3.98;7.31;8.99
MER000199;8.0;2.93;4.87;5.99
MER000200;1.0;34.13;48.77;59.99
MER000201;0.0;27.7;45.52;55.99
MER000202;1.0;17.64;26.82;32.99
MER000203;1.0;29.01;48.77;59.99
MER000204;15.0;6.83;12.19;14.99
MPS000003;0.0;7.51;16.25;19.99
MPS000006;0.0;19.0;41.46;50.99
MPS000011;19.0;32.0;58.18;71.56
MPS000012;0.0;6.1;10.56;12.99
MPS000013;0.0;27.95;44.71;54.99
MPS000018;18.0;18.0;37.39;45.99
MPS000021;21.0;32.93;60.97;74.99
MPS000022;25.0;13.5;25.2;30.99
MPS000025;16.0;18.0;40.64;49.99
MPS000026;49.0;18.0;40.64;49.99
MPS000035;0.0;20.85;34.95;42.99
MPS000036;15.0;18.0;40.64;49.99
MPS000038;0.0;5.88;11.37;13.99
MPS000039;0.0;32.87;55.28;67.99
MPS000040;0.0;32.46;55.28;67.99
MPS000042;0.0;29.62;53.65;65.99
MPS000043;8.0;11.6;16.25;19.99
MPS000044;5.0;11.28;19.5;23.99
MPS000046;46.0;0.12;1.71;2.1
MPS000047;97.0;0.69;4.06;4.99
MPS000048;17.0;19.0;39.84;49.0
MPS000049;0.0;20.39;36.58;44.99
MPS000050;0.0;17.5;36.58;44.99
MPS000051;0.0;23.19;52.02;63.99
MPS000052;0.0;8.5;17.88;21.99
MPS000053;0.0;4.2;13.81;16.99
MPS000054;0.0;22.44;42.27;51.99
MPS000055;30.0;32.0;66.66;81.99
MPS000056;2.0;2.15;4.06;4.99
MPS000057;0.0;1.99;4.06;4.99
MPS000059;0.0;4.49;9.75;11.99
MPS000060;0.0;4.29;8.12;9.99
MPS000061;0.0;3.89;8.12;9.99
MPS000062;0.0;27.54;27.54;33.87
MPS000063;9.0;22.44;42.27;51.99
MPS000064;0.0;14.2;26.01;31.99
MPS000065;0.0;4.69;8.12;9.99
MPS000066;0.0;14.2;26.01;31.99
MPS000067;0.0;3.17;5.68;6.99
NER000001;16.0;134.66;245.52;301.99
NER000002;3.0;163.78;284.54;349.99
NER000003;0.0;168.81;306.5;376.99
NER000004;0.0;47.96;87.2;107.26
NER000005;2.0;45.34;81.29;99.99
NER000006;0.0;375.0;681.82;838.64
NER000007;0.0;73.88;128.45;157.99
NER000008;8.0;34.55;63.41;77.99
NER000009;3.0;46.43;77.23;94.99
NER000010;4.0;40.26;67.47;82.99
NER000011;0.0;40.88;68.28;83.99
NER000012;1.0;59.18;98.37;120.99
NER000013;0.0;140.15;232.51;285.99
NER000014;4.0;181.69;304.87;374.99
NER000015;0.0;0.0;374.8;461.0
NER000016;0.0;0.0;82.93;102.0
NER000017;0.0;0.0;355.38;437.12
NOR000001;73.0;12.3;21.94;26.99
NOR000002;24.0;14.4;24.38;29.99
NOR000004;59.0;16.8;30.89;37.99
NOR000006;8.0;14.7;26.82;32.99
NOR000007;12.0;14.0;23.33;28.7
NOR000008;11.0;14.0;17.88;21.99
NOR000009;0.0;17.6;32.51;39.99
NOR000010;9.0;14.5;26.01;31.99
NOR000011;24.0;11.4;18.69;22.99
NOR000013;17.0;13.1;23.57;28.99
NOR000014;8.0;9.0;16.25;19.99
NOR000015;26.0;11.5;19.5;23.99
NOR000016;5.0;12.0;21.13;25.99
NOR000017;10.0;14.2;26.01;31.99
NOR000018;8.0;14.0;17.88;21.99
NOR000019;0.0;12.5;17.88;21.99
NOR000020;0.0;7.14;13.0;15.99
NOR000021;0.0;11.5;21.13;25.99
NOR000022;9.0;9.9;17.88;21.99
NOR000023;5.0;14.0;24.38;29.99
NOR000024;9.0;10.2;17.88;21.99
NOR000025;16.0;15.3;26.82;32.99
NOR000026;6.0;10.0;17.88;21.99
NOR000028;12.0;8.3;14.63;17.99
NOR000029;0.0;9.5;17.88;21.99
NOR000030;26.0;14.0;17.88;21.99
NOR000031;12.0;12.0;17.07;20.99
NOR000032;14.0;10.0;17.88;21.99
NOR000033;8.0;14.0;22.73;27.96
NOR000034;24.0;14.0;17.88;21.99
NOR000036;17.0;9.5;17.07;20.99
NOR000037;13.0;14.0;17.88;21.99
NOR000038;9.0;15.9;29.26;35.99
NOR000040;7.0;12.5;22.76;27.99
NOR000041;22.0;14.0;17.88;21.99
NOR000042;8.0;14.2;26.01;31.99
NOR000043;0.0;15.05;29.26;35.99
NOR000044;2.0;55.0;97.55;119.99
NOR000045;0.0;11.0;20.32;24.99
NOR000046;1.0;18.0;32.51;39.99
NOR000047;0.0;8.9;13.0;15.99
NOR000048;0.0;9.2;13.0;15.99
NOR000049;0.0;6.7;12.19;14.99
NOR000050;0.0;18.0;31.7;38.99
NOR000051;2.0;18.0;32.51;39.99
NOR000053;11.0;17.9;32.51;39.99
NOR000054;6.0;12.5;22.76;27.99
NOR000055;16.0;14.0;25.45;31.3
NOR000056;12.0;18.0;32.51;39.99
NOR000057;0.0;41.5;75.45;92.8
PAP000005;0.0;19.52;32.51;39.99
PAP000006;0.0;10.73;17.88;21.99
PAP000007;0.0;53.66;89.42;109.99
PAP000008;0.0;6.83;17.07;20.99
PAP000009;0.0;46.34;77.23;94.99
PAP000010;0.0;16.1;26.82;32.99
PAP000011;0.0;53.65;89.42;109.99
PAP000012;0.0;10.73;17.88;21.99
PAP000013;0.0;53.65;89.42;109.99
PAP000014;0.0;24.9;44.71;54.99
PAP000015;0.0;9.76;24.38;29.99
PAP000016;0.0;5.53;13.81;16.99
PAP000017;0.0;19.51;48.77;59.99
PAP000018;0.0;17.56;29.26;35.99
PAP000019;0.0;27.32;45.52;55.99
PAP000020;0.0;18.54;30.89;37.99
PAP000021;0.0;24.39;40.64;49.99
PAP000022;0.0;107.31;178.85;219.99
PAP000023;0.0;15.12;25.2;30.99
PAP000024;0.0;41.46;69.1;84.99
PAP000025;0.0;10.26;17.07;20.99
PAP000026;0.0;53.65;89.42;109.99
PAP000027;0.0;6.83;17.07;20.99
PAP000028;0.0;8.78;25.2;30.99
PAP000029;0.0;136.58;227.63;279.99
PAP000030;0.0;195.12;325.2;399.99
PAP000031;0.0;52.03;81.29;99.99
PAP000032;0.0;10.0;55.28;67.99
PAP000033;62.0;3.04;8.93;10.99
PAP000034;0.0;10.08;25.2;30.99
PAP000035;0.0;10.73;17.88;21.99
PAP000036;0.0;63.41;105.68;129.99
PAP000037;0.0;22.92;38.2;46.99
PAP000038;0.0;92.67;154.46;189.99
PAP000039;0.0;9.75;12.19;14.99
PAP000040;0.0;34.14;56.9;69.99
PAP000041;0.0;16.09;26.82;32.99
PAP000042;0.0;3.7;8.93;10.99
PAP000043;0.0;81.3;147.96;181.99
PAP000044;5.0;7.8;13.0;15.99
PAP000045;0.0;6.0;11.37;13.99
PAP000046;0.0;306.5;560.97;689.99
PAP000047;1.0;116.25;195.11;239.99
PAP000048;0.0;227.23;378.04;464.99
PAP000049;0.0;58.12;97.55;119.99
PAP000050;0.0;18.49;30.89;37.99
PAP000051;0.0;19.55;32.51;39.99
PAP000052;0.0;68.69;113.81;139.99
PAP000053;0.0;17.43;29.26;35.99
PAP000054;0.0;36.98;61.78;75.99
PAP000055;0.0;12.15;20.32;24.99
PAP000056;0.0;21.13;35.76;43.99
PAP000057;0.0;15.85;26.82;32.99
PAP000058;3.0;15.85;20.32;24.99
PAP000059;0.0;63.41;105.68;129.99
PAP000060;0.0;21.13;35.76;43.99
PAP000061;1.0;68.69;89.42;109.99
PLA000001;0.0;11.06;21.94;26.99
PLA000002;0.0;5.34;11.12;13.68
PLA000003;0.0;66.31;121.94;149.99
PLA000004;29.0;16.26;30.07;36.99
PLA000005;0.0;11.06;21.94;26.99
PLA000012;0.0;10.2;17.88;21.99
PLA000013;0.0;6.45;10.56;12.99
POL000001;4.0;26.0;53.65;65.99
POL000002;1.0;24.9;51.21;62.99
POL000003;2.0;123.5;260.15;319.99
POL000004;0.0;2.0;4.06;4.99
POL000005;1.0;109.5;211.37;259.99
POL000006;9.0;127.5;264.22;324.99
POL000007;7.0;21.4;39.02;47.99
POL000009;0.0;22.5;48.77;59.99
POL000010;9.0;6.04;12.19;14.99
POL000011;0.0;102.5;180.55;194.99
POL000013;4.0;33.0;66.0;81.18
POL000014;0.0;124.0;275.56;338.94
POL000015;0.0;5.9;12.19;14.99
POL000016;43.0;9.82;20.32;24.99
POL000017;0.0;150.1;250.4;307.99
POL000018;0.0;0.85;4.06;4.99
POL000019;0.0;138.0;117.3;144.28
POL000020;1.0;0.0;16.58;20.39
POL000021;0.0;44.35;89.42;109.99
POL000022;0.0;210.6;402.77;434.99
POL000023;0.0;121.25;220.45;271.15
POL000024;0.0;164.75;299.55;368.45
POL000025;0.0;120.75;102.64;126.24
POL000026;5.0;52.25;152.77;164.99
POL000027;24.0;12.9;30.55;32.99
POL000028;3.0;39.65;79.67;97.99
POL000029;0.0;10.72;21.94;26.99
POL000030;0.0;19.95;40.73;43.99
POL000031;0.0;20.3;40.64;49.99
POL000032;1.0;85.6;150.4;184.99
POL000033;2.0;209.0;402.77;434.99
POL000034;0.0;22.5;40.64;49.99
PRE000001;76.0;13.9;24.38;29.99
ROW00001;0.0;17.86;30.89;37.99
ROW00002;0.0;71.4;121.94;149.99
ROW00004;0.0;12.46;24.38;29.99
ROW00005;0.0;13.71;26.82;32.99
ROY000001;9.0;25.98;47.15;57.99
ROY000002;6.0;39.0;81.29;99.99
ROY000003;7.0;13.73;24.38;29.99
ROY000004;1.0;112.88;203.24;249.99
ROY000005;0.0;97.65;178.85;219.99
ROY000006;0.0;8.85;16.25;19.99
ROY000008;27.0;12.5;24.38;29.99
ROY000009;10.0;50.87;113.04;139.04
ROY000010;1.0;18.43;33.33;40.99
ROY000011;10.0;84.0;166.66;204.99
ROY000012;6.0;23.11;42.27;51.99
ROY000013;0.0;449.19;813.0;999.99
ROY000014;0.0;37.72;69.1;84.99
ROY000015;0.0;438.75;798.37;981.99
ROY000016;8.0;120.0;232.51;285.99
ROY000017;7.0;34.02;65.03;79.99
ROY000018;6.0;79.0;150.4;184.99
ROY000019;3.0;33.29;60.97;74.99
ROY000020;12.0;15.26;29.26;35.99
ROY000021;5.0;9.86;18.69;22.99
ROY000022;5.0;17.9;31.47;33.99
ROY000023;3.0;29.94;58.53;71.99
ROY000024;1.0;25.85;46.29;49.99
ROY000025;8.0;38.02;69.1;84.99
ROY000026;10.0;7.69;17.07;20.99
ROY000027;12.0;9.43;17.07;20.99
ROY000028;8.0;59.0;131.11;141.6
ROY000029;0.0;15.26;30.07;36.99
ROY000030;5.0;23.11;42.27;51.99
ROY000031;1.0;12.9;23.57;28.99
ROY000032;2.0;12.9;23.57;28.99
ROY000033;3.0;35.99;65.85;80.99
ROY000034;4.0;12.35;22.45;27.61
ROY000035;9.0;23.11;42.27;51.99
ROY000036;7.0;23.11;42.27;51.99
ROY000037;8.0;90.92;202.04;248.51
ROY000038;12.0;20.0;36.58;44.99
ROY000039;11.0;8.1;14.63;17.99
ROY000040;1.0;39.0;86.67;106.6
ROY000041;12.0;5.59;12.42;15.28
ROY000042;4.0;13.39;29.76;36.6
ROY000043;12.0;5.87;13.04;16.04
ROY000044;6.0;5.72;12.71;15.63
ROY000045;6.0;9.58;21.27;26.16
ROY000046;0.0;0.0;0.0;0.0
ROY000047;0.0;8.18;15.03;18.49
ROY000048;0.0;99.0;178.86;220.0
SJD00001;0.0;4.34;8.12;9.99
SJD00003;0.0;4.72;8.93;10.99
SJD00005;0.0;4.91;8.93;10.99
SJD00006;0.0;4.84;8.93;10.99
SJD0001;0.0;140.0;233.33;287.0
SJD0002;0.0;110.0;183.33;225.5
SJD0003;0.0;9.89;17.88;21.99
SJD0004;0.0;35.0;67.47;82.99
SJD0005;83.0;6.0;8.12;9.99
SJD0007;0.0;13.86;26.01;31.99
SJD0008;156.0;9.27;17.07;20.99
SJD0009;41.0;10.62;18.69;22.99
SJD0010;0.0;15.69;30.07;36.99
SJD0011;36.0;8.88;16.25;19.99
SJD0012;0.0;5.41;9.75;11.99
SJD0013;22.0;12.92;22.76;27.99
SJD0014;0.0;8.8;15.44;18.99
SJD0015;63.0;9.89;17.88;21.99
SJD0016;9.0;15.6;28.45;34.99
SJD0017;24.0;8.77;14.63;17.99
SJD0018;12.0;10.4;17.88;21.99
SJD0019;20.0;20.54;24.38;29.99
SJD0020;10.0;7.78;13.81;16.99
SJD0021;17.0;11.15;19.5;23.99
SJD0022;18.0;13.95;24.38;29.99
SJD0023;12.0;12.28;21.94;26.99
SJD0024;13.0;7.74;13.81;16.99
SJD0025;12.0;18.0;31.7;38.99
SJD0026;0.0;18.5;34.95;42.99
SJD0027;4.0;19.0;34.95;42.99
SJD0028;0.0;5.55;10.56;12.99
SJD0029;10.0;10.59;19.5;23.99
SJD0030;9.0;17.85;30.89;37.99
SJD0031;0.0;10.22;19.5;23.99
SJD0032;12.0;7.19;13.0;15.99
SJD0034;0.0;9.4;17.07;20.99
SJD0037;0.0;5.55;10.56;12.99
SJD0038;9.0;9.0;17.88;21.99
SJD0039;0.0;3.05;4.87;5.99
SJD0040;0.0;36.0;52.02;63.99
SJD0041;0.0;28.2;52.02;63.99
SOF000001;0.0;11.33;32.51;39.99
SOF000002;0.0;14.16;36.58;44.99
SOF000003;14.0;5.58;16.25;19.99
SOF000004;8.0;4.03;16.25;19.99
SOF0000052;14.0;18.02;50.4;61.99
SOF000007;10.0;13.26;42.27;51.99
SOF000008;7.0;22.87;44.71;54.99
SOF000009;15.0;65.32;130.07;159.99
SOF000010;4.0;23.86;56.9;69.99
SOF000019;2.0;7.32;13.81;16.99
SOF000024;7.0;17.46;36.58;44.99
SOF000025;8.0;60.75;138.2;169.99
SOF000026;4.0;74.33;162.59;199.99
SOF000027;4.0;71.42;138.2;169.99
SOF000030;0.0;5.47;12.19;14.99
SOF000031;4.0;52.28;109.75;134.99
SOF000032;5.0;25.41;52.84;64.99
SOF000034;0.0;13.53;22.76;27.99
SOF000035;0.0;18.24;29.26;35.99
SOF000036;0.0;30.74;59.34;72.99
SOF000037;0.0;93.78;156.9;192.99
SOF000044;1.0;6.78;13.81;16.99
SOF000055;0.0;31.5;23.1;28.41
SOF000057;0.0;15.68;26.01;31.99
SOF000058;2.0;7.72;13.0;15.99
SOF000059;5.0;14.76;24.38;29.99
SOF000062;2.0;17.13;38.07;46.83
SOF000063;0.0;0.0;0.0;0.0
SOF000064;0.0;16.14;21.52;26.47
SON000001;7.0;37.25;71.11;87.47
SON000002;34.0;14.02;21.94;26.99
SON000003;3.0;6.79;13.0;15.99
SON000004;0.0;9.7;17.64;21.7
SON000006;0.0;13.82;30.89;37.99
SON000007;8.0;8.63;17.07;20.99
SON000008;5.0;22.59;40.93;50.34
SON000009;0.0;7.86;13.0;15.99
SON000010;4.0;29.23;53.02;65.21
SON000011;16.0;44.49;84.93;104.46
SON000012;10.0;39.77;65.03;79.99
SON000013;0.0;226.8;412.36;507.2
SON000014;21.0;22.9;38.2;46.99
SON000015;3.0;10.23;18.69;22.99
SON000016;3.0;24.87;40.64;49.99
SON000017;8.0;21.31;35.76;43.99
SON000018;4.0;23.14;39.02;47.99
SON000019;1.0;88.31;146.33;179.99
SON000020;8.0;23.18;37.39;45.99
SON000021;8.0;15.78;24.38;29.99
SON000022;3.0;14.78;24.38;29.99
SON000023;4.0;24.7;40.64;49.99
SON000024;2.0;14.78;24.38;29.99
SON000025;0.0;66.72;121.94;149.99
SON000026;2.0;12.62;20.32;24.99
SON000027;3.0;12.59;21.13;25.99
SON000028;4.0;14.16;24.38;29.99
SON000029;8.0;18.16;30.07;36.99
SON000030;2.0;33.58;56.09;68.99
SON000031;7.0;15.0;25.2;30.99
SON000032;8.0;10.25;16.25;19.99
SON000033;6.0;42.88;72.35;88.99
SON000034;4.0;99.72;162.59;199.99
SON000035;7.0;13.89;27.63;33.99
SON000036;3.0;17.31;28.45;34.99
SON000037;1.0;72.16;117.88;144.99
SON000038;0.0;12.59;20.32;24.99
SON000039;8.0;12.46;20.32;24.99
SON000040;1.0;21.25;32.51;39.99
SON000041;11.0;15.58;24.38;29.99
SON000042;2.0;19.23;30.07;36.99
SON000043;64.0;9.39;14.63;17.99
SON000044;13.0;17.14;24.38;29.99
SON000045;7.0;12.98;20.32;24.99
SON000046;11.0;12.62;18.69;22.99
SON000047;6.0;15.79;34.14;41.99
SON000048;2.0;47.4;73.16;89.99
SON000049;7.0;18.7;28.45;34.99
SON000050;3.0;18.1;24.38;29.99
SON000051;1.0;18.1;24.38;29.99
SON000052;1.0;7.68;10.56;12.99
SON000053;7.0;21.81;34.14;41.99
SON000054;2.0;6.51;10.56;12.99
SON000055;0.0;61.23;93.49;114.99
SON000056;4.0;56.67;81.29;99.99
SON000057;1.0;24.4;37.39;45.99
SON000058;2.0;31.43;44.71;54.99
SON000059;22.0;15.83;26.82;32.99
SON000060;0.0;55.23;78.85;96.99
SON000061;1.0;158.98;227.63;279.99
SON000062;1.0;95.29;135.76;166.99
SON000063;4.0;47.18;67.47;82.99
SON000064;1.0;130.05;178.85;219.99
SON000065;1.0;130.05;178.85;219.99
SON000066;1.0;78.5;109.75;134.99
SON000067;5.0;23.38;32.51;39.99
SON000068;3.0;18.2;26.01;31.99
SON000069;7.0;21.32;30.07;36.99
SON000070;9.0;6.09;10.56;12.99
SON000071;5.0;14.78;21.13;25.99
SON000072;6.0;39.24;65.03;79.99
SON000073;22.0;29.61;53.65;65.99
SON000074;5.0;20.35;28.45;34.99
SON000075;3.0;240.96;345.52;424.99
SON000076;4.0;63.11;105.68;129.99
SON000077;5.0;20.18;28.45;34.99
SON000078;4.0;50.99;72.35;88.99
SON000079;0.0;55.05;61.38;75.5
SON000080;17.0;15.78;22.49;27.66
SON000081;1.0;41.07;58.53;71.99
SON000082;3.0;25.72;36.58;44.99
SON000083;8.0;15.78;28.45;34.99
SON000084;2.0;25.02;36.58;44.99
SON000085;3.0;14.78;21.13;25.99
SON000086;2.0;24.7;35.76;43.99
SON000087;3.0;14.78;21.13;25.99
SON000088;4.0;24.7;42.27;51.99
SON000089;0.0;10.69;15.44;18.99
SON000090;5.0;20.04;28.45;34.99
SON000091;1.0;120.25;162.59;199.99
SON000092;2.0;20.04;28.45;34.99
SON000093;0.0;10.84;16.25;19.99
SON000094;0.0;17.14;29.26;35.99
SON000096;1.0;156.27;223.57;274.99
SON000097;7.0;21.31;28.45;34.99
SON000098;5.0;12.63;17.88;21.99
SON000099;2.0;20.26;27.63;33.99
SON000100;4.0;16.58;22.76;27.99
SON000101;12.0;10.26;16.25;19.99
SON000102;0.0;39.76;65.03;79.99
SON000103;0.0;13.42;18.69;22.99
SON000104;8.0;5.52;9.75;11.99
SON000105;1.0;11.08;17.88;21.99
SON000106;1.0;11.08;17.88;21.99
SON000107;5.0;43.3;69.1;84.99
SON000108;3.0;24.79;40.64;49.99
SON000109;0.0;8.95;14.63;17.99
SON000110;2.0;32.93;56.09;68.99
SON000111;3.0;8.28;13.81;16.99
SON000112;6.0;7.23;12.19;14.99
SON000113;10.0;5.81;9.75;11.99
SON000114;2.0;14.27;21.94;26.99
SON000115;3.0;12.59;20.32;24.99
SON000116;0.0;26.81;40.64;49.99
SON000117;9.0;16.36;26.82;32.99
SON000118;8.0;35.86;43.08;52.99
SON000119;3.0;33.17;56.09;68.99
SON000120;1.0;20.4;32.51;39.99
SON000121;3.0;32.56;52.84;64.99
SON000122;0.0;14.95;24.38;29.99
SON000123;13.0;24.48;40.64;49.99
SON000125;6.0;20.87;32.51;39.99
SON000126;4.0;8.15;12.19;14.99
SON000127;9.0;15.74;24.38;29.99
SON000128;0.0;0.0;0.0;0.0
SON000129;14.0;49.5;81.29;99.99
SON000130;4.0;10.4;16.25;19.99
SON000131;0.0;1.0;1.43;1.76
SON000132;0.0;18.0;28.45;34.99
SON000133;3.0;8.58;14.15;17.4
SON000134;4.0;13.42;24.38;29.99
SON000135;1.0;9.34;16.98;20.89
SON000136;0.0;13.0;23.64;29.08
SON000137;0.0;15.79;24.38;29.99
SON000138;0.0;3.69;0.0;0.0
SON000139;0.0;0.0;0.0;0.0
SON000140;0.0;0.0;0.0;0.0
SON000141;7.0;55.22;92.67;113.99
SON000142;0.0;0.0;64.96;79.9
SON000143;0.0;0.0;27.63;33.99
SON000144;4.0;24.69;42.27;51.99
STO000001;11.0;73.0;132.51;162.99
TEN000001;3.0;139.19;243.89;299.99
TEN000002;1.0;58.32;105.68;129.99
TEN000003;2.0;58.32;105.68;129.99
TEN000004;12.0;10.11;17.88;21.99
TEN000005;20.0;11.96;21.13;25.99
TEN000006;22.0;9.28;16.25;19.99
TEN000007;24.0;11.94;20.32;24.99
TEN000008;5.0;37.7;69.1;84.99
TEN000009;11.0;14.09;24.38;29.99
TEN000010;21.0;11.73;20.36;21.99
TEN000011;23.0;9.77;17.88;21.99
TEN000012;4.0;23.59;43.08;52.99
TEN000013;7.0;23.23;42.27;51.99
TEN000014;3.0;23.79;43.08;52.99
TEN000015;17.0;6.42;10.56;12.99
TEN000016;2.0;21.2;39.02;47.99
TEN000017;36.0;8.65;14.63;17.99
TEN000018;5.0;9.43;17.07;20.99
TEN000019;13.0;7.17;13.0;15.99
TEN000020;47.0;2.92;5.68;6.99
TEN000021;26.0;2.92;5.68;6.99
TEN000022;3.0;74.03;141.33;173.84
TEN000023;24.0;20.76;36.58;44.99
TEN000024;14.0;10.89;18.69;22.99
TEN000025;3.0;155.26;282.4;304.99
TEN000026;0.0;41.32;75.13;81.14
TEN000027;3.0;46.97;85.36;104.99
TEN000028;1.0;205.82;356.4;438.37
TEN000029;22.0;16.52;30.04;36.95
TEN000030;12.0;34.79;63.25;77.8
TEN000031;0.0;36.51;66.38;81.65
TEN000032;3.0;9.48;17.07;20.99
TEN000033;0.0;31.06;56.9;69.99
TEN000034;2.0;9.75;17.07;20.99
TEN000035;11.0;15.89;28.45;34.99
TEN000036;17.0;2.7;4.87;5.99
TEN000037;19.0;8.89;15.44;18.99
TEN000038;6.0;13.29;24.38;29.99
TEN000039;0.0;15.56;27.63;33.99
TEN000040;1.0;7.05;12.19;14.99
TEN000041;12.0;8.6;15.44;18.99
TEN000042;1.0;9.61;17.88;21.99
TEN000043;0.0;25.61;28.45;34.99
TEN000044;4.0;14.35;18.69;22.99
TEN000045;0.0;14.96;24.38;29.99
TEN000046;0.0;21.28;32.51;39.99
TEN000047;0.0;6.88;13.0;15.99
TEN000048;25.0;19.53;34.14;41.99
TEN000049;12.0;14.91;27.77;29.99
TEN000050;8.0;16.25;19.5;23.99
TEN000051;4.0;11.71;19.5;23.99
TEN000052;4.0;15.44;26.01;31.99
TEN000053;4.0;20.22;35.76;43.99
TEN000054;16.0;17.46;29.26;35.99
TEN000055;24.0;17.92;30.89;37.99
TEN000056;0.0;10.55;17.07;20.99
TEN000057;6.0;20.0;36.36;44.72
TEN000058;3.0;13.68;22.76;27.99
TEN000059;4.0;15.04;24.38;29.99
TEN000060;13.0;16.63;24.38;29.99
TEN000061;7.0;16.07;26.01;31.99
TEN000062;5.0;16.83;29.26;35.99
TEN000063;1.0;59.21;99.18;121.99
TEN000064;13.0;15.1;25.2;30.99
TEN000065;2.0;67.68;113.81;139.99
TEN000066;0.0;10.15;17.07;20.99
TEN000067;8.0;11.47;18.69;22.99
TEN000068;0.0;13.65;22.76;27.99
TEN000069;1.0;24.53;40.64;49.99
TEN000070;12.0;9.09;16.25;19.99
TEN000071;5.0;22.26;37.39;45.99
TEN000072;18.0;15.16;26.82;32.99
TEN000073;21.0;26.83;48.78;60.0
TEN000074;6.0;10.98;18.69;22.99
TEN000075;1.0;13.19;21.94;26.99
TEN000076;12.0;61.12;101.62;124.99
TEN000077;36.0;14.59;26.01;31.99
TEN000078;5.0;256.75;430.89;529.99
TEN000079;3.0;63.89;121.96;150.01
TEN000080;12.0;12.85;23.04;28.34
TEN000081;2.0;53.89;97.99;120.53
TEN000082;2.0;14.2;24.38;29.99
TEN000083;1.0;58.22;97.55;119.99
TEN000084;12.0;12.73;22.76;27.99
TEN000085;3.0;49.21;82.92;101.99
TEN000086;5.0;57.63;101.62;124.99
TEN000087;0.0;22.63;36.58;44.99
TEN000088;23.0;20.32;37.03;39.99
TEN000089;3.0;89.79;157.4;169.99
TEN000090;6.0;11.3;19.5;23.99
TEN000091;15.0;9.76;17.07;20.99
TEN000092;10.0;13.5;24.38;29.99
TEN000093;1.0;43.4;72.35;88.99
TEN000094;1.0;280.76;451.21;554.99
TEN000095;3.0;71.04;126.01;154.99
TEN000096;1.0;18.56;31.7;38.99
TEN000097;3.0;83.27;139.83;171.99
TEN000098;5.0;15.52;26.01;31.99
TEN000099;14.0;22.72;45.52;55.99
TEN000100;0.0;20.37;37.04;45.56
TEN000101;13.0;34.79;56.9;69.99
TEN000102;1.0;107.34;162.59;199.99
TEN000103;18.0;4.6;8.12;9.99
TEN000104;12.0;10.31;17.88;21.99
TEN000105;12.0;43.41;72.35;88.99
TEN000106;9.0;23.07;40.64;49.99
TEN000107;1.0;38.67;65.03;79.99
TEN000108;22.0;17.31;30.07;36.99
TEN000109;3.0;75.98;130.07;159.99
TEN000110;3.0;36.25;61.78;75.99
TEN000111;9.0;15.24;26.82;32.99
TEN000112;4.0;26.41;48.02;59.06
TEN000113;4.0;31.08;56.5;69.5
TEN000114;1.0;125.28;211.37;259.99
TEN000115;12.0;18.05;32.51;39.99
TEN000116;2.0;76.53;130.07;159.99
TEN000117;1.0;64.71;109.75;134.99
TEN000118;10.0;10.53;17.88;21.99
TEN000119;12.0;8.51;14.63;17.99
TEN000120;8.0;42.43;73.16;89.99
TEN000121;12.0;16.12;28.45;34.99
TEN000122;12.0;20.3;36.91;45.4
TEN000123;48.0;3.05;6.5;7.99
TEN000124;1.0;73.23;130.07;159.99
TEN000125;5.0;5.67;10.56;12.99
TEN000126;12.0;18.41;32.51;39.99
TEN000127;12.0;10.99;19.5;23.99
TEN000129;12.0;18.21;32.4;34.99
TEN000130;9.0;11.94;21.13;25.99
TEN000131;9.0;31.62;56.09;68.99
US£000001;0.0;60.0;60.15;73.99
US£000002;0.0;41.0;43.89;53.99
US£000003;0.0;500.0;526.82;647.99
US£000004;0.0;26.63;44.71;54.99
US£000005;0.0;10.0;1.0;1.23
US£000006;0.0;8.13;8.13;10.0
US£000007;0.0;10.0;333.33;410.0
US£000008;0.0;1.0;600.0;738.0
US£000009;0.0;400.0;390.0;479.7
US£000010;0.0;200.0;222.22;273.33
US£000011;0.0;480.0;480.0;590.4
US£000012;0.0;150.0;200.0;246.0
US£000013;0.0;20.64;25.8;31.73
US£000014;0.0;40.65;2.81;3.46
US£000015;0.0;1.0;0.81;1.0
US£000016;0.0;0.0;0.0;0.0
US£000017;0.0;0.0;0.0;0.0
US£000018;0.0;0.8;16.26;20.0
US£000019;0.0;1.0;100.0;123.0
US£000020;0.0;25.0;25.0;30.75
US£000021;0.0;120.0;0.0;0.0
US£000022;0.0;0.0;0.0;0.0
US£000023;1.0;25.0;118.25;145.45
US£000024;0.0;121.95;150.4;184.99
US£000025;0.0;22.76;22.76;27.99
US£000026;0.0;103.0;103.24;126.99
US£000027;0.0;0.0;0.0;0.0
US£000028;0.0;138.32;172.9;212.67
US£000029;0.0;47.0;47.0;57.81
US£000030;0.0;0.0;0.0;0.0
US£000031;0.0;1600.0;2909.09;3578.18
VIKA0001;3.0;21.14;53.65;65.99
VIKA0002;11.0;19.47;39.83;48.99
VIKA0003;14.0;37.95;77.23;94.99
VIKA0004;17.0;19.89;36.16;44.48
VIKA0005;8.0;16.27;33.33;40.99
VIKA0006;7.0;12.47;24.38;29.99
VIKA0007;8.0;12.68;26.01;31.99
VIKA0008;8.0;36.65;74.79;91.99
VIKA0009;12.0;12.99;26.82;32.99
VIKA0010;18.0;81.4;165.85;203.99
VIKA0011;8.0;49.41;100.8;123.99
VIKA0012;1.0;100.38;186.17;228.99
VIKA0013;6.0;131.48;268.28;329.99
VIKA0014;5.0;110.79;226.01;277.99
VIKA0016;2.0;48.67;88.61;108.99
VIKA0017;20.0;13.59;24.38;29.99
VIKA0018;7.0;16.61;32.51;39.99
VIKA0019;6.0;16.27;32.51;39.99
VIKA0020;9.0;21.01;40.64;49.99
VIKA0021;4.0;18.96;48.77;59.99
VIKA0022;4.0;22.45;52.84;64.99
VIKA0023;7.0;13.79;36.25;44.59
VIKA0024;4.0;6.38;23.57;28.99
VIKA0025;2.0;11.01;22.76;27.99
VIKA0026;0.0;40.62;73.16;89.99
VIKA0028;1.0;17.2;24.38;29.99
VIKA0029;0.0;70.85;130.07;159.99
VIKA0030;2.0;38.35;97.55;119.99
VIKA0031;4.0;61.17;124.38;152.99
VIKA0032;10.0;89.7;182.92;224.99
VIKA0033;6.0;36.66;74.79;91.99
VIKA0035;10.0;65.86;134.14;164.99
VIKA0036;4.0;12.73;26.01;31.99
VIKA0037;25.0;24.39;51.21;62.99
VIKA0038;0.0;17.38;31.7;38.99
VIKA0039;5.0;12.68;24.38;29.99
VIKA0040;3.0;11.01;20.32;24.99
VIKA0042;12.0;56.88;115.44;141.99
VIKA0043;6.0;18.41;37.39;45.99
VIKA0044;0.0;149.5;251.54;309.39
VIKA0045;0.0;46.9;78.85;96.99
VIKA0046;0.0;72.7;243.89;299.99
VIKA0048;12.0;59.31;150.4;184.99
VIKA0049;0.0;21.45;39.02;47.99
VIKA0050;0.0;130.48;237.39;291.99
VIKA0051;0.0;64.91;117.88;144.99
VIKA0052;0.0;21.77;39.02;47.99
VIKA0053;9.0;16.27;33.33;40.99
VIKA0054;6.0;38.79;81.29;99.99
VIKA0055;12.0;10.45;26.82;32.99
VIKA0056;8.0;9.38;24.38;29.99
VIKA0057;0.0;47.84;86.98;106.99
VIKA0058;1.0;415.8;670.72;824.99
VIKA0059;0.0;61.65;112.19;137.99
VIKA0060;0.0;45.69;82.92;101.99
VIKA0061;0.0;86.6;158.53;194.99
VIKA0062;4.0;44.23;113.81;139.99
VIKA0063;2.0;112.47;203.24;249.99
VIKA0064;40.0;29.13;60.15;73.99
VIKA0065;0.0;12.6;21.94;26.99
VIKA0066;0.0;63.35;115.18;141.67
VIKA0067;4.0;13.4;21.94;26.99
VIKA0068;5.0;14.96;38.2;46.99
VIKA0069;2.0;25.44;64.22;78.99
VIKA0070;0.0;24.37;44.71;54.99
VIKA0071;6.0;32.74;58.53;71.99
VIKA0072;0.0;15.29;24.38;29.99
VIKA0073;4.0;12.38;24.38;29.99
VIKA0074;0.0;86.6;162.59;199.99
VIKA0075;0.0;18.71;34.14;41.99
VIKA0076;6.0;37.51;78.85;96.99
VIKA0077;2.0;33.5;85.36;104.99
VIKA0079;3.0;40.14;78.85;96.99
VIKA0080;5.0;29.09;68.28;83.99
VIKA0081;2.0;47.77;94.3;115.99
VIKA0082;3.0;38.53;81.29;99.99
VIKA0083;2.0;11.07;28.45;34.99
VIKA0084;3.0;21.47;39.02;47.99
VIKA0085;45.0;18.62;49.59;60.99
VIKA0086;0.0;80.54;146.44;180.12
VIKA0087;2.0;14.69;24.38;29.99
VIKA0088;0.0;177.11;252.02;309.99
VIKA0089;1.0;19.94;36.58;44.99
VIKA0090;0.0;173.39;247.96;304.99
VIKA0091;0.0;53.47;97.55;119.99
VIKA0092;20.0;8.87;20.32;24.99
VIKA0093;2.0;53.47;97.55;119.99
VIKA0094;2.0;10.45;26.82;32.99
VIKA0095;4.0;19.87;46.33;56.99
VIKA0097;5.0;23.48;55.28;67.99
VIKA0098;1.0;32.74;81.29;99.99
VIKA0099;2.0;27.71;48.77;59.99
VIKA0100;6.0;9.23;24.38;29.99
VIKA0101;0.0;1616.0;2938.18;3613.96
VIKA0102;2.0;72.72;182.92;224.99
VIKA0103;1.0;62.84;113.81;139.99
VIKA0104;2.0;36.63;60.97;74.99
VIKA0105;2.0;64.34;117.88;144.99
VIKA0106;0.0;53.63;89.42;109.99
VIKA0107;0.0;127.74;232.25;285.67
VIKA0108;0.0;62.76;113.81;139.99
VIKA0109;0.0;32.11;58.53;71.99
VIKA0110;0.0;8.06;14.63;17.99
VIKA0111;16.0;18.62;83.73;102.99
VIKA0112;0.0;63.43;115.44;141.99
VIKA0113;0.0;103.29;186.98;229.99
VIKA0114;0.0;66.62;121.13;148.99
VIKA0115;0.0;41.7;75.6;92.99
VIKA0116;0.0;10.45;21.13;25.99
VIKA0117;0.0;43.08;78.04;95.99
VIKA0118;0.0;8.89;16.25;19.99
VIKA0119;0.0;25.22;45.52;55.99
VIKA0120;0.0;16.81;30.89;37.99
VIKA0121;0.0;480.61;873.98;1074.99
VIKA0122;0.0;389.86;708.93;871.99
VIKA0123;0.0;19.52;35.76;43.99
VIKA0124;0.0;25.91;47.15;57.99
VIKA0125;0.0;63.64;115.44;141.99
VIKA0126;0.0;35.53;65.03;79.99
VIKA0127;2.0;22.35;44.71;54.99
VIKA0128;6.0;12.14;24.38;29.99
VIKA0129;2.0;53.47;97.55;119.99
VIKA0130;2.0;25.97;49.59;60.99
VIKA0131;0.0;20.96;38.2;46.99
VIKA0132;0.0;36.2;65.03;79.99
VIKA0133;0.0;29.48;53.65;65.99
WIP000001;102.0;1.22;4.06;4.99
WIP000003;5.0;4.0;8.93;10.99
WIP000004;88.0;12.0;34.95;42.99
WIP000010;0.0;4.0;10.56;12.99
WIP000011;0.0;4.0;8.12;9.99
WIP000012;0.0;6.0;11.37;13.99
WIP000013;0.0;36.0;65.85;80.99
WIP000014;0.0;30.0;56.9;69.99
WIP000015;50.0;2.05;5.28;6.49
WIP000016;22.0;7.0;13.0;15.99
YOU000033;0.0;370.0;885.0;1088.55
YOU000034;0.0;172.5;382.5;470.48
YOU000035;0.0;196.25;392.5;482.78
YOU000036;0.0;210.0;397.5;488.93
YOU000037;2.0;950.0;1727.63;2124.99
YOU000039;0.0;1680.0;3600.0;4428.0
YOU000043;0.0;7.35;12.19;14.99
YOU000044;0.0;5.85;9.75;11.99
YOU000045;0.0;5.72;9.75;11.99
YOU000047;0.0;10.22;16.25;19.99
YOU000048;0.0;10.18;16.25;19.99
YOU000049;0.0;11.24;20.44;25.14
YOU000051;0.0;157.3;302.5;372.08
YOU000052;0.0;150.0;292.5;359.78
YOU000053;0.0;529.55;2845.52;3499.99
YOU000054;0.0;187.5;313.0;384.99
YOU000056;0.0;124.2;447.15;550.0
YOU000057;0.0;222.2;632.73;778.26
YOU000060;0.0;100.0;385.0;473.55
YOU000062;0.0;798.0;2760.0;3394.8
YOU000063;0.0;400.0;800.0;984.0
YOU000064;0.0;160.0;300.0;369.0
YOU000067;0.0;160.0;300.0;369.0
YOU000068;0.0;400.0;800.0;984.0
YOU000069;0.0;7.5;6.7;8.24
YOU000071;2.0;110.0;260.56;320.49
YOU000073;0.0;0.25;369.55;454.55
YOU000076;0.0;1403.6;3357.89;4130.2
YOU000077;0.0;148.0;270.0;332.1
YOU000078;0.0;1139.6;2816.0;3463.68
YOU000079;0.0;42.0;84.0;103.32
YOU000080;0.0;46.0;92.0;113.16
YOU000081;0.0;10.5;0.0;0.0
YOU000082;0.0;226.8;412.36;507.2
YOU000083;0.0;248.4;451.64;555.52
YOU000084;0.0;105.0;191.05;234.99
YOU000085;0.0;324.0;589.09;724.58
YOU000086;0.0;500.0;909.09;1118.18
YOU000087;0.0;500.0;909.09;1118.18
YOU000088;0.0;200.0;363.64;447.28
YOU000089;0.0;263.25;478.64;588.73
YOU000090;0.0;270.0;490.91;603.82
YOU000091;0.0;7.61;0.0;0.0
YOU000092;0.0;100.0;186.98;229.99
YUO000005;0.0;150.0;299.99;368.99
YUO000012;0.0;601.0;1200.8;1476.99
YUO000013;0.0;118.75;590.0;725.7
YUO000015;0.0;105.0;500.0;615.0
YUO000016;0.0;30.0;97.55;119.99
YUO000018;0.0;262.5;509.09;626.18
YUO000019;0.0;27.0;60.0;73.8
YUO000024;0.0;150.0;300.0;369.0
YUO000025;0.0;221.25;382.5;470.48
YUO000028;0.0;169.68;310.0;381.3
YUO000030;0.0;85.6;199.99;245.99
YUO000031;0.0;69.75;180.0;221.4
