S	Rodzaj	Symbol	Nazwa	Stan	Dostępne	J.m.	hurtowa netto	hurtowa brutto	Opis	CN
 	towar	ŻNP	ŻELAZKO NA PARĘ STEAM POWER	0	0	szt.	0	0		
 	towar	ŻELAZKO	ŻELAZKO	0	0	szt.	0	0		
 	towar	ŻP/4	Żel Pomarańczowy 4L	0	0	szt.	50	61,5		
 	towar	ŻP/05	Żel Pomarańczowy 0,5L	0	0	szt.	7,5	9,23		
 	towar	ŻL/4,5	ŻEL LEO 4,5L	0	0	szt.	0	0	pomarańczowy, do mycia rąk	
 	towar	ŻL/15	ŻEL LEO 15 L	0	0	szt.	0	0		
 	towar	7	ŻEL LEO  0,5L	0	0	szt.	0	0	pomarańczowy, do mycia rąk	
 	towar	ŻDW/750	ŻEL DO WC 750ML	0	0	szt.	0	0	morski	
 	towar	ŻDC/750	ŻEL DO WC 750ML	0	0	szt.	0	0	cytrynowy	
 	towar	RO-ŻWC/5	Żel do WC 5 KG	0	0	szt.	29,65	36,47		
 	towar	RO-WC/05	Żel do WC 0,5L	0	0	szt.	1,8	2,21		
 	towar	210.100	ŻEL DO PLASTIKÓW ZEWNĘTRZNYCH 250ML	0	0	szt.	17,5	21,53	wycofany	3405 30 00
 	towar	210.141	ŻEL DO PLASTIKÓW ZEWNĘTRZNYCH 250ML	0	0	szt.	28,98	35,65	NanoPro	3405 30 00
 	towar	235.100	ŻEL DO NABŁYSZCZANIA OPON 250 ML	0	0	szt.	19,95	24,54	wycofany, Xtreme 	
 	towar	ŻMS/400	ŻEL DO MYCIA SKÓRY 400 G	0	0	szt.	0	0		
 	towar	429.200	ŻEL DO FELG 500ML	0	0	szt.	18,98	23,35		3402 20 90
 	towar	ECO2044	Żel do czyszczenia rąk 4,5L	0	0	szt.	0	0		
 	towar	ŻC/4	Żel Cytrynowy 4L	0	0	szt.	58	71,34		
 	towar	ŻC/05	Żel Cytrynowy 0,5L	0	0	szt.	8,5	10,46		
 	towar	B30518	Żarówki SUPER WHITE H7 12V 55W,x2szt. 	0	0	szt.	20,91	25,72	Bottari	
 	towar	B30516	Żarówki SUPER WHITE H5 12V 60/55W ,x2szt. 	0	0	szt.	20,91	25,72	Bottari	
 	towar	1	ŻARÓWKI RING 12V H7 55W 	0	0	szt.	6,6	8,12	K2, PX26D	
 	towar	PY21W	ŻARÓWKI PY 21 W POMARAŃCZOWE 2 SZT.	0	0	szt.	0	0	12V , 21W	
 	towar	333941	ŻARÓWKI P21/5 W	0	0	szt.	0	0	Auchan	
 	towar	P21W	ŻARÓWKI P 21 W BIAŁE 2 SZT.	0	0	szt.	0	0		
 	towar	B30159	Żarówki micro 12V 3W T10x 2 szt.	0	0	szt.	1,61	1,98	Bottari	
 	towar	B30146	Żarówki jednowłóknowe BA 15S 24/21W, 2 szt.	0	0	kpl.	1,2	1,48	Bottari	
 	towar	B30153	Żarówki jednowłóknowe BA 15S 12V-5W, 2 szt.	0	0	szt.	1,62	1,99	Bottari	
 	towar	B33801	Żarówki halogenowe H7 PREMIUM SUPER WHITE 12V55W	0	0	szt.	16,4	20,17	Bottari,komp. -2szt. 	
 	towar	CM/VISION	Żarówki CM VISION 12 V H7 55W - PX26D	0	0	szt.	3,45	4,24		
 	towar	2	ŻARÓWKI BOSMA 12V  H4 60/55W 	0	0	szt.	0	0	 P43T, GALON OLEJE: SYMBOL1314	
 	towar	B30176	Żarówki 24V 21W BA 15S jednowłóknowe, pomarańczowe	0	0	kpl.	1	1,23	Bottari	
 	towar	B30145	Żarówki 1-włóknowe BA 15S 12V 21W-BA 15S,x2 szt.	0	0	kpl.	1,89	2,32	Bottari	
 	towar	B/01	ŻARÓWKI 12V H1 55W P14, 5S	0	0	szt.	0	0	BOSMA	
 	towar	STM/CS	Żarówki 12V 5W CS 	0	0	szt.	0,42	0,52	K2; BOSMA	
 	towar	STM/R5W	Żarówki 12V 5W BA15S R5W	0	0	szt.	0,55	0,68	K2; BOSMA	
 	towar	STM/12V	Żarówki 12V 21/5W BAY15D P21 5W	0	0	szt.	0	0	BOSMA dwuwłukninowa, żarówki stopu,kierunkowskazy,  pak. po 10 szt.	
 	towar	STM/CM	Żarówki  STM/CM -12V H4 60/55W - P43	0	0	szt.	3,45	4,24	BOSMA	
 	towar	ŻARÓWKA	ŻARÓWKA SAMO. W5W 2 SZT.	0	0	szt.	0	0		
 	towar	R581	Żarówka RING 12V 21W BAU 15s -amber	0	0	szt.	1,27	1,56		
 	towar	R382	Żarówka RING 12V 21W  BA15s białe	0	0	szt.	0,57	0,7		
 	towar	ŻARÓWKA OKRĄGŁA	ŻARÓWKA OKRĄGŁA PY 21W	0	0	szt.	0	0		
 	towar	B30127	Żarówka halogenowa H7.12V,55W,x1szt.	0	0	szt.	5,81	7,15	Bottari	
 	towar	B30135	Żarówka halogenowa H4, 12V 60/55W-P43T,1szt. 	0	0	szt.	5,66	6,96	Bottari	
 	towar	B33800	Żarówka halogenowa H4 PREMIUM SUPER WHITE 12V60/55	0	0	szt.	16,4	20,17	Bottari, komp. -2szt.	
 	towar	B30582	Żarówka halogenowa H4 60/55W 12V P43 T,x1szt. 	0	0	szt.	8,07	9,93	Bottari	
 	towar	B30580	ŻARÓWKA HALOGENOWA H1 SUPER WHITE	0	0	szt.	0	0	Auchan	
 	towar	B30584	Żarówka halogenowa  H7 12V/55W	0	0	szt.	8,07	9,93	Bottari	
 	towar	B33823	Żarówka H7 G.PRIX 12V 55W SUPER WHITE,x1szt.	0	0	szt.	6,86	8,44	Bottari	
 	towar	B33818	Żarówka H7 G.PRIX 12V 55W SUPER WHITE,2szt	0	0	szt.	13	15,99	Bottari	
 	towar	B33816	Żarówka H7 G. PRIX 12V 60/55W HIGHT LIGHT,2szt.	0	0	szt.	11,7	14,39	Bottari	
 	towar	B33821	Żarówka H7 G. PRIX 12V 55W x1szt. 	0	0	szt.	5,61	6,9	Bottari	
 	towar	B33812	Żarówka H7 12V 55W SUPER WHITE x2szt. 	0	0	szt.	17,37	21,37	Bottari	
 	towar	B33811	Żarówka H412V 60/55W super white x2szt.	0	0	szt.	14,46	17,79	Bottari	
 	towar	B33817	Żarówka H4 G.PRIX 12V 60/55W P43T SUPER WHITE,2szt	0	0	szt.	13	15,99	Bottari	
 	towar	B33822	Żarówka H4 G. PRIX 12V 60/55W P43 T. SUPER WHITE 	0	0	szt.	6,86	8,44	Bottari, 1szt	
 	towar	B33820	Żarówka H4 G. PRIX 12V 60/55W P43 T,   x1szt. 	0	0	szt.	5,61	6,9	Bottari	
 	towar	B33815	Żarówka H4 G. PRIX 12V 60/55W P43 T HIGHT LIGHT,x2	0	0	szt.	11,7	14,39	Bottari, para-2szt. 	
 	towar	ŻAR/H1	ŻARÓWKA H1 CLEAR LIGHT	0	0	szt.	0	0	Auchan	
 	towar	ŻARÓWKA/1	ŻARÓWKA 12V H7 55W Px26 D	0	0	szt.	0	0		
 	towar	Ż230V	ŻARNIK ZESTAW 230V	0	0	szt.	0	0		
 	towar	232.500	Z-ZIMOWY PŁYN DO SPRYSKIWACZY XTREME NANOPRO 5L	0	0	szt.	19,99	24,59	wycofany, gotowy do użytku	3820 00 00
 	towar	ATA070916(P)	ZZIMOWY PŁYN DO SPRY. ICE FRESH 1L -60C KONCENTRAT	0	0	szt.	12,41	15,26	PROMOCJA	
 	towar	ZZ P	Z-Z  BIAŁA 2W PAPERNET	0	0	szt.	0	0	402292	
 	towar	Z-WORKI/35	Z-WORKI NA ŚMIECI Z TAŚMĄ 35 L	0	0	szt.	0	0	LIDL	
 	towar	Z-WORKI/20	Z-WORKI NA ŚMIECI HD 20lx50szt.	0	0	szt.	0	0		
 	towar	Z-WORKI/23	Z-WORKI NA ŚMIECI 60Lx25SZT.	0	0	szt.	0	0	mocne	
 	towar	Z-WOR/1	Z-WORKI NA ŚMIECI 60Lx25SZT.	0	0	szt.	0	0		
 	towar	Z-WORKI/12	Z-WORKI NA ŚMIECI 60/50szt. czarne	0	0	szt.	0	0		
 	towar	Z-WORKI/25	Z-WORKI NA ŚMIECI 60/50szt czerwone	0	0	szt.	0	0		
 	towar	Z-WORKI/60	Z-WORKI NA ŚMIECI 60/50szt czerwone	0	0	szt.	0	0		
 	towar	Z-WORKI/M	Z-WORKI NA ŚMIECI 60/20 szt niebieskie	0	0	szt.	0	0	LIDL ,60 L	
 	towar	Z-WORKI160/10	Z-WORKI NA ŚMIECI -160L X10SZT	0	0	szt.	0	0	BARWA	
 	towar	Z-WORKI/JAN	Z-WORKI 60LX20SZT	0	0	szt.	0	0	ETRA	
 	towar	Z-WOR/240	Z-WORKI 240L /10 SZT	0	0	szt.	0	0	DAFI	
 	towar	Z-WORKI240/20-NIE	Z-WORKI 240 L/ 20 SZT	0	0	szt.	0	0	Multichem	
 	towar	Z-WORKI160/25	Z-WORKI -160 L/25 SZT	0	0	szt.	0	0	DAFI	
 	towar	Z-739	Z-WORKI - 120L /10SZT.	0	0	szt.	3,14	3,86	ETRA	
 	usługa	WODA	ZUŻYCIE WODY I ODPROWADZENIE ŚCIEKOW WG UMOWY	0	0	szt.	0	0	Luty 2016 r.	
 	usługa	WODA /2	ZUŻYCIE WODY  WG UMOWY	0	0	szt.	0	0	Luty 2016 r.	
 	towar	55024	ZSZYWACZ METALOWY TYP 53	0	0	szt.	0	0		
 	towar	FIT/29/16	ZRASZACZ Pulsacyjny- metal	0	0	szt.	0	0	FITEX, do ogrodu	
 	towar	FIT/29	ZRASZACZ 3-ramienny- metal	0	0	szt.	0	0	FITEX, do ogrodu	
 	towar	B90802	Znaczki treningowe JUNIOR do gier treningowych	0	0	szt.	13,21	16,25	Bottari	
 	usługa	ZM/B	ZMYWARKA BOSCH	0	0	szt.	0	0	SMV50E10EU	
 	towar	DS10/1	ZMYWANIE WYKWITÓW WAPIENNYCH	0	0	szt.	18,02	22,16	wycofany,   Usuwanie nalotów zielonych	
 	towar	DS09/5	ZMYWANIE MCHÓW,POROSTÓW 5 L	0	0	szt.	180,03	221,44	  Usuwanie nalotów zielonych	
 	towar	ZMYWAK/10 SZT	ZMYWAK/10 SZT	0	0	szt.	0	0		
 	towar	72335	ZMYWAK Z WKŁADEM WASH 35CM	0	0	szt.	25,9	31,86		
 	towar	72325	ZMYWAK Z WKŁADEM WASH 25CM	0	0	szt.	20,7	25,46		
 	towar	ZMYWAK/1	ZMYWAK Z WKŁADEM 35 CM	0	0	szt.	0	0		
 	towar	ZMYWAK/MAXI	ZMYWAK MAXI A"5	0	0	szt.	0	0	Multichem	
 	towar	3030	ZMYWAK KUCHENNY A'5 SUPREME	0	0	szt.	0	0	Jack	
 	towar	TT8381	ZMYWAK DO OKIEN - REGULOW. 35 CM	0	0	szt.	20,3	24,97		
 	towar	ZMYWAK	ZMYWAK A'10	0	0	szt.	0	0		
 	towar	L150	ZMYWACZ UNIWERSALNY DO HAMULCÓW 500ML	0	0	szt.	0	0		
 	towar	6025001	ZMYWACZ PRZEMYSŁOWY -SPRAY 500 ML /CP/	0	0	szt.	0	0		3814 00 90
 	towar	L354	ZMYWACZ LAKIERU 400 ml	0	0	szt.	16,45	20,23	k2, usuwa stare powłóki lakiernicze 	
 	towar	6119 0940	ZMYWACZ HAM.I CZĘŚCI MONTAŻ. 30 L R589	0	0	szt.	0	0	FORCH	
 	towar	6119 0914	ZMYWACZ HAM. PREMIUM 600 ML. R510	0	0	szt.	0	0	Forch Polska	
 	towar	6118 0952	ZMYWACZ HAM. PREMIUM 30L. MR510	0	0	szt.	0	0	Forch Polska	
 	towar	ZH	ZMYWACZ DO HAMULCÓW 500ML	0	0	szt.	0	0	CHAMPION ; wielozadaniowy	
 	towar	836.400	ZMYWACZ DO HAMULCÓW 500 ML	0	0	szt.	9,98	12,28	wycofany, professional	
 	towar	6119 092P	ZMYWACZ DO HAMULCÓW 20 L,	0	0	szt.	0	0	FORCH,uniwersalny 3814-00-90	
 	towar	CL102	ZMYWACZ DO HAMULCÓW - 650 ML	0	0	szt.	0	0	ENYRUN	
 	towar	4217	ZMYWACZ DO HAMULCÓW - 600 ML	0	0	szt.	0	0	SJD, TARGET	
 	towar	6119 0946	ZMYWACZ DO HAM.I CZĘŚCI MONTAŻ. R5007 600 ML.	0	0	szt.	0	0	FORCH	
 	towar	W128	ZMYWACZ DO GAŹNIKÓW 	0	0	szt.	7,95	9,78	12k	
 	towar	T10	ZMYWACZ DO ETYKIET CYTRUSOWY 400ML.	0	0	szt.	0	0	SJD	3402 20 90
 	towar	34621	ZMYWACZ DO ELEMENTÓW ELEKTRYCZNYCH 500ML	0	0	szt.	0	0		
 	towar	CL601	ZMYWACZ CYTRUSOWY 500ML	0	0	szt.	0	0	ENYRUN ; do naklejek	
 	towar	2581	Zmiotka+szufelka kompakt	0	0	szt.	0	0		
 	towar	ZMIOTKA	ZMIOTKA PLASTIKOWA	0	0	szt.	0	0	CHEMDOM	
 	towar	A 08-132	ZMIOTKA NYLON  DREWNIANA	0	0	szt.	0	0	Crawtico	
 	towar	A 08-102	ZMIOTKA NYLON	0	0	szt.	0	0	Crawtico 	
 	towar	1829	Zmiotka gospodarcza	0	0	szt.	0	0		
 	towar	ZM06/430	ZMIOTKA DREWNIANA EKO 430	0	0	szt.	5,65	6,95	43 cm	
 	towar	ZM06/280	ZMIOTKA DREWNIANA EKO 280	0	0	szt.	3,33	4,1	28 cm	
 	towar	ZMIOTKA/D	ZMIOTKA DREWNIANA 	0	0	szt.	0	0	Jack, art. 0050	
 	towar	LEŃ/ PLASTIKOWY	ZMIOTKA +SZUFELKA LEŃ	0	0	szt.	0	0	,Leniuch	
 	towar	SZUFELKA/Z	ZMIOTKA +  Szufelka 	0	0	szt.	0	0	Chemdom	
 	towar	5560	ZMIOTKA - FLO	0	0	szt.	24,6	30,26	czarna	
 	towar	Z-KP/M	Z-MAUZER - BECZKA 1000L	0	0	szt.	0	0		
 	towar	ZWDN	Złączka węża DN 38mm	0	0	szt.	0	0		
 	towar	ZŁĄCZKA/1	ZŁĄCZKA SZYBKOZŁĄCZA	0	0	szt.	0	0	21SFIW10MXX 1/8"W	
 	towar	ZŁĄCZKA/2	ZŁĄCZKA SZYBKOZŁĄCZA	0	0	szt.	0	0	21SFAW10MXX 1/8"Z	
 	towar	ZR	ZŁĄCZKA RUROWA ROZPYLACZA	0	0	szt.	31	38,13	element nr 7	
 	towar	ZMW	Złączka międzywężowa	0	0	szt.	0	0		
 	towar	ZŁM22	Złączka M22	0	0	szt.	0	0		
 	towar	ZŁĄCZKA GZI/2	Złączka GZI/2 WĄŻ 8 MM	0	0	szt.	0	0	Leroy Merlin	
 	towar	ZE	Złączka elastyczna	0	0	szt.	0	0		
 	towar	9207	ZŁĄCZKA DWUSTRONNA 1/2"	0	0	szt.	0	0	z gw. zew	
 	towar	53/5	Złączka dwustr.1/4"Z GW. WEWN.	0	0	szt.	0	0		
 	towar	ZD	Złączka dalsza	0	0	szt.	0	0		
 	towar	5764	ZŁĄCZKA 1/4"W x 1/2"Z 	0	0	szt.	0	0		
 	towar	6075	ZŁĄCZKA  GŁOWICY	0	0	szt.	0	0	do HIPPO	
 	towar	Z/D	ZŁĄCZEDWUSTRONNE DO WĘŻA 10 M	0	0	szt.	0	0		
 	towar	ZW	Złącze wężowe	0	0	szt.	0	0		
 	towar	ZŁ1/4	Złącze wew. 1/4	0	0	szt.	0	0		
 	towar	Z/40	Złącze odk. 40	0	0	szt.	0	0		
 	towar	S408	Złącze obrotowe 1/4"	0	0	szt.	0	0		
 	towar	ZO	Złącze obrotowe	0	0	szt.	0	0		
 	towar	ZC	Złącze ciśnieniowe	0	0	szt.	0	0		
 	towar	ZŁĄCZKA	ZŁĄCZCZKA NAPRAWCZA DO LANCY PLASTIKOWEJ	0	0	szt.	15,8	19,43		
 	towar	ZŁ/3	ZŁACZKA 1/8	0	0	szt.	0	0		
 	towar	150111	ZŁACZKA  DO MIKROWŁĄCZNIKA AG	0	0	szt.	90,98	111,91	mosiądz	
 	usługa	Z-KP/P(1)	Z-koszt.transportu	0	0	szt.	0	0	Poczta Polska, refaktura kosztów transportu	
 	usługa	Z-KP/P	z-KOSZT TRANSPORTU	0	0	szt.	0	0	Poczta Polska,	
 	towar	232.509	ZIMOWY PŁYN DO SPRYSKIWACZY XTREME NANOPRO 2L	0	0	szt.	14,25	17,53	wycofany, koncentrat 	3820 00 00
 	towar	232.300	ZIMOWY PŁYN DO SPRYSKIWACZY XTREME NANOPRO 1L	0	0	szt.	11,58	14,24	 koncentrat 	3820 00 00
 	towar	232.405	ZIMOWY PŁYN DO SPRYSKIWACZY XTREME NANO PRO 4L	0	0	szt.	18,43	22,67	gotowy do użytku	3820 00 00
 	towar	232.405-P	ZIMOWY PŁYN DO SPRYSKIWACZY XTREME NANO PRO 4L	0	0	szt.	26,98	33,19	PROMOCJA 7+1 za 0,20 zł	3820 00 00
 	towar	PAR073376	ZIMOWY PŁYN DO SPRYSKIWACZY WINTERSPRINT 5L -20C 	0	0	szt.	17,44	21,45	JEŻYNA Z JAGODĄ	
 	towar	PAR073383	ZIMOWY PŁYN DO SPRYSKIWACZY WINTERSPRINT 5L -20C 	0	0	szt.	17,44	21,45	MALINA Z POZIOMKĄ	
 	towar	TASK	ZIMOWY PŁYN DO SPRYSKIWACZY TASK -20C 5L	0	0	szt.	0	0	TASK	
 	towar	GLICAR	ZIMOWY PŁYN DO SPRYSKIWACZY GLICAR -20C 5L	0	0	szt.	0	0	GLICAR, AUTO PLAY	
 	towar	ZP/5-K	ZIMOWY PŁYN DO SPRYSKIWACZY -80 C  5L- KONCENTRAT	0	0	szt.	0	0	PHENIX, KONCENTRAT etanol, pod przetarg	
 	towar	ZP/5- PLAK	ZIMOWY PŁYN DO SPRYSKIWACZY 5L -20C	0	0	szt.	15,48	19,04	Plak	
 	towar	Z/ K	ZIMOWY PŁYN DO SPRYSKIWACZY 500L - KONCENTRAT 	0	0	szt.	0	0	Pod TOMILA; dolewka do letniego(zimowy -30 C gotowy)	
 	towar	ZP/5	ZIMOWY PŁYN DO SPRYSKIWACZY 5 L	0	0	szt.	0	0	PHENIX, , etanol (-22*C)	3820 00 00
 	towar	ATA070138	ZIMOWY PŁYN DO SPRYSKIWACZY 4 L -KONCENTRAT	0	0	szt.	35,93	44,19	PLAK	
 	towar	ZP50000/5	ZIMOWY PŁYN DO SPRYSKIWACZY -30C 5L	0	0	szt.	0	0	KEMKO, gotowy do użytku,	
 	towar	ZP/1000/-30	ZIMOWY PŁYN DO SPRYSKIWACZY -30C - 1000L	0	0	szt.	0	0	FLUKAR :na alkoholu etylowym	
 	towar	ATA073352	ZIMOWY PŁYN DO SPRYSKIWACZY -22st ICE BREAKER 4L	0	0	szt.	19,3	23,74	ATAS	
 	towar	ATA073352(P)	ZIMOWY PŁYN DO SPRYSKIWACZY -22st ICE BREAKER 4L	0	0	szt.	19,3	23,74	PROMOCJA 	
 	towar	ZP500/5	Zimowy płyn do spryskiwaczy -22C 5l.	0	0	szt.	13,69	16,84	FLUKAR, NA ETANOLU, gotowy do użycia 	
 	towar	ZP5000/5 	Zimowy Płyn do spryskiwaczy -22C 5l.	0	0	szt.	13,69	16,84	LIBERIX, gotowy do użytku	
 	towar	ZPS/5 -NIE	ZIMOWY PŁYN DO SPRYSKIWACZY -22C 5L 	0	0	szt.	10,7	13,16	PHENIX, gotowy do użytku	
 	towar	ZP/1000/-22	ZIMOWY PŁYN DO SPRYSKIWACZY -22'C  	0	0	szt.	0	0	PHENIX, ETANOL, MAUZER	
 	towar	ZP/1000/-22/1	ZIMOWY PŁYN DO SPRYSKIWACZY -22*C 1000 L.  	0	0	szt.	0	0	PHENIX, ETANOL, MAUZER	
 	towar	ZPM/5	ZIMOWY PŁYN DO SPRYSKIWACZY -22 M 5L	0	0	szt.	0	0	PHENIX, METANOL	
 	towar	332.400-P	ZIMOWY PŁYN DO SPRYSKIWACZY -20'C 4L	0	0	szt.	0	0	promocja 7+1 za 0,20 zł	
 	towar	332.400	ZIMOWY PŁYN DO SPRYSKIWACZY -20'C 4L 	0	0	szt.	20,85	25,65	gotowy do użycia	3820 00 00
 	towar	ZP50/5	Zimowy Płyn do Spryskiwaczy - 35 stopni C - op. 5L	0	0	szt.	0	0	PHENIX, gotowy do użytku	
 	towar	332.441	ZIMOWY PŁYN DO SPRYSKIWACZY - 20 C 2L	0	0	szt.	8,49	10,44	gotowy do użycia;	
 	towar	332.805	ZIMOWY PŁYN DO SPRYSKIWACZA 60L	0	0	szt.	461,5	567,65	wycofany	
 	towar	332.505	ZIMOWY PŁYN DO SPRYSKIWACZA 5L	0	0	szt.	44,52	54,76	wycofany	
 	towar	332.500	ZIMOWY PŁYN DO SPRYSKIWACZA 5L	0	0	szt.	31,98	39,34	wycofany	
 	towar	332.241	ZIMOWY PŁYN DO SPRYSKIWACZA 500 ML	0	0	szt.	5,92	7,28	wycofany	
 	towar	332.509	ZIMOWY PŁYN DO SPRYSKIWACZA 2L	0	0	szt.	19,86	24,43	wycofany	
 	towar	332.541	ZIMOWY PŁYN DO SPRYSKIWACZA 2L	0	0	szt.	15,25	18,76	wycofany	
 	towar	332.100	ZIMOWY PŁYN DO SPRYSKIWACZA 250 ML	0	0	szt.	3,41	4,19	wycofany	
 	towar	332.300	ZIMOWY PŁYN DO SPRYSKIWACZA 1L	0	0	szt.	10,38	12,77	wycofany	
 	towar	ORGANIKA	ZIMOWY PŁYN DO SPRYSK. ORGANIKA -21C 4L	0	0	szt.	0	0	pomarańcza i cynamon	
 	towar	ADIXOL	ZIMOWY PŁYN DO SPRYSK. ADIXOL -21C 4L	0	0	szt.	0	0	Powiew luksusu	
 	towar	ATA070916	ZIMOWY PŁYN DO SPRY. ICE-FRESH 1L -60C KONCENTRAT	0	0	szt.	9,57	11,77	PLAK	
 	towar	MYJKA	ZIMNOWODNE URZĄDZENIE CIŚNIENIOWE	0	0	szt.	0	0	Elektro - Serwis, Myjka  TX 300  14.180	
 	towar	ZGARNICZ	ZGARNIACZ DO ŚNIEGU 66 CM	0	0	szt.	0	0		
 	towar	ZESTAW /ŁAD	Zestaw: szybka ładowarka + bateria 36 V/2,5 Ah	0	0	szt.	0	0	EFEKT	
 	towar	ZESTAW/1	Zestaw: kij, mop płaski, stelaż TTS 50cm	0	0	szt.	0	0		
 	towar	ZESTAW/2	Zestaw: kij tel.3cz, bar.do ok.35 cm,zb do okien35	0	0	szt.	0	0		
 	towar	B30571	Zestaw żarówek H7 12V 55W z bezpiecznikami	0	0	szt.	9,5	11,69	Bottari	
 	towar	B30570	Zestaw żarówek H4 12V 60/55W z bezpiecznikami	0	0	szt.	9,5	11,69	Bottari	
 	towar	ZZ	Zestaw zaworów	0	0	szt.	0	0		
 	towar	6.605.0065	ZESTAW ZAWORKI SSĄCTŁOCZĄCE 21 L	0	0	szt.	119	146,37	Lavor, ZESTAW 6SZT- MAMY ROZBITE NA SZT	
 	towar	B28046	Zestaw z żarówką halogenową H7 55W,	0	0	szt.	9,99	12,29	Bottari, 5 żarówek, 2 bezpieczniki	
 	towar	B28045	Zestaw z żarówką halogenową H4 60/55W	0	0	szt.	9,99	12,29	Bottari. 5żarówek, 2 bez. 	
 	towar	WKRĘTAKI	ZESTAW WKRĘTAKÓW	0	0	szt.	0	0		
 	towar	ZESTAW/W	ZESTAW WKRĘTAKÓW	0	0	szt.	0	0		
 	towar	BK24200	Zestaw wiosenny GRAND PRIX CLEAN CAR	0	0	szt.	10,16	12,5	Bottari, 5901698242008	
 	towar	ZST	ZESTAW WIERTEŁ 6SZT.	0	0	szt.	0	0		
 	towar	ZUW	Zestaw uszczelnień wodnych	0	0	szt.	0	0		
 	towar	6365-380	ZESTAW USZCZELNIAJĄCY	0	0	szt.	0	0		
 	towar	ZU/PRO	Zestaw uszczelek Orion Pro+	0	0	szt.	13,49	16,59	blister	
 	towar	296	Zestaw uszczelek do lancy	0	0	szt.	0	0		
 	towar	43060	ZESTAW USZCZELEK DO KR 105	0	0	szt.	133,53	164,24	  	
 	towar	ZO8U	Zestaw uszczelek (ogólny)	0	0	kpl.	0	0		
 	towar	2880-296	Zestaw uszczelek	0	0	szt.	13,43	16,52		
 	towar	K710	ZESTAW ŚCIERECZEK Z MIKROFIBRY 30x35cm (4szt/op)	0	0	szt.	7,31	8,99		
 	towar	ZESTAW SZ/SZP	ZESTAW szczotka + szufelka z pokrywą	0	0	szt.	0	0	ANEKS KOD11393 (typu LEŃ)	
 	towar	ZS201	ZESTAW SPRZĄTAJĄCY DWUWIADERKOWY	0	0	szt.	438,16	538,94	2X17L	
 	towar	WAT.1626	Zestaw serwisowy VENUS SUPER SOLVENT LINE blister	0	0	szt.	24,15	29,7	FPM blister	
 	towar	ZESTAW	ZESTAW SERWISOWY VENUS SUPER PRO+	0	0	szt.	23,25	28,6	WAT.0828, blister	
 	towar	WAT.0829	Zestaw serwisowy VENUS SUPER ALKA LINE blister	0	0	szt.	24,15	29,7		
 	towar	WAT.1179	Zestaw serwisowy VENUS SUPER ACID blister	0	0	szt.	24,15	29,7		
 	towar	WAT.0822	Zestaw serwisowy ORION SUPER PRO+	0	0	szt.	25,85	31,8	aktualny kod: WAT.1623	
 	towar	WAT.1623	Zestaw serwisowy ORION SUPER HD ACID LINE blister	0	0	szt.	25,85	31,8		
 	towar	WAT.0823	Zestaw serwisowy ORION SUPER ALKA LINE blister	0	0	szt.	26,7	32,84		
 	towar	RĘCZNIKI	ZESTAW RĘCZNIKÓW	0	0	szt.	0	0		
 	towar	ZEST/PRZYŁĄCZY/PIANO	ZESTAW PRZYŁĄCZA LANCY PIANOWNICY	0	0	szt.	0	0	Komplet złączek do pianowncy żółtej lancy aby podłączyć sie do Karchera. Adaptor GZ BSP1/4/GZBSP 3/8, Uszczelka Dowty3/8, Uszczelka Dowty1/4,  Adaptor GZ M22X1,5/GZ 3/8, ZAKUP TUBES	
 	towar	226.941	ZESTAW PREMIUM CLASS NANO	0	0	szt.	222,42	273,58	wycofany, do ochrony lakieru,	
 	towar	200.941	ZESTAW PREMIUM CLASS DO POLEROWANIA LAKIERU	0	0	szt.	173,5	213,41	SZAFIROWY	
 	towar	556.052	ZESTAW PĘDZLI DO CZYSZCZENIA- op.7 szt.	0	0	szt.	19,58	24,08		
 	towar	OP4(1)	ZESTAW OPASEK ZACISKOWYCH METAL.	0	0	szt.	0	0	W OP. 6 RÓŻNYCH WIELKOŚCI OPASEK	
 	towar	6.005.0289	ZESTAW NAPRAWCZY ZAWORU BY-PASS (TOTAL STOP) 	0	0	szt.	0	0	Lavor	
 	towar	6.605.0289	ZESTAW NAPRAWCZY ZAWORU BY-PASS  (TOTAL STOP)	0	0	szt.	0	0	Lavor, 	
 	towar	150093	ZESTAW NAPRAWCZY WYŁ. CIŚ. MIN	0	0	szt.	104,11	128,06		
 	towar	400651	ZESTAW NAPRAWCZY USZCZELEK DO K3170 MAX	0	0	szt.	0	0	QUADRO 800-1200 f20	
 	towar	ZNU	Zestaw naprawczy uszczelek	0	0	szt.	0	0		
 	towar	12299	ZESTAW NAPRAWCZY STARLET II	0	0	szt.	45,72	56,24		
 	towar	Z08JV-H	ZESTAW NAPRAWCZY- INDUSTRY	0	0	szt.	23	28,29	MAROLEX	
 	towar	Z09J/7-H	ZESTAW NAPRAWCZY DYSZ - 7 szt	0	0	kpl.	20	24,6	MAROLEX	
 	towar	Z09J/5-H	ZESTAW NAPRAWCZY DYSZ - 5 szt	0	0	szt.	15	18,45	MAROLEX	
 	towar	553.141	ZESTAW NAPRAWCZY DO TŁUMIKOW	0	0	szt.	21,98	27,04		
 	towar	ZN/2	Zestaw naprawczy do lancy plastikowej	0	0	szt.	20,7	25,46		
 	towar	ZN/1	Zestaw naprawczy do lancy	0	0	szt.	0	0		
 	towar	BY-PASS	Zestaw naprawczy by-pass	0	0	szt.	0	0		
 	towar	LB05CP	Zestaw naprawczy	0	0	szt.	0	0	do inżektora, pvdf	
 	towar	ZN/H	ZESTAW NAPRAWCZY	0	0	szt.	0	0	do HIPPO,  wężyk 2.5m,złączka, złączka wężą, tuleja zaciskowa wężą	
 	towar	Z09J/3-H	ZESTAW NAPRAWCZY 	0	0	szt.	12	14,76	MAROLEX	
 	towar	ZW3/4	Zestaw na wąż 3/4'' DK19	0	0	szt.	0	0		
 	towar	MOP+WIADRO	ZESTAW MOP + WIADRO	0	0	szt.	0	0		
 	towar	ZESTAW ZIELONY	ZESTAW KOSMETYKÓW SONAX ZIELONY	0	0	szt.	0	0	338.241 + 306.200 + 357.241 + PLAK ŚCIERECZKI NAWILŻ GRATIS	
 	towar	ZESTAW XTREME	ZESTAW KOSMETYKÓW SONAX XTREME	0	0	szt.	0	0	215.300 + 238.241 + 230.200 + PLAK ŚCIERECZKI NAWILŻ GRATIS	
 	towar	ZESTAW KOSM	ZESTAW KOSMETYKÓW	0	0	szt.	0	0	zestawy promocyjne	
 	towar	ZKS	ZESTAW KOŃCÓWEK SPIENIAJĄCYCH 	0	0	szt.	52,9	65,07	WAT.1206  Pianownicy Venus Super Foamer blister	
 	towar	7105	ZESTAW KABLI WYSOKIEGO NAPIĘCIA F-126	0	0	szt.	8	9,84		
 	towar	GILLETTE	ZESTAW GILLETTE	0	0	szt.	0	0		
 	towar	6.205.0055	ZESTAW GĄBEK/USZCZELEK-SAHARA	0	0	szt.	0	0	Lavor	
 	towar	ZF100/150	ZESTAW FILTRÓW 100/150	0	0	szt.	0	0		
 	towar	Z/M	ZESTAW DO ZAMIATANIA	0	0	szt.	0	0		
 	towar	305.941	ZESTAW DO USUWANIA ZARYSOWAŃ 50ML	0	0	szt.	42,5	52,28		3405 30 00
 	towar	NAN000009	ZESTAW DO PIELĘGNACJI SKÓRY	0	0	szt.	145	178,35		
 	towar	113 P	ZESTAW DO PIELĘGNACJI SAMOCHODU LUX	0	0	szt.	11	13,53		
 	towar	405.941	ZESTAW DO ODNAWIANIA REFREKTORÓW	0	0	szt.	59,98	73,78		
 	towar	BK24191	Zestaw do mycia YELLOW 	0	0	szt.	20,64	25,39	Bottari, ściągaczka+ircha+gąbka+ścierka	
 	towar	0627	ZESTAW DO MYCIA SAMOCHODU	0	0	szt.	11,59	14,26		
 	towar	203.241	ZESTAW DO INTENSYWNEGO CZYSZCZENIA LAKIERU	0	0	szt.	47,95	58,98	wycofany, Xtreme	
 	towar	ZCZ	Zestaw części	0	0	szt.	0	0		
 	towar	Z7N	ZESTAW 7 NOŻY	0	0	szt.	0	0		
 	towar	B32102	ZESTAW 5 ŚCIERECZEK Z MIKROFIBRY	0	0	szt.	0	0	30x30cm, 100% poliester	
 	towar	236.100	ZESTAW - DO ZABEZPIECZANIA FELG 	0	0	szt.	37,38	45,98	wycofany, Xtreme 	
 	towar	235.200	ZESTAW - DO NABŁYSZCZANIA OPON 500ML	0	0	szt.	37,97	46,7	wycofany, xtreme	
 	towar	ZP	Zespół pompki ORION	0	0	szt.	42,2	51,91	WAT.0862	
 	towar	ZP/CZ	ZESPÓŁ POMKI ORION	0	0	szt.	40,98	50,41	czarna pomka ,ogrodowa SMZ0604	
 	towar	WAT.0887	Zespół końcówki lancy pianownicy ORION SUPER PRO +	0	0	szt.	43,49	53,49		
 	towar	WAT.0874	Zespół końcówki lancy ALKA LINE  blister	0	0	szt.	16,35	20,11		
 	towar	ZKL	Zespół końcówki lancy	0	0	szt.	15,5	19,07	WAT.0865	
 	towar	ZEGAREK	ZEGAREK LORUS	0	0	szt.	0	0		
 	towar	0296	ZEGAREK KOMPAS Z POJEMNIKIEM NA BILON	0	0	szt.	6,27	7,71		
 	towar	Z/SCO25	ZBIORNIK ROZPYLACZ 25 L	0	0	szt.	350	430,5	Pusty zbiornik ze stelażem	
 	towar	1102402917	ZBIORNIK NATRYSKU CHEMII 50 L-PIANOWNICA INOX	0	0	szt.	0	0		
 	towar	1102402903	ZBIORNIK NATRYSKU CHEMII 24 L - PIANOWNICA	0	0	szt.	0	0		
 	towar	1102402904	ZBIORNIK NATRYSKU CHEMII 24 L - OPRYSKIWACZ	0	0	szt.	0	0		
 	towar	S0SO02643G4	ZBIORNIK FUSTO 99	0	0	szt.	0	0	GR4000 do Dakoty115,lary	
 	towar	77325	ZBIERAK- DO SZYB WIND-O-DRY 25 CM	0	0	szt.	10,9	13,41		
 	towar	74335	ZBIERAK - ZE ZMYWAKIEM  35CM - COMBI	0	0	szt.	33,1	40,71		
 	towar	74325	ZBIERAK - ZE ZMYWAKIEM  25CM - COMBI	0	0	szt.	25,9	31,86		
 	towar	71335	ZBIERAK - WKŁAD WYMIENNY 35CM - PROFI	0	0	szt.	9,1	11,19	do zbieraka 78335, " WASH"	
 	towar	8056	ZBIERAK - DO SZYB 55CM	0	0	szt.	68,78	84,6	TS 8076 SYMBOL 	
 	towar	8054	ZBIERAK - DO SZYB 45CM	0	0	szt.	45,3	55,72		
 	towar	8054(1)	ZBIERAK - DO SZYB 45CM	0	0	szt.	59,01	72,58	TT 8075 SYMBOL	
 	towar	8052	ZBIERAK - DO SZYB 35CM	0	0	szt.	55,34	68,07	TS8072 SYMBOL	
 	towar	78335	ZBIERAK - DO SZYB 35 CM - PROFI	0	0	szt.	31,5	38,75	PROFI  CLEAN 	
 	towar	77330	ZBIERAK - DO SZYB 30 CM - WIND	0	0	szt.	10,9	13,41	WIND O - DRY	
 	towar	77330(1)	ZBIERAK - DO SZYB 30 CM - WIND	0	0	szt.	10,9	13,41	WIND O - DRY	
 	towar	8050	ZBIERAK - DO SZYB 25CM	0	0	szt.	37,5	46,13	TS	
 	towar	8002	ZBIERAK - DO OKIEN z REGULACJA 35 CM	0	0	szt.	39,1	48,09		
 	towar	ZZ/POLY	ZAWÓR ZWROTNY EPDM - POLY	0	0	szt.	0	0	 do inżektora FPM/PVDF	
 	towar	ZAWÓR	Zawór zwrotny	0	0	szt.	0	0		
 	towar	Z/1	Zawór VB75	0	0	szt.	0	0	w91-151-63, 220 bar, 301/m, G3/8F	
 	towar	ZMDR	ZAWÓR MIESZANIA DO ROZPYLACZA	0	0	szt.	0	0		
 	towar	ZL	Zawór lancy	0	0	szt.	0	0		
 	towar	1414	ZAWÓR KULOWY 1/4"	0	0	szt.	0	0	zw mini	
 	towar	ZAWÓR/2225	ZAWÓR GUMOWY DO PODAJNIKA MYDŁA	0	0	szt.	0	0		
 	towar	Z1/4	ZAWÓR DO ROZPYLACZA 24L	0	0	szt.	32,55	40,04	1/4-Kranik	
 	towar	Z/CLT	Zawór CLT	0	0	szt.	0	0		
 	towar	ZB-P1	Zawór BY-PASS	0	0	szt.	0	0	VB75	
 	towar	ZB-P	Zawór BY-PASS	0	0	szt.	0	0		
 	towar	ZB/1	Zawór bezpieczeństwa VB75	0	0	szt.	0	0	3/8 M - 1/2 M 220bar 	
 	towar	ZB/2	Zawór bezpieczeństwa V240 3/8"	0	0	szt.	0	0		
 	towar	WAT.0884	Zawór bezpieczeństwa ORION SUPER ALKA LINE blister	0	0	szt.	17,25	21,22		
 	towar	ZB/PRO+	Zawór bezpieczeństwa Orion Pro+	0	0	kpl.	17,25	21,22	WAT.0869	
 	towar	ZB	Zawór bezpieczeństwa do rozpylacza 24l	0	0	szt.	32,55	40,04		
 	towar	ZAWÓR/1	Zawór bezpieczeństwa	0	0	szt.	0	0		
 	towar	6.605.0065(1)-SZTUKI	ZAWORKI SSĄCTŁOCZĄCE 21 L	0	0	szt.	0	0	Lavor	
 	towar	ARA	ZAPRAWKA ARA - RENOWACYJNA	0	0	szt.	0	0		
 	towar	ARA/1	ZAPRAWKA ARA	0	0	szt.	0	0		
 	towar	ZAPINKA	ZAPINKA MOPA SZNURKOWEGO	0	0	szt.	0	0	Morawski	
 	towar	ZAPMK	ZAPINKA DO MOPA SZNURKOWEGO	0	0	szt.	18,62	22,9	niebieska	
 	towar	ZM/11	ZAPAS MALARSKI 11CM	0	0	szt.	0	0		
 	towar	ZP/11	ZAPAS DO NITRO 11CM	0	0	szt.	0	0		
 	towar	386.000	ZAPACH SAMOCHODOWY KASK VANILIA	0	0	szt.	12,39	15,24	wycofany	
 	towar	387.000	ZAPACH SAMOCHODOWY KASK SPORTOWY	0	0	szt.	12,39	15,24	wycofany	
 	towar	388.000	ZAPACH SAMOCHODOWY KASK CARAIBIK	0	0	szt.	12,39	15,24	wycofany	
 	towar	4000	Zapach samochodowy DEO SMILE	0	0	szt.	0	0		
 	towar	100116	ZAPACH SAMOCHODOWY AMBIPUR	0	0	szt.	0	0		
 	towar	6292	ZAPACH POWIETRZA KASK - WKŁAD	0	0	szt.	0	0	wycofany	
 	towar	502.041	ZAPACH ŁÓDKA VANILIA	0	0	szt.	1,97	2,42	wycofany	
 	towar	502.241	ZAPACH ŁÓDKA LEŚNY	0	0	szt.	1,97	2,42	wycofany	
 	towar	502.141	ZAPACH ŁÓDKA KWIATOWY	0	0	szt.	1,97	2,42	wycofany	
 	towar	501.041	ZAPACH KWIATEK MAŁY VANILIA	0	0	szt.	1,97	2,42	wycofany	
 	towar	501.200	ZAPACH KWIATEK MAŁY TRUSKAWKA	0	0	szt.	1,97	2,42	wycofany	
 	towar	501.241	ZAPACH KWIATEK MAŁY LEŚNY	0	0	szt.	1,97	2,42	wycofany	
 	towar	501.100	ZAPACH KWIATEK MAŁY JABŁKO	0	0	szt.	1,97	2,42	wycofany	
 	towar	500.241	ZAPACH KWIATEK DUŻY LEŚNY	0	0	szt.	1,97	2,42	wycofany	
 	towar	503.041	ZAPACH KACZOR VANILIA	0	0	szt.	1,97	2,42	wycofany	
 	towar	503.200	ZAPACH KACZOR TRUSKAWKA	0	0	szt.	1,97	2,42	wycofany	
 	towar	503.241	ZAPACH KACZOR LEŚNY	0	0	szt.	1,97	2,42	wycofany	
 	towar	503.141	ZAPACH KACZOR KWIATOWY	0	0	szt.	1,97	2,42	wycofany	
 	towar	503.100	ZAPACH KACZOR JABŁKO	0	0	szt.	1,97	2,42	wycofany	
 	towar	0007	ZAPACH FOREST GUM CHOINKA	0	0	szt.	0	0	wycofany	
 	towar	4015	ZAPACH FOREST DOG	0	0	szt.	0	0	wycofany	
 	towar	OD/FLOWER	ZAPACH FLOWER SHOP 300ML	0	0	szt.	0	0		
 	towar	2330	ZAPACH DRY-MON AREON	0	0	szt.	0	0	wycofany	
 	towar	4006	Zapach DR.MARCUS Autoperfume	0	0	szt.	0	0	wycofany	
 	towar	6316	ZAPACH AROMA- CAR PERFUME  	0	0	szt.	0	0	wycofany,50 ML	
 	towar	632	ZAPACH AROMA - DISC 	0	0	szt.	0	0	wycofany,15 ml	
 	towar	7024	ZAPACH AROMA  - 4 CAR	0	0	szt.	0	0	wycofany 	
 	towar	7617	ZAPACH AMBI-PUR MERSSUS	0	0	szt.	0	0	wycofany,max	
 	towar	4006AMBI	ZAPACH AMBI-PUR DR.MARCUS	0	0	szt.	0	0	wycofany	
 	towar	4007AMBI	ZAPACH AMBI-PUR DR. MARCUS WKŁAD	0	0	szt.	0	0		
 	towar	0082	ZAPACH  SENSO FLOWER	0	0	szt.	0	0	wycofany	
 	towar	0204	ZAPACH  MASKOTKA 	0	0	szt.	0	0	wycofany	
 	towar	6291	ZAPACH - KASK	0	0	szt.	0	0	wycofany,	
 	towar	631	ZAPACH  AROMA - GEL 	0	0	szt.	0	0	wycofany,50 ML	
 	towar	ZAMIATARKA/STIGA	Zamiatarka Spalinowa SWS 800G STIGA	0	0	szt.	0	0	zamiatarka spalinowa	
 	towar	ZAMIATARKA 650	ZAMIATARKA 	0	0	szt.	0	0		
 	towar	ZU50M	ZAMIATACZ ULICOWY METALOWY - 50 cm	0	0	szt.	0	0	METALIK	
 	towar	ZU40CM	ZAMIATACZ ULICOWY METALOWY - 40 cm	0	0	szt.	0	0	METALIK	
 	towar	ZU60M	ZAMIATACZ ULICOWY  METALOWY - 60 cm	0	0	szt.	0	0	METALIK	
 	towar	A 07-611	ZAMIATACZ 70 MIESZANKA Z UCHWYTEM	0	0	szt.	0	0	Crawtico	
 	towar	A 07-511	ZAMIATACZ 60 MIESZANKA Z UCHWYTEM	0	0	szt.	0	0	Crawtico	
 	towar	ZAMIATACZ 50	ZAMIATACZ 50 MIESZANY Z UCHWYTEM	0	0	szt.	0	0	MAGAZYNOWY, MIĘKKIE WŁOSIE	
 	towar	A 07-411	ZAMIATACZ 50 MIESZANKA Z UCHWYTEM	0	0	szt.	0	0	Crawtico	
 	towar	A 07-350	ZAMIATACZ 50 MIESZANKA	0	0	szt.	0	0	Chemdom	
 	towar	A 07-301	ZAMIATACZ 40 MIESZANKA	0	0	szt.	0	0	Crawtico	
 	towar	A 07-812	ZAMIATACZ 100 CM NYLON Z UCHWYTEM	0	0	szt.	0	0	Crawtico	
 	towar	ZU/100	ZAMIATACZ 100 CM	0	0	szt.	0	0		
 	towar	ZAMGŁAWIACZ	ZAMGŁAWIACZ ELEKTRYCZNY ULV F-16	0	0	szt.	0	0		
 	towar	ZAMEK	ZAMEKWPLOB90/50 OCYNK	0	0	szt.	0	0		
 	towar	ZAK TUL 08 	ZAKUCIE TULEJKA 08	0	0	szt.	0	0		
 	towar	ZAK/ K1-08	ZAKUCIE PRZEWODU K1-08	0	0	szt.	0	0	Karcher	
 	usługa	ZPU	ZAKUCIE PRZEWODU	0	0	szt.	0	0	K1-06 Karcher Nypel	
 	towar	RO-205	ZABÓJCA LODU 20KG	0	0	szt.	140	172,2		
 	towar	RO-205/5	ZABÓJCA  LODU 5 KG	0	0	szt.	48,88	60,12		
 	towar	ZZW	Zabezpieczenie zaczepu węża	0	0	szt.	0	0		
 	towar	270/10	ZABEZPIECZENIE GWINTÓW 270  10ml	0	0	szt.	0	0		
 	towar	243/50	Zabezpieczenie gwintów 243  50 ml	0	0	szt.	0	0		
 	towar	243/10	Zabezpieczenie gwintów 243   10 ml	0	0	szt.	0	0		
 	towar	WORKI/24	Z WORKI NA ŚMIECI 35Lx40SZT.	0	0	szt.	0	0	mocne	
 	towar	WORKI/26	Z WORKI NA ŚMIECI 35Lx16SZT.	0	0	szt.	0	0		
 	towar	WORKI/10	Z WORKI NA ŚMIECI 35LX15szt.	0	0	opak.	0	0	JAN	
 	towar	WORKI/13	Z WORKI N/ŚM. LD 120L 30 szt.	0	0	szt.	0	0		
 	towar	WORKI/15	Z WORKI N/ŚM MUL.TOP 35L 30x4 szt	0	0	szt.	0	0		
 	towar	WORKI/28	Z WORKI N/ŚM MUL.TOP 35L 20X4 szt.	0	0	szt.	0	0		
 	towar	WORKI/11	Z WORKI N/ŚM HD60L 100szt.	0	0	szt.	0	0		
 	towar	Z WORKI/16	Z WORKI N/ŚM HD 30L 150 szt.	0	0	op.	0	0		
 	towar	WORKI/17	Z WORKI N/ŚM 30L 5X36 szt.	0	0	szt.	0	0		
 	towar	WORKI/27	Z WORKI JN NA ŚMIECI 20Lx20SZT.	0	0	szt.	0	0		
 	towar	6904-210	Z Worki do NT 361, 35/1	0	0	szt.	0	0		
 	towar	6906-101	Z Worki do NT 351	0	0	opak.	33,57	41,29		
 	towar	738	Z WORKI -  60L /10SZT.	0	0	szt.	1,84	2,26	AKU, 28 mic	
 	towar	Z 11103	Z Kij teleskopowy 260 cm	0	0	szt.	0	0		
 	towar	Z KT/180	Z Kij teleskopowy 180 cm	0	0	szt.	0	0		
 	towar	Z B32237	Z KIJ- do HYDROSZCZOTKI - 140-250 cm żółty	0	0	szt.	0	0	BOTTARI, SKT/1	
 	towar	Z 11200	Z KIJ - NIKLOWANY 130 CM	0	0	szt.	4,8	5,9		
 	towar	Z 11196	Z KIJ - EXCLUSIVE 130CM	0	0	szt.	2,5	3,08		
 	towar	Z 91111/110	Z KIJ - EKONEX  -  110 cm	0	0	szt.	1,25	1,54	metalowy	
 	towar	Z KIJ	Z KIJ - DREWNIANY LAKIER.	0	0	szt.	0	0		
 	towar	Z TDS150G	Z KIJ - DREWNIANY -L-150 z GWINTEM	0	0	szt.	0	0	METALIK, do szczotki	
 	towar	Z TDG1800	Z KIJ - DREWNIANY - 180 CM	0	0	szt.	0	0	METALIK, do grabi	
 	towar	Z 4639	Z KIJ - DREWNIANY - 130 CM LUX	0	0	szt.	0	0		
 	towar	Z TDG1500	Z KIJ - DREWNIANY - 130 cm	0	0	szt.	0	0	METALI, do grabi	
 	towar	Z TDS120G	Z KIJ - DREWNIANY -  L-120 GWINT	0	0	szt.	0	0	METALIK, do szczotki	
 	towar	Z KD	Z KIJ - DREWNIANY	0	0	szt.	0	0	do ściagaczek	
 	towar	Z 11201	Z KIJ - DO MIOTŁY 110CM	0	0	szt.	1,1	1,35	brązowy	
 	towar	244.200	XTREME WASH & SEAL 500 ML	0	0	szt.	52,43	64,49		3405 30 00
 	towar	243.400	XTREME SPRAY & SEAL 750 ML	0	0	szt.	44,29	54,48	Powłoka zabezpieczająca na mokro	3405 30 00
 	towar	254.241	XTREME MLECZKO DO SKÓRY MAT 500ML 	0	0	szt.	26,48	32,57	czyści i penetruje	
 	towar	220.400	XTREME INTERIOR DETAILER 750 ML.	0	0	szt.	25,75	31,67		3402 20 90
 	towar	220.400(PROMOCJA)	XTREME INTERIOR DETAILER 750 ML.	0	0	szt.	25,75	31,67		3402 20 90
 	towar	256.241	XTREME DO ZABEZPIECZANIA OPON 500ML MATOWY	0	0	szt.	30,98	38,11		
 	towar	235.300	XTREME DO NABŁYSZCZANIA OPON - WET LOOK 400 ML	0	0	szt.	28,55	35,12		3405 30 00
 	towar	230.400	XTREME DO FELG SUPER EFEKT 750 ml	0	0	szt.	18,98	23,35		3402 20 90
 	towar	230.200	XTREME DO FELG SUPER EFEKT 500ml	0	0	szt.	20,98	25,81		3402 20 90
 	towar	230.200(1)	XTREME DO FELG SUPER EFEKT 500ml	0	0	szt.	20,98	25,81	PROMOCJA	3402 20 90
 	towar	230.705	XTREME DO FELG SUPER EFEKT 25L.	0	0	szt.	755	928,65		
 	towar	293.241	XTREME DO CZYSZCZENIA FOLII 500ML	0	0	szt.	21,86	26,89	wycofany 	
 	towar	295.200	XTREME DO  KONSERWACJI FOLII SAMOCHODOWYCH	0	0	szt.	34,82	42,83	wycofany	
 	towar	255.241	XTREME DETAILER DO PLASTIKÓW 500ML	0	0	szt.	26,98	33,19		
 	towar	287.400(1)	XTREME BRILLANT SHINE DETALIE 750ML 	0	0	szt.	26,98	33,19		3405 30 00
 	towar	287.400	XTREME BRILLANT SHINE DETALIE 750ML 	0	0	szt.	26,98	33,19	PROMOCJA 	3405 30 00
 	towar	287.500	XTREME BRILLANT SHINE DETAILER 5L	0	0	szt.	176,55	217,16	car vatel	3405 30 00
 	towar	XR500/5	XR 500 5L	0	0	szt.	0	0		
 	towar	XR500/25	XR 500 25L	0	0	szt.	206,25	253,69		
 	towar	000054	XERAMIC-DO CZYSZCZ.FILTRA CZĄSTEK STAŁYCH DPF	0	0	szt.	16,95	20,85		
 	towar	XOS/250	Xeramic Oil Stop 250 ml	0	0	szt.	0	0		
 	towar	20105	XERAMIC DOKTOR SILNIKA 444ML	0	0	szt.	12,65	15,56	WYCOFANY	
 	towar	XDP/500	XERAMIC DIESEL PROTECTOR -40`C 500ML	0	0	szt.	14,98	18,43		
 	towar	XDP/1	XERAMIC DIESEL PROTECTOR -40`C 1L	0	0	szt.	0	0		
 	towar	0834	XERAMIC- CERAMICZNA OCHRONA SKRZYŃ 80 ML	0	0	szt.	52,48	64,55		
 	towar	20103	XERAMIC- CERAMICZNA OCHRONA SILNIKA 500 ML	0	0	szt.	67,59	83,14		
 	towar	20103-1	XERAMIC- CERAMICZNA OCHRONA SILNIKA 250 ML	0	0	szt.	41,99	51,65		
 	usługa	WŚ(1)	WYWÓZ ŚMIECI ZA LOK.26	0	0	szt.	0	0	Czerwiec 2020 r.	
 	usługa	WŚ(2	Wywóz śmieci poza umową za m-c  lipiec 2025	0	0	szt.	0	0	Czerwiec 2020 r.	
 	usługa	WŚ	WYWÓZ ŚMIECI	0	0	szt.	0	0	Luty 2020 r.	
 	towar	CARAMBA/6905061	WYSOKOWYDAJNA PASTA CERAMICZNA 200G	0	0	szt.	0	0		3403 19 80
 	towar	6510 5115	WYS.TEMP.PASTA CERAMICZNA 200 ML S423	0	0	szt.	0	0	Forch Polska	
 	usługa	USŁUGA/POCHŁANIACZ	WYPOŻYCZENIE POCHŁANIACZA WILGOCI NA 7 DNI	0	0	szt.	0	0		
 	towar	DPF CLEANER	WYNNS DPF CLEANER 325ML 	0	0	szt.	0	0	Czyści filtr DPF poprzez wypalania	
 	usługa	WL	WYNAJEM POMIESZCZENIA MAGAZYNOWEGO	0	0	szt.	0	0		
 	usługa	UM/PR	WYNAGRODZENIE NA PODSTAWIE UMOWY PROWIZYJNEJ	0	0	szt.	0	0	Zestawienie obrotów od 01/01/2017 do 31/08/2017r.	
 	usługa	WYMIANA	Wymiana wyłącznika w odkurzaczu	0	0	szt.	0	0		
 	usługa	WPW	Wymiana przyłączy wodnych	0	0	szt.	0	0		
 	usługa	WPOM	WYMIANA POMPY	0	0	szt.	0	0		
 	usługa	WO	Wymiana oleju	0	0	szt.	0	0		
 	towar	WYŁ/SI	WYŁĄCZNIK SILNIKOWY PKZMO	0	0	szt.	0	0	ALFA ELEKTRO	
 	towar	3.401.0177	WYŁĄCZNIK I/O - HYPER L	0	0	szt.	0	0	Lavor	
 	towar	WYŁĄCZNIK	Wyłącznik dwufazowy	0	0	szt.	0	0		
 	towar	WYŁ/C	Wyłącznik czerwony- do odkurzacza	0	0	szt.	0	0	WISHIPER, nożny	
 	towar	WY/S	WYŁĄCZNIK CIŚNIENIOWY	0	0	szt.	0	0		
 	towar	WYŁ	Wyłącznik	0	0	szt.	0	0		
 	towar	6407	Wykrywacz nieszczelności 300ml 	0	0	szt.	0	0		
 	usługa	WP10	WYKONANIE PRZEWODU 10m	0	0	szt.	0	0	DN10, 4,4m, 350 bar	
 	usługa	WP	WYKONANIE PRZEWODU	0	0	szt.	0	0		
 	usługa	WP/K2	WYKONANIE PRZEWODU	0	0	szt.	0	0	Karcher 20000/6	
 	usługa	WP/K1	WYKONANIE PRZEWODU	0	0	szt.	0	0	Karcher 15000/6	
 	usługa	W/PMSP	Wykonanie pneumatycz. mobilnego systemu pianowania	0	0	szt.	0	0		
 	towar	WS/H-323R	Wykaszarka spalinowa H-323R	0	0	szt.	0	0		
 	towar	4.508.030	WYJŚCIE FILTRA POWIETRZA - CRYSTAL CLEAN	0	0	szt.	0	0	Lavor	
 	towar	WYCISKARKA HYDRAULIC	WYCISKARKA HYDRAULICZNA	0	0	szt.	0	0		
 	towar	3720	Wyciskarka do wózka	0	0	szt.	147,2	181,06	Clean 2	
 	towar	WYCISKARKA	WYCISKARKA	0	0	szt.	0	0	Lidl	
 	towar	B33305	Wycieraczki 530 mm G.PRIX,komp. 2 szt.	0	0	szt.	7,2	8,86	Bottari	
 	towar	B33304	Wycieraczki 510 mm G. PRIX, komp. 2 szt.	0	0	szt.	5,82	7,16	Bottari	
 	towar	B33303	Wycieraczki 480 mm G.PRIX, komp. 2 szt.	0	0	szt.	5,82	7,16	Bottari	
 	towar	B33301	Wycieraczki 410 mm G.PRIX ,komp.2 szt.	0	0	szt.	5,82	7,16	Bottari	
 	towar	BO/2	WYCIERACZKI 400 mm BOSCH	0	0	KPL	0	0		
 	towar	567788	WYCIERACZKA VALERO 300	0	0	szt.	0	0		
 	towar	TV 350	WYCIERACZKA TV 350 (TW 5)	0	0	szt.	0	0		
 	towar	WY-A1/700	WYCIERACZKA SZKIELETOWA NEGOTTI 700MM	0	0	szt.	0	0	GALON OLEJE	
 	towar	WYCIERACZKA	WYCIERACZKA SZKIELETOWA NEGOTTI 600MM	0	0	szt.	0	0	GALON OLEJE	
 	towar	WY-A1	WYCIERACZKA SZKIELETOWA NEGOTTI 550MM	0	0	szt.	0	0	GALON OLEJE	
 	towar	B118645	Wycieraczka RAIN FLEX 700 mm z 6 adaptorami 	0	0	szt.	16,4	20,17	Bottari	
 	towar	B18641	Wycieraczka RAIN FLEX 530 mm z 6 adaptorami	0	0	szt.	13,84	17,02	Bottari	
 	towar	B18639	Wycieraczka RAIN FLEX 480 mm z 6 adaptorami	0	0	szt.	13,84	17,02	Bottari	
 	towar	B18638	Wycieraczka RAIN FLEX 450 mm z 6 adaptorami	0	0	szt.	13,84	17,02	Bottari	
 	towar	B18637	Wycieraczka RAIN FLEX 410 mm z 6 adaptorami  	0	0	szt.	12,51	15,39	Bottari	
 	towar	B16640	Wycieraczka RAIN FLEX  510 mm z 6 adaptorami 	0	0	szt.	13,84	17,02	Bottari	
 	towar	WY- A	WYCIERACZKA AŻUROWA CZARNA GRUBA 59X78	0	0	szt.	0	0	59 x 78	
 	towar	WY-A2	WYCIERACZKA AŻUROWA	0	0	szt.	0	0	cienka 80x120	
 	towar	B33317	Wycieraczka 650mm TOPFLEX x1 szt.	0	0	szt.	8,21	10,1	Bottari	
 	towar	B33316	Wycieraczka 600 mm TOPFLEX 1szt. 	0	0	szt.	7,55	9,29	Bottari	
 	towar	B33326	WYCIERACZKA 600 MM G.PRIX 1 SZT.	0	0	szt.	0	0		
 	towar	B33315	Wycieraczka 550 mm TOPFLEX 1szt.	0	0	szt.	7,11	8,75	Bottari	
 	towar	B33325	WYCIERACZKA 550 MM G.PRIX 1 SZT.	0	0	szt.	0	0		
 	towar	B33314	Wycieraczka 530 mm TOPFLEX 1szt. 	0	0	szt.	7,11	8,75	Bottari	
 	towar	B33324	WYCIERACZKA 530 MM G. PRIX 1 SZT.	0	0	szt.	0	0		
 	towar	B33313	Wycieraczka 510 mm TOPFLEX	0	0	szt.	6,84	8,41	Bottari	
 	towar	B33323	WYCIERACZKA 510 MM G. PRIX 1 SZT.	0	0	szt.	0	0		
 	towar	B33312	Wycieraczka 480 mm TOPFLEX 1 szt.	0	0	szt.	6,84	8,41	Bottari	
 	towar	B33322	WYCIERACZKA 480 MM G.PRIX 1 SZT.	0	0	szt.	0	0		
 	towar	ALCA480	Wycieraczka 480 mm 1szt. 	0	0	szt.	6,58	8,09		
 	towar	B33311	Wycieraczka 450 mmTOPFLEX 1szt. 	0	0	szt.	6,58	8,09	Bottari	
 	towar	B33321	WYCIERACZKA 450 MM G. PRIX 1 SZT.	0	0	szt.	0	0		
 	towar	B33310	Wycieraczka 410 mm TOPFLEX 1szt. 	0	0	szt.	6,58	8,09	Bottari	
 	towar	ALCA400	Wycieraczka 400 mm 1szt. 	0	0	szt.	6,58	8,09		
 	towar	WYCIERACZKA /1	WYCIERACZKA /SZTUCZNA TRAWA/	0	0	szt.	0	0	sztuczna trawa	
 	towar	024270	WVP 10* EU	0	0	szt.	0	0	EFEKT ,MYJKA DO SZYB	
 	towar	1234	WV2 PLUS N -wąż	0	0	szt.	0	0		
 	towar	WURTH/KLEJ	WURTH KLEJ DO SZYB SAMOCHODOWYCH 310ML	0	0	szt.	0	0		
 	towar	NT-53611A3	WTYK SZYBKOZŁĄCZA 1/2 z GZ1/2 BSP 	0	0	szt.	0	0	mosiądz chromowany, TUBES	
 	towar	NT-53640A3	WTYK SZYBKOZŁĄCZA  1/2 zGZ 1/2	0	0	szt.	0	0	Tubes	
 	towar	WSKAŹNIK	WSKAŹNIK POZIOMU CIECZY DO ROZPYLACZA 24	0	0	szt.	0	0		
 	towar	2104	WÓZEK z WYCISKARKĄ	0	0	szt.	358,2	440,59	2 x 15L, chromowany	
 	towar	WW2000	Wózek widłowy 2000 HysterH2.00XMS 	0	0	szt.	0	0		
 	towar	WÓZEK/WĄŻ	WÓZEK W WĄŻ WYPOSAŻONY 2405 VIC	0	0	szt.	0	0		
 	towar	WÓZEK/SPIDER	WÓZEK SPIDER 16L Z WYCISKARKĄ	0	0	szt.	0	0		
 	towar	WÓZEK/SATURN	WÓZEK SATURN	0	0	szt.	0	0	Morawski, dwuwiaderkowy	
 	towar	W/PODN	WÓZEK PODNOŚNIKOWY FS1016	0	0	szt.	0	0	(PTM1016) z pompą nożną	
 	towar	W/50	Wózek na wąż 50m	0	0	szt.	0	0		
 	towar	WÓZEK/ WYP	Wózek na kółkach z wyposażeniem	0	0	szt.	0	0	wózek +wiertarka+ komplet kluczy  (pod dotację)	
 	towar	WÓZEK/KING	WÓZEK KING 15L Z WYCISKARKĄ	0	0	szt.	0	0		
 	towar	WÓZEK	Wózek jednowiaderkowy z wyciskarką 	0	0	szt.	0	0		
 	towar	WÓZEK/31	WÓZEK JEDNOKOMOROWY 31 L	0	0	szt.	0	0	Multichem  , niebieski z wyciskaczem, clean	
 	towar	WÓZEK GENIUS	WÓZEK GENIUS COMPACT WĄŻ 25M 5/8	0	0	szt.	0	0		
 	towar	WÓZEK/FRED	WÓZEK FRED 50L (2X25L) 	0	0	szt.	0	0		
 	towar	WDZW	WÓZEK DWUWIADERKOWY Z WYCISKARKĄ	0	0	szt.	0	0		
 	towar	WÓZEK/2X25	WÓZEK DWUWIADERKOWY 2x25 L CHROM	0	0	szt.	0	0	Multichem	
 	towar	WD/2	Wózek dwuwiaderkowy	0	0	szt.	0	0	2x25	
 	towar	WÓZEK /2X25 PLASTIK	WÓZEK CLEAN DWUWIADERKOWY 2x25 L PLASTIK	0	0	szt.	0	0		
 	towar	WÓZEK/25CHROM	WÓZEK CLEAN  JEDNOWIADERKOWY 25 L CHROM+ KOSZ	0	0	szt.	0	0	Multichem	
 	towar	ZESTAW/50	WÓZEK 31L + MOP SPEEDY 50	0	0	szt.	0	0	Morawski	
 	towar	ZESTAW/40	WÓZEK 31L + MOP SPEEDY 40	0	0	szt.	0	0		
 	towar	WÓZEK/2X15	WÓZEK 2X15L Z WYCISKARKĄ + KOSZYK 	0	0	szt.	0	0	ORDE - EA2104S+KOSZ	
 	towar	WÓZEK/20	WÓZEK  - JEDNOKOMOROWY 20L	0	0	szt.	0	0	Multichem, niebieski, zielony	
 	towar	295.100	WOSK"BRYLANTOWY"250ML	0	0	szt.	0	0	wycofany	
 	towar	593.249	WOSK ZIMOWY SPRAY 300 ML	0	0	szt.	6,09	7,49	wycofany	
 	towar	296.700	WOSK ZIELONY 500ML	0	0	szt.	28,95	35,61	wycofany 	3405 30 00
 	towar	296.741	WOSK ZIELONY 250ML.	0	0	szt.	16,79	20,65	wycofany	3405 30 00
 	towar	216.200	WOSK XTREME 1 PEŁNA OCHRONA 150ML	0	0	szt.	47,99	59,03	wycofany	
 	towar	GP24456	Wosk uniwersalny 190 ml GRAND PRIX	0	0	szt.	11,39	14,01	Bottari	
 	towar	301.200	WOSK TWARDY W PŁYNIE 500ML	0	0	szt.	18,6	22,88	wycofany	
 	towar	301.100	WOSK TWARDY W PŁYNIE 250ML	0	0	szt.	15,98	19,66		3404 90 00
 	towar	280.300	WOSK TWARDY BEZ SILIKONU 1L	0	0	szt.	111,79	137,5	HW 2/4	
 	towar	301.505	WOSK TWARDY 5L	0	0	szt.	123	151,29	wycofany	
 	towar	RO-WS/5	Wosk Szybkoschnący 5kg	0	0	szt.	32,5	39,98		
 	towar	RO-WS/1	Wosk Szybkoschnący 1L	0	0	szt.	7,5	9,23		
 	towar	288.200	WOSK SZYBKONAKŁADALNY 500ML	0	0	szt.	19,98	24,58		3405 30 00
 	towar	288.200(1)	WOSK SZYBKONAKŁADALNY 500ML	0	0	szt.	19,98	24,58	PROMOCJA	3405 30 00
 	towar	296.300	WOSK SREBRNY/SZARY 500ML	0	0	szt.	31,25	38,44		3405 30 00
 	towar	296.341	WOSK SREBRNY/SZARY 250ML.	0	0	szt.	18,71	23,01		3405 30 00
 	towar	296.341(PROMOCJA)	WOSK SREBRNY/SZARY 250ML.	0	0	szt.	18,71	23,01	promocja	3405 30 00
 	towar	E-WOSK	WOSK SAMOCHODOWY	0	0	szt.	0	0		
 	towar	8-333 310	Wosk polerujący PREMIUM o zapachu kokosowym 25L	0	0	szt.	0	0		
 	towar	WOSK C3005/25	WOSK OSUSZAJĄCY C3005 25 L	0	0	szt.	0	0	SHINE	
 	towar	296.200	WOSK NIEBIESKI 500 ml	0	0	szt.	31,25	38,44		3405 30 00
 	towar	296.241	WOSK NIEBIESKI 250ML.	0	0	szt.	18,71	23,01		3405 30 00
 	towar	296.241(PROMOCJA)	WOSK NIEBIESKI 250ML.	0	0	szt.	18,71	23,01		3405 30 00
 	towar	630.700	WOSK NANOPRO 20L	0	0	szt.	625	768,75		
 	towar	9675	WOSK NABŁYSZCZAJĄCY 5L	0	0	szt.	0	0		
 	towar	592.200	WOSK KONSERWUJĄCY 300ML	0	0	szt.	18,38	22,61	wycofany, professional, bezbarwny	
 	towar	GP24452	Wosk koloryzujący 190 ml GRAND PRIX	0	0	szt.	10,66	13,11	Bottari,czrny-521, srebny-453, niebiewski-454, czerwony-455	
 	towar	220280	WOSK DO SZCZOTKI DO KURZU	0	0	szt.	0	0	app	
 	towar	317.200	WOSK DO LAKIERÓW METALIZOWANYCH 500ML	0	0	szt.	19,78	24,33	wycofany	3404 90 00
 	towar	317.100	WOSK DO LAKIERÓW METALIZOWANYCH 250ML	0	0	szt.	21,98	27,04		3404 90 00
 	towar	296.400	WOSK CZERWONY 500ML	0	0	szt.	31,25	38,44		3405 30 00
 	towar	296.441	WOSK CZERWONY 250ML.  	0	0	szt.	18,71	23,01		3405 30 00
 	towar	296.441 (PROMOCJA)	WOSK CZERWONY 250ML	0	0	szt.	18,71	23,01	PROMOCJA	
 	towar	296.141	WOSK CZARNY 250ML	0	0	szt.	18,71	23,01		3405 30 00
 	towar	296.141(PROMOCJA)	WOSK CZARNY 250ML	0	0	szt.	18,71	23,01	promocja	3405 30 00
 	towar	296.100	WOSK CZARNY  500ML	0	0	szt.	31,25	38,44		3405 30 00
 	towar	630.705	WOSK BRYLANTOWY NANO PLUS 25L	0	0	szt.	1640	2017,2	koncentrat, seria Formel Plus, aktualizacja ceny 29.07.2015 BS dostępny w Parysie	
 	towar	601.700	WOSK BRYLANTOWY - SERIA LIMIT 20 L - 601	0	0	szt.	301	370,23	wycofany, koncentrat	
 	towar	601-705/P	WOSK BRYLANTOWY - SERIA  LIMIT 25L - 601	0	0	szt.	0	0	promocja	3405 30 00
 	towar	601.705	WOSK BRYLANTOWY - SERIA  LIMIT 25L - 601	0	0	szt.	845	1039,35	koncentrat, o zapachu wosku	3405 30 00
 	towar	296.000	WOSK BIAŁY 500ML	0	0	szt.	31,25	38,44		3405 30 00
 	towar	296.041	WOSK BIAŁY 250ML	0	0	szt.	18,71	23,01		3405 30 00
 	towar	WORKI/60 C/1(1)	WORKI NA ŚMIECI 60Lx50szt czerwone	0	0	szt.	0	0		
 	towar	WORKI 60/50 	WORKI NA ŚMIECI 60LX50SZT	0	0	szt.	0	0	MULTICHEM	
 	towar	WORKI 60/50 (1) ETRA	WORKI NA ŚMIECI 60LX50SZT	0	0	szt.	0	0	ETRA, 	
 	towar	WORKI 60X10 T	WORKI NA ŚMIECI 60 Lx10 SZT Z TAŚMĄ	0	0	szt.	0	0		
 	towar	WORKI/35 C	WORKI NA ŚMIECI 35 Lx50szt czerwone	0	0	szt.	0	0		
 	towar	WORKI 240/10	WORKI NA ŚMIECI 240 Lx10 SZT.	0	0	szt.	0	0	Multichem, dla MULTI AUTO	
 	towar	WORKI/120 C/1	WORKI NA ŚMIECI 120Lx25szt czerwone	0	0	szt.	0	0		
 	towar	WORKI 120X10 T	WORKI NA ŚMIECI 120 Lx10 SZT Z TAŚMĄ LD	0	0	szt.	0	0		
 	towar	WORKI 35/50	WORKI NA ŚMIECI - 35L X 50SZT	0	0	szt.	0	0	DAFI	
 	towar	WORKI 35/15 T	WORKI NA ŚMIECI - 35L X 15SZT Z TAŚMĄ	0	0	szt.	0	0	DAFI	
 	towar	WOR120/25	WORKI NA ODPADY LDPE  120 L.'25	0	0	szt.	0	0	 MULTI AUTO 120 L.x25 SZT. Extra 50 mic	
 	towar	WOR/160X10 ŻÓŁTE	WORKI NA ODPADY 160L X 10SZT ŻÓŁTE 	0	0	szt.	0	0	Multichem	
 	towar	WOR/160X10 NIEBIESKI	WORKI NA ODPADY 160L X 10SZT NIEBIESKIE	0	0	szt.	0	0	DAFI	
 	towar	WOR/160X10 CZERWONE	WORKI NA ODPADY 160L X 10SZT CZERWONE	0	0	szt.	0	0	DAFI	
 	towar	WORKI/21	WORKI NA ODPADY / GRUZ 240L-10SZT.	0	0	szt.	0	0	ETRA	
 	towar	WORKI/18	WORKI N/ŚM 160Lx10SZT.	0	0	szt.	0	0	MULTICHEM, LDPE	
 	towar	WORKI DO ODKURZACZA	WORKI DO ODKURZACZA 	0	0	szt.	0	0	Sym:512379, WORWO LVMB03K	
 	towar	WOR/BUDOWLANE	WORKI BUDOWLANE 100 Lx5szt	0	0	szt.	0	0	Chemdom	
 	towar	WORKI/19-TOYOTA	WORKI 120Lx25 SZT.	0	0	szt.	0	0	TOYOTA ,GRUBE MOCME  50 mic	
 	towar	10	WORKI 120 L/ 25 szt.	0	0	szt.	0	0	MULTICHEM	
 	towar	FP/D	Worek papierowy do odkurzacza 19 L	0	0	szt.	0	0	FILTR - YES, DAKOTA115, HIPPO, UFO.LAVA	
 	towar	WPO/W	Worek papierowy do odkurzacza	0	0	szt.	0	0	WISHIPER, SAHARA	
 	towar	WPO	Worek papierowy  do odkurzacza	0	0	kpl.	0	0		
 	towar	WPO/L	Worek papierowe do odkurzacza LEO	0	0	szt.	0	0		
 	towar	WNO 1	WOREK NA ŚMIECI XL - 50 SZT	0	0	szt.	0	0	WOREK NA OPONY DUŻY XL 50 SZT	
 	towar	WNO 1 XL	WOREK NA ŚMIECI  XL - 100 SZT	0	0	szt.	0	0	WOREK NA OPONY DUŻY XL 100 SZT	
 	towar	WOK	WOREK DO ODKURZACZA KOMINKOWEGO 	0	0	szt.	0	0	Leroy Merlin	
 	towar	WNO	WOREK -100 SZT	0	0	szt.	0	0	 OPONY 70+20*90 LDPE, 35 mikronów	
 	towar	Q-33	WOOD STOCK GT 500 ML	0	0	szt.	19,53	24,02	wycofany	
 	towar	Q-34	WOOD CARE GT 450ML	0	0	szt.	10,77	13,25	wycofany	
 	towar	B07/1	WOOD CARE 1L	0	0	szt.	13,32	16,38		
 	towar	PERFUMY	WODA TOALETOWA SCUDERIA -ZESTAW	0	0	szt.	0	0		
 	towar	W/DP	WODA DEMINERALIZOWANA 5L. 	0	0	szt.	0	0	DORIS, PLAK (WODA DESTYLOWANA 5L/PLAS-8494 - zakup 2,80zł)	
 	towar	WZW	Włącznik z wymianą	0	0	szt.	0	0		
 	towar	75602	WŁĄCZNIK WENTYLATORA UNO	0	0	szt.	0	0		
 	towar	75031	WŁĄCZNIK WENTYLATORA CNQ/UNO	0	0	szt.	10,2	12,55		
 	towar	75013	WŁĄCZNIK WENTYLATORA	0	0	szt.	9,9	12,18		
 	towar	75129	WŁĄCZNIK WENTYLATORA	0	0	szt.	10,2	12,55		
 	towar	75004	WŁĄCZNIK WENTYLATORA	0	0	szt.	8,07	9,93		
 	towar	75005	WŁĄCZNIK WENTYLATORA	0	0	szt.	10,1	12,42		
 	towar	71068	WŁĄCZNIK ŚWIATEŁ STOPU UNO/TIPO/TEMPRA	0	0	szt.	6	7,38		
 	towar	71069	WŁĄCZNIK ŚWIATEŁ STOPU TIPO/TEMPRA	0	0	szt.	8,7	10,7		
 	towar	71000	WŁĄCZNIK ŚWIATEŁ STOPU CNQ	0	0	szt.	3,5	4,31		
 	towar	76067	WŁĄCZNIK ŚWIATEŁ COFANIA UNO	0	0	szt.	10,5	12,92		
 	towar	76038	WŁĄCZNIK ŚWIATEŁ COFANIA UNO	0	0	szt.	10,2	12,55		
 	towar	76142	WŁĄCZNIK ŚWIATEŁ COFANIA PUNTO	0	0	szt.	13,5	16,61		
 	towar	76065	WŁĄCZNIK ŚWIATEŁ COFANIA F-126/BIS/CNQ	0	0	szt.	10	12,3		
 	towar	76000	WŁĄCZNIK ŚWIATEŁ COFANIA CNQ	0	0	szt.	10	12,3		
 	towar	56908	WŁĄCZNIK ROZRUSZNIKA F-126 ST	0	0	szt.	5,5	6,77		
 	towar	ETE 415400	Włącznik główny 	0	0	szt.	0	0		
 	towar	WŁĄCZNIK	Włącznik ciśnienia 40-280 bar	0	0	szt.	0	0		
 	towar	1102402920	WLEW DO ZBIORNIKA NATRYSKU CHEMII	0	0	szt.	0	0		
 	towar	1575	WKRĘTAK MAGNETYCZNY 10 FUNKCYJNY	0	0	szt.	12,05	14,82		
 	towar	WKRĘT OC	WKRĘT FARMERSKI 4,8x70 OC	0	0	szt.	0	0		
 	towar	WKRĘT RAL	WKRĘT FARMERSKI 4,8x35 RAL	0	0	szt.	0	0		
 	towar	WKŁADKA	WKŁADKA GERDA WKEI40/45	0	0	szt.	0	0		
 	towar	DJ-307	Wkład zapachowy DJ-307	0	0	szt.	9,05	11,13		
 	towar	71325	WKŁAD WYMIENNY WASH 25CM	0	0	szt.	17,5	21,53		
 	towar	TT8411	WKŁAD WYMIENNY DO SZYB 55 CM	0	0	szt.	28,5	35,06		
 	towar	TT047G	WKŁAD WYMIENNY DO SZYB 35 CM	0	0	szt.	19,65	24,17		
 	towar	8412	WKŁAD WYMIENNY - DO SZYB 45CM	0	0	szt.	21,45	26,38		
 	towar	0198	WKŁAD LUSTERKA FORD ESCORT	0	0	szt.	16,15	19,86		
 	towar	WK	WKŁAD GUMOWY	0	0	kpl.	0	0		
 	towar	WDY	Wkład dyszy	0	0	szt.	0	0		
 	towar	WWŻ	Wkład do wężownicy	0	0	szt.	0	0		
 	towar	AIR	WKŁAD DO ODŚWIEŻACZA 	0	0	szt.	0	0	AIR FRESH	
 	towar	WKŁAD/SZNURKOWY5	WKŁAD 10" SZNURKOWY	0	0	szt.	0	0	FILTR WODY 5 MIKRONÓW	
 	towar	WKŁAD/SZNURKOWY20	WKŁAD 10" SZNURKOWY	0	0	szt.	0	0	MICHAŁOWO FILTR WODY 20 MIKRONÓW	
 	towar	WKŁAD/WĘGLOWY	WKŁAD 10" BLOK WĘGLOWY	0	0	szt.	0	0	FILTR WODY	
 	towar	480/50	WKŁAD - SPEEDY 50 CM - 3w1 	0	0	szt.	36,8	45,26	mikrofaza/akryl/bawełna	
 	towar	698/50	WKŁAD - SPEEDY 50 CM	0	0	szt.	48,1	59,16	MIKROBLUE	
 	towar	43300548	WKŁAD - SPEEDY 40 CM - 2-otw.	0	0	szt.	19,1	23,49	2-oczka,bawełna75 %, jasno niebieski	
 	towar	547/40	WKŁAD - SPEEDY 40 CM	0	0	szt.	28,4	34,93	poliester 75%	
 	towar	152	WKŁAD - BAWEŁNIANY DUST 60 CM	0	0	szt.	28,6	35,18		
 	towar	143/80	WKŁAD - AKRYLOWY DUST 80CM	0	0	szt.	45,1	55,47	niebieski	
 	towar	141/40	WKŁAD - AKRYLOWY DUST 40CM	0	0	szt.	29,3	36,04	niebieski	
 	towar	WIZYTOWNIK/150	WIZYTOWNIK	0	0	szt.	0	0		
 	towar	RO-WM/5	Winter Magic 5L	0	0	szt.	100	123		
 	towar	RO-204	WINTER MAGIC 10 L	0	0	szt.	193,33	237,8	preparat zapobiegający zamarzaniu, przeznaczony do toalet chemicznych i koszy na śmieci	
 	towar	WINDOW/750	WINDOW CLEANER 750 ML	0	0	szt.	10,1	12,42	wycofany	3402 19 00
 	towar	WINDOW CLEANER/5	WINDOW CLEANER 5 L	0	0	szt.	59	72,57	preparat do mycia szyb	3402 19 00
 	towar	WINDOW CLEANER/1	WINDOW CLEANER 1 L	0	0	szt.	12,8	15,74	preparat do mycia szyb	3402 19 00
 	towar	AP-W-1	WIESZAK ŚCIENNY II- ( Podwójny)	0	0	szt.	100	123	na pokrowce	
 	towar	WIESZAK/1	WIESZAK STOJAK 2 PÓŁKI	0	0	szt.	0	0	Stojak na pokrowce	
 	towar	WIESZAK	WIESZAK DO WĘŻA 	0	0	szt.	0	0		
 	towar	WDP	Wieszak do papieru	0	0	szt.	0	0		
 	towar	WDD	Wieszak do dozownika	0	0	szt.	20	24,6	pasty Majster	
 	towar	49323	WIERTŁO NWKA/CO 12,0MM / 5 SZT.	0	0	szt.	0	0	HSS-G	
 	towar	0602135860	WIERTARKO-WKRĘTARKA METABO	0	0	szt.	0	0	BS 14,4	
 	towar	SBM/1050T	WIERTARKA UDAROWA 1050W	0	0	szt.	0	0		
 	towar	WIERTARKA	WIERTARKA	0	0	szt.	0	0		
 	towar	WIADRO 14/STELLA	WIADRO Z WYCISKACZEM 14L STELLA	0	0	szt.	0	0	Multichem	
 	towar	11700	WIADRO Z WYCISKACZEM 14L	0	0	szt.	7,7	9,47	czewone,Aneks	
 	towar	WIADRO/SEPARATOR	WIADRO Z SEPARATOREM 	0	0	szt.	0	0	Shiny Garage	
 	towar	WIADRO+SEPERATOR	WIADRO CARTEC 12 L + SEPERATOR 23 CM	0	0	szt.	68	83,64		
 	towar	W/5	WIADRO 5L	0	0	szt.	0	0		
 	towar	W/12	WIADRO 12 L + WYCISKACZ	0	0	szt.	0	0	Multichem, york 070050	
 	towar	6384	WIADRO - Z WYCISKARKĄ DOCZOŁOWĄ  17 L	0	0	szt.	249	306,27	28 x 46 x 71 cm	
 	towar	SQUIZZY/15	WIADRO - SQUIZZY 15L	0	0	szt.	210,7	259,16		
 	towar	PILE/30	WIADRO - PILE   30L	0	0	szt.	609,11	749,21	z wyciskarka szczękową (MOŻNA DAĆ 15% RABATU )	
 	towar	LIGHT/12 	WIADRO - LIGHT 12L	0	0	szt.	43,37	53,35	zielone, zółte	
 	towar	EASY/15	WIADRO - EASY 12L	0	0	szt.	39,2	48,22	niebieskie ,czerwone	
 	towar	WD/W	WIADRO - DWUKOMOROWE + WYCISKACZ	0	0	szt.	0	0	niebieskie	
 	towar	W/17	WIADRO - 17L 	0	0	szt.	0	0	W17N - NIEBIESKIE W17CZ - CZERWONE	
 	towar	WW/16	WIADRO - 16L + WYCISKACZ	0	0	szt.	0	0	żółte	
 	towar	W/15	WIADRO - 15 L	0	0	szt.	0	0	CHEMDOM, kolorowe 	
 	towar	W/10	WIADRO - 10 L + WYCISKACZ	0	0	szt.	0	0	Multichem, kolorowe	
 	towar	6394	WIADRO  - Z PRZEGRODĄ 20L	0	0	szt.	259	318,57	z wyciskarką  doczołową	
 	towar	WNS/5	WHEEL NET SUPER 5L	0	0	szt.	87,42	107,53	zasadowy preparat do mycia felg	3402 90 90
 	towar	WNS/25	WHEEL NET SUPER 25 L	0	0	szt.	370,78	456,06		3402 90 90
 	towar	WNS/1	WHEEL NET SUPER 1L.	0	0	szt.	0	0	zasadowy preparat do mycia felg	3402 90 90
 	towar	WHEEL CLEANER/5	WHEEL CLEANER 5 L	0	0	szt.	80	98,4	zasadowy preparat do mycia felg	3402 19 00
 	towar	WHEEL CLEANER/1	WHEEL CLEANER 1L	0	0	szt.	17,1	21,03	zasadowy preparat do mycia felg	3402 19 00
 	towar	WAT.1183	WĘŻYK do opryskiwacza 4,5 m ALKA LINE blister	0	0	szt.	28,45	34,99		
 	towar	WAT..0886	WĘŻYK do opryskiwacza 1,5 m ALKA LINE blister	0	0	szt.	14,25	17,53		
 	towar	WAT.0876	WĘŻYK do opryskiwacza  4,5 m Pro + blister	0	0	szt.	28,45	34,99		
 	towar	WĘŻYK	Wężyk  DO OPRYSKIWACZA PRO +1,5 m	0	0	szt.	14,25	17,53	1,5 M, WAT.0875	
 	towar	WŻ	Wężownica	0	0	szt.	0	0		
 	towar	4604.051	Wentylator przenośny MASTER CD 5000	0	0	szt.	0	0		
 	towar	WENTYLATOR	WENTYLATOR	0	0	szt.	0	0		
 	towar	WEMAA AS	WEMAA AS 160+ wyposażenie	0	0	szt.	0	0		
 	towar	WEMAA160	WEMAA AS 160 - TDS	0	0	szt.	0	0		
 	towar	WE64/5	WE-64 DIAMOND GLOSS 5L	0	0	szt.	82,44	101,4		3402 90 90
 	towar	WE64/25 NIE!!!	WE-64 DIAMOND GLOSS 25L	0	0	szt.	383,13	471,25		3402 90 90
 	towar	WE64/20	WE-64 DIAMOND GLOSS 20 L	0	0	szt.	314,63	386,99		3402 90 90
 	towar	WE-64/1	WE-64 DIAMOND GLOSS 1 L	0	0	szt.	15,63	19,22	wycofany	3402 90 90
 	towar	WE64/25 NIE!!	WE- 64  DIAMOND GLOSS 25L	0	0	szt.	342,07	420,75	pod przetarg	3402 90 90
 	towar	WD-41034	WD-40 SMART STRAW  z aplikatorem 500 ml.	0	0	szt.	0	0		
 	towar	WD-40 /450	WD-40 SMART STRAW  z aplikatorem 450 ml.	0	0	szt.	0	0		
 	towar	WD-40 SMAR	WD-40 SMAR SILIKONOWY 400 ML	0	0	szt.	0	0		
 	towar	WD-40/5	WD-40 5L	0	0	szt.	0	0		
 	towar	WD-40/400	WD-40 400 ML- preparat wielofunkcyjny	0	0	szt.	17,57	21,61		
 	towar	WD/250(1)	WD-40 250 ML - z aplikatorem	0	0	szt.	0	0		
 	towar	WD/250	WD-40 250 ML	0	0	szt.	0	0	AMT 01-250	
 	towar	WD/200- NIE	WD-40 200ML	0	0	szt.	0	0	PREPARAT DO SMAROWANIA 	
 	towar	WD/240	WD-40 200 ML	0	0	szt.	10,97	13,49	Preparat Wielofunkcyjny KOD: 01-200	
 	towar	WD-40/150	WD-40 150 ML	0	0	szt.	8,81	10,84		
 	towar	WCS/5	WCSAN 5 kg	0	0	szt.	0	0		
 	towar	RO-133	WCCL 5 L	0	0	szt.	54,7	59,08	Chlorowy żel do toalet.An tyba kteryjny, antygrzybiczny,wybielający.Zapach Eukaliptus	3808 94 20
 	towar	PALEMKA/1	WC ŻEL PALEMKA 1L	0	0	szt.	0	0	Chemdom	
 	towar	RO--32	WC ŻEL 5L	0	0	szt.	58,17	71,55		
 	towar	RO-WŻ/1	WC ŻEL 1L	0	0	szt.	16,24	19,98		
 	towar	RO-WŻ/10	WC Żel 10kg	0	0	szt.	112,49	138,36		
 	towar	T05/5	WC SANI 5L	0	0	szt.	80,43	98,93		3402 20 90
 	towar	T05/1	WC SANI 1L	0	0	szt.	19,03	23,41		3402 20 90
 	towar	T05/10	WC SANI 10 L	0	0	szt.	160,29	197,16		3402 20 90
 	towar	T51/5	WC POWER 5L	0	0	szt.	64,99	79,94	Okresowe mycie i dezynfekcja sanitariatów	
 	towar	RO-WCP/5	WC CM PRO 5kg	0	0	szt.	115,97	142,64		
 	towar	RO-132/5	WC CM 5L	0	0	szt.	113,05	139,05		3402 20 20
 	towar	RO-132/1	WC CM 1 L	0	0	szt.	27,77	34,16		
 	towar	RO-132/20	WC CM  20 L	0	0	szt.	0	0		
 	towar	RO-132/10	WC CM  10 L	0	0	szt.	0	0		
 	towar	WĄŻ ZB	WĄŻ ZBROJONY OGÓLNEGO STOSOWANIA	0	0	szt.	0	0	FI=12,5 MM 1MB(55)	
 	towar	WĄZ	WĄŻ ZASYSAJĄCY 2 M TEM-10 +60 C	0	0	szt.	0	0		
 	towar	2096	WĄŻ Z OPLOTEM 9MM	0	0	mb.	0	0		
 	towar	WO/20	WĄŻ Z OPLOTEM 19MM	0	0	szt.	0	0	3/4, 20M	
 	towar	4.618.0056	WĄŻ WYSOKOCIŚNINIOWY 310 bar-3/8 20 m	0	0	szt.	0	0	Lavor	
 	towar	WĄŻ/310	WĄŻ WYSOKOCIŚNIENIOWY 310bar-3/8" -10 mb	0	0	szt.	0	0	Lavor, 310bar-3/8" -10 mb	
 	towar	4.618.0143	WĄŻ WYSOKOCIŚNIENIOWY 310 bar-3/8 - 10 M	0	0	szt.	0	0	Lavor	
 	towar	WĄŻ PCV/06	WĄŻ W OPLOCIE ZE STALI NIERDZEWNEJ Z REDUKCJAMI	0	0	szt.	0	0		
 	towar	4.618.0126	WĄŻ UKŁADU CHŁODZENIA SILNIKA-HYPER	0	0	szt.	0	0	Lavor	
 	towar	WS/20	WĄŻ SPIRALNY 20 M	0	0	szt.	0	0		
 	towar	WS12X8	WĄŻ SPIRALNY 12x8 10MB	0	0	szt.	0	0		
 	towar	WSP	WĄŻ SPIRALNY 10MB	0	0	szt.	0	0		
 	towar	WĄŻ HYD 08 2	WĄŻ HYDRAULICZNY 08 2 	0	0	mb.	0	0	przy sprzedaży węża proszę dopisać zakucia: zak/k1-08 i zak tul08 po 2szt, ponieważ wąż jest już zakuty po obu stronach, jeśli będzie sprzedawany w mniejszej ilości niż 27mb to dokupić zakucia, czarny	
 	towar	WĄŻ	WĄŻ GUMOWY DO POWIETRZA	0	0	szt.	0	0		
 	towar	IO/4	WĄŻ FI 10x16 15mb.	0	0	szt.	0	0	części inżektora transnet	
 	towar	WDO/50	Wąż do odkurzacza DN 50 	0	0	szt.	0	0	CZARNY	
 	towar	WDO/32	Wąż do odkurzacza DN 32	0	0	mb.	0	0	czarny	
 	towar	WDO	Wąż do odkurzacza 4,5 mb	0	0	szt.	0	0		
 	towar	WDO/38	Wąż do odkurzacza 38mm 	0	0	mb.	0	0	CZARNY	
 	towar	W10	Wąż do natrysku chemii 10m	0	0	szt.	0	0	prosty	
 	towar	WĄŻD N8	WĄŻ DO MYJKI 155C DN8/2SC	0	0	mb.	0	0		
 	towar	WK/20	WĄŻ DO KANALIZACJI 20M	0	0	szt.	0	0	z dyszą	
 	towar	WK/15	WĄŻ DO KANALIZACJI 15M	0	0	szt.	0	0	z dyszą	
 	towar	IO/9	WĄŻ DO INŻEKTORA OPRYSKU	0	0	szt.	0	0	WEGA, inżektor taki jak z Easy Wash	
 	towar	06099903340	Wąż DN8*2 400 bar 10 mb M22 F- M22 F -sys 2k	0	0	szt.	0	0	YELLOW	
 	towar	WK/160	WĄŻ DN 160 BAR- KANALIZACJA 15MB	0	0	szt.	0	0	06*1 160 bar, M22f - 1/4"M	
 	towar	TX1025	Wąż ciśnieniowy z oplotem 10mm	0	0	szt.	0	0	niebieski	
 	towar	WCK	Wąż ciśnieniowy krótki	0	0	szt.	0	0		
 	towar	10M/CZ	Wąż ciśnieniowy czarny 10 mb - krótki gw.	0	0	szt.	0	0	z podwójnym oplotem, 400 bar, 155oC, DN 08*2	
 	towar	10M/CZ/SYS2K	Wąż ciśnieniowy czarny 10 MB - długi gw.	0	0	szt.	0	0	sys 2k-sys 2k 155C 400 BAR	
 	towar	10M/Ż	Wąż ciśnieniowy czarno-żółty 10mb	0	0	szt.	0	0	z podwójnym oplotem, 400 bar, 155oC	
 	towar	8MB	Wąż ciśnieniowy 8mb 	0	0	szt.	0	0	M22-M22, 160 bar, 60 C	
 	towar	20M	Wąż ciśnieniowy 20m	0	0	szt.	0	0		
 	towar	62363	WĄŻ CIŚNIENIOWY 20000	0	0	szt.	0	0		
 	towar	15M	Wąż ciśnieniowy 15m	0	0	szt.	0	0		
 	towar	10M	Wąż ciśnieniowy 10m	0	0	szt.	0	0	220 bar, 155oC	
 	towar	10M/06	Wąż ciśnieniowy 10m	0	0	szt.	0	0	DN06, 225 bar, 100oC,1 opl.	
 	towar	10M/150	Wąż ciśnieniowy 10m	0	0	szt.	0	0	DN06, 220 bar, 150oC	
 	towar	W4/25	Wąż 4-warstwowy TRISTAR 19mm 3/4 25m	0	0	szt.	0	0		
 	towar	W40	Wąż 40mm	0	0	mb.	0	0		
 	towar	W/32	Wąż 32mm	0	0	mb.	0	0		
 	towar	IO/8	WĄŻ 25 MB. - INŻEKTOR OPRYSKU	0	0	szt.	0	0	WEGA, inżektor taki jak z Easy Wash	
 	towar	WĄŻ/32X40	WĄŻ  SSĄCY B/KOŃC CZARNY 2 M	0	0	szt.	0	0	32/40	
 	towar	W	WĄŻ	0	0	szt.	0	0		
 	towar	WAZ/T	WAZELNA TECHNICZNA 50 G	0	0	szt.	1,82	2,24	Auto Play , MALWA, PUSZKA 1,75 zakup 13/09	
 	towar	WAXY	WAXY-CREAM 250ML	0	0	szt.	10,16	12,5		
 	towar	RO-40/5	WAX STRIPPER 5 kg	0	0	szt.	84,91	104,44		
 	towar	RO-40 /1	WAX STRIPPER 1 L 	0	0	szt.	26,4	32,47		
 	towar	WS/5	WAX SHAMPOO 5L	0	0	szt.	48,5	59,66		
 	towar	WS/25	WAX SHAMPOO 25 L	0	0	szt.	230	282,9		
 	towar	WS/1	WAX SHAMPOO 1L	0	0	szt.	5,6	6,89		
 	towar	WP/1	WAX POLISH 1L	0	0	szt.	60,98	75,01		
 	towar	WP/05	WAX POLISH 0,5L	0	0	szt.	35,78	44,01		
 	towar	WP/04	WAX POLISH 0,4L	0	0	szt.	22,05	27,12		
 	towar	WG	Wax Guard	0	0	szt.	42	51,66		
 	towar	WATERSOFT/5	WATERSOFT 5 L 	0	0	szt.	102,47	126,04	Produkt do zmiękczania wody	
 	towar	WAS/5	WATER SOFTNER 5L	0	0	szt.	81,91	100,75	preparat zmiękczający wodę	
 	towar	M440	WASH MITT - rękawica do mycia	0	0	szt.	19,5	23,99		
 	towar	WW1000	WASH & WAX 1L	0	0	szt.	8,13	10	KEMKO,Szampon z woskiem	
 	towar	RO-30/1	WARSZTATY 1L	0	0	szt.	11,11	13,67		
 	towar	SC2922/25	WARDOX FORTE 25KG	0	0	szt.	247,5	304,43	do felg, aluminium, zapach	
 	towar	SC2922/12	WARDOX FORTE 12KG	0	0	szt.	130,8	160,88	do felg, aluminium, zapach	
 	towar	T48/1	WANNY Z HYDROMASAŻEM 1 L.	0	0	szt.	21,62	26,59		3402 20 90
 	towar	WALIZKA	WALIZKA	0	0	szt.	0	0		
 	towar	W115	VULCAN 500ML	0	0	szt.	14,65	18,02	K2, Poluzowuje zapieczone śruby, 24k	
 	towar	M175/1	Vitrinex 1L	0	0	szt.	4,46	5,49		
 	towar	TP49/6	VINYL TP-49 6L	0	0	szt.	278,04	341,99	PREPARAT DO GUMY I PLASTIKU 6 L 	
 	towar	TP49/5	VINYL TP-49 5L	0	0	szt.	223,55	274,97	PREPARAT DO GUMY I PLASTIKU 5L ( Auto Idea) VINYL TP-49 5L	
 	towar	TP/25	VINYL TP-49 25 L	0	0	szt.	765,85	942		
 	towar	TP49/10	VINYL TP-49 10L	0	0	szt.	293	360,39	PREPARAT DO GUMY I PLASTIKU  	
 	towar	TP49/05	VINYL TP-49 0,5L	0	0	szt.	22,05	27,12		
 	towar	TP49/1	VINYL TP 49 1l.	0	0	szt.	52,02	63,98		
 	towar	SHINE/BL557-250ML	VINYL P - preparat do konserwacji gumy 250ML	0	0	szt.	23,5	28,9	SHINE	
 	towar	VINYL OUTSIDE /0,5	VINYL OUTSIDE PROTECT 0,5 L.	0	0	szt.	15	18,45	preparat do nabłyszczania gum i plastiku	3405 30 00
 	towar	VINYL INSIDE/5	VINYL INSIDE PROTECT 5 L	0	0	szt.	120	147,6	preparat do odświeżania tworzyw sztucznych	3405 30 00
 	towar	VINYL INSIDE/1	VINYL INSIDE PROTECT 1 L	0	0	szt.	25	30,75	preparat do odświeżania tworzyw sztucznych	3405 30 00
 	towar	VINYL OUTSIDE/5	VINYL 5 L	0	0	szt.	181,5	223,25	preparat do nabłyszczania gum i plastiku	3405 30 00
 	towar	VINYL OUSIDE/1	VINYL 1 L	0	0	szt.	38	46,74	preparat do nabłyszczania gumy i plastiku	3405 30 00
 	towar	VIN/750	VINET 750 ml.	0	0	szt.	10,65	13,1	czyste plastiki	3402 13 00
 	towar	VIN/750(P)	VINET 750 ml	0	0	szt.	10,65	13,1	PROMOCJA, czyste plastiki	3402 13 00
 	towar	VIN/5	VINET 5L - koncentrat	0	0	szt.	53	65,19		
 	towar	VIN/5G	VINET 5L - GOTOWY DO UŻYCIA	0	0	szt.	13,93	17,13		
 	towar	VIN/10	VINET 10 KG	0	0	szt.	105	129,15	czyste plastiki 	3402 13 00
 	towar	VIN/1,9	VINET 1,9 KG	0	0	szt.	27,4	33,7		3402 13 00
 	towar	WIADRO/VILEDA	VILEDA Wiadro 10 L+ wyciskacz Super Mocio	0	0	szt.	0	0	Multichem	
 	towar	ŚM/VILEDA(1)	VILEDA ŚCIERKA PVA MIKRO	0	0	szt.	0	0	MIKRO	
 	towar	ŚM/VILEDA	VILEDA ŚCIERKA PVA MAX - SZARA	0	0	szt.	0	0	Dafi, 147268	
 	towar	MOP/VILEDA	VILEDA Mop paskowy komplet kij+mop	0	0	szt.	0	0		
 	towar	PROMOCJA	VIDEO REJESTRATOR	0	0	szt.	0	0		
 	towar	B400	VETRIX 132G	0	0	szt.	7,95	9,78		
 	towar	51042	VERGASER REINIGER 325 ML	0	0	szt.	6,13	7,54		
 	towar	10.0285.51	VENTURI SMALL IP (14)	0	0	szt.	0	0	do dyszy pianowej	
 	towar	G050	VENOX 180 G + gąbka do usuwania rys	0	0	szt.	22	27,06	mleczko do usuwania rys ręcznie i  maszynowo	
 	towar	VENOL	VENOL SEMISYNT.DIESEL ACTIV 1 L	0	0	szt.	0	0		
 	towar	OLEJ /ACTIV	VENOL SEMISTYNT.ACTIV 10W40 1L	0	0	szt.	0	0	Auchan	
 	towar	VENOL1	VENOL PŁYN DO CHŁODNIC 1L. NIEBIESKI	0	0	szt.	0	0	AUCHAN	
 	towar	YELLOW POLY CLAY	ValetPro YELLOW POLY CLAY 100 G.	0	0	szt.	0	0	glinka żółta	
 	towar	VAL/12	VALER 12 KG	0	0	szt.	183	225,09		
 	towar	386.100	UZUPEŁNIACZ DO KASKU VANILIA	0	0	szt.	4,55	5,6	wycofany	
 	towar	387.100	UZUPEŁNIACZ DO KASKU SPORT	0	0	szt.	4,55	5,6	wycofany	
 	towar	388.100	UZUPEŁNIACZ DO KASKU CARAIBIC	0	0	szt.	4,55	5,6	wycofany	
 	usługa	INTER/9	Utrzymanie łącza internetowego za miesiąc wrzesień	0	0	szt.	0	0		
 	usługa	INTER/11	Utrzymanie łącza internetowego za miesiąc listopad	0	0	szt.	0	0		
 	usługa	INTER/12	Utrzymanie łącza internetowego za miesiąc grudzień	0	0	szt.	0	0		
 	usługa	INTER/10	Utrzymanie łącza internetowego za miesiąc 	0	0	szt.	0	0		
 	usługa	INTER/1	Utrzymanie łącza internetowego za miesiąc	0	0	szt.	0	0		
 	usługa	INTER/3	Utrzymanie łącza internetowego za miesiąc	0	0	szt.	0	0		
 	usługa	INTER/7	Utrzymanie łącza internetowego za miesiąc	0	0	szt.	0	0		
 	usługa	INTER/6	Utrzymanie łącza internetowego za miesiąc	0	0	szt.	0	0		
 	usługa	INTER/8	Utrzymanie łącza internetowego za miesiąc	0	0	szt.	0	0	 sierpień	
 	usługa	INTER/5	Utrzymanie łącza internetowego za miesiąc	0	0	szt.	0	0		
 	usługa	INTER/4	Utrzymanie łącza internetowego za miesiąc	0	0	szt.	0	0		
 	usługa	INTER/2	Utrzymanie łącza internetowego za miesiąc	0	0	szt.	0	0		
 	towar	6.605.0047	USZCZELNIENIA WODNE 15/21 L	0	0	szt.	408,6	502,58	Lavor	
 	towar	UK	Uszczelnienia KRANZLE	0	0	szt.	0	0		
 	towar	15.20	Uszczelnienia 15.20	0	0	szt.	0	0		
 	towar	USZ	Uszczelnienia ( 1 KPL.)	0	0	szt.	0	0		
 	towar	UW	USZCZELNIACZE WODNE	0	0	szt.	0	0		
 	towar	USZO	USZCZELNIACZE OLEJOWE	0	0	szt.	0	0		
 	towar	USZCZEL.	Uszczelniacze kompl.	0	0	szt.	0	0		
 	towar	41031	USZCZELNIACZ OLEJOWY 	0	0	szt.	19,46	23,94	18 X 28 X 7 mm	
 	towar	USZCZELNIACZ	Uszczelniacz do wspomagania kier. 355 ml	0	0	szt.	0	0		
 	towar	B311	USZCZELNIACZ DO PRZEBITYCH OPON 500 ML	0	0	szt.	0	0	K2 TIRE DOKTOR, ETRA	
 	towar	510.100	Uszczelniacz chłodnicy 250ml	0	0	szt.	7,98	9,82	wycofany, zapobiega wyciekom	
 	towar	442.141	Uszczelniacz chłodnicy 250ml	0	0	szt.	0	0	wycofany	
 	towar	442.100	Uszczelniacz chłodnic 150ml	0	0	szt.	12,9	15,87	wycofany	
 	towar	LOCTITE 542/50	USZCZELNIACZ 542/50 ML	0	0	szt.	0	0		
 	towar	USZCZBIG	USZCZELKA VENTURI BIG IP (17)	0	0	szt.	0	0		
 	towar	90.3580.00	USZCZELKA VENTURI  (15)	0	0	szt.	0	0	do dyszy pianowej	
 	towar	UOW	Uszczelka otworu wlotowego	0	0	szt.	0	0		
 	towar	UOS	Uszczelka otworu ssącego zbiornika	0	0	szt.	0	0		
 	towar	USZCZELKA	Uszczelka korek	0	0	szt.	2,03	2,5		
 	towar	USZCZ/KLINOWA	USZCZELKA KLINOWA	0	0	szt.	0	0		
 	towar	UDS	Uszczelka do ssawy	0	0	szt.	0	0	gumka do ssawy, 10,00zł sztuka x 5 w paczce	
 	towar	USZCZ	USZCZELKA 6.07x1,78	0	0	szt.	0	0		
 	towar	USZCZ15.60	USZCZELKA 15.60 x 1.78 (19)	0	0	szt.	0	0		
 	towar	6365-378	USZCZELKA	0	0	szt.	0	0	LIDL, PIEWSZY RZĄD 0,60 ZŁ BRUTTO	
 	towar	6365-377	USZCZELKA	0	0	szt.	0	0	LIDL, DRUGI RZĄD ,1,50 ZŁ BRUTTO	
 	towar	6365-379	USZCZELKA	0	0	szt.	0	0	LIDL, TRZECI RZĄD ,2,30 ZŁ. BRUTTO	
 	towar	USZCZ/DEKARSKI	USZCZEL. DEKARSKI SPEC. 300 ML 	0	0	szt.	0	0		
 	towar	USZCZ/GĄSIOR	USZCZ. POD. GĄSIOR 1 1 MB	0	0	szt.	0	0		
 	towar	USUWANIE RDZY	USUWANIE RDZY 1 L	0	0	szt.	39,33	48,38		
 	towar	1012/NOR NT	USUWANIE FARB I USZCZELEK 400 ML	0	0	szt.	0	0	normatek- Part Polska	
 	usługa	USŁUGA	USŁUGI MARKETINGOWE	0	0	szt.	0	0		
 	usługa	USK	Usługa serwisowa-przegląd myjki TX300	0	0	szt.	0	0	zgodnie p protokołem serwisowym	
 	usługa	USK/1	Usługa serwisowa-przegląd i naprawa myjki TX300	0	0	szt.	0	0	zgodnie p protokołem serwisowym	
 	usługa	U/3	USŁUGA SERWISOWA I TRANSPORT	0	0	szt.	0	0		
 	usługa	US	Usługa serwisowa - myjka WEMA	0	0	szt.	0	0		
 	usługa	USW	Usługa serwisowa - LAVOR QUICK 36B	0	0	szt.	0	0	regeneracja, szlifowanie by-passa	
 	usługa	U/2	USŁUGA SERWISOWA 	0	0	szt.	0	0	naprawa regulatora ciśnienia i pistoletu lancy.	
 	towar	U	USŁUGA SERWISOWA	0	0	szt.	0	0		
 	usługa	UO	USŁUGA OSUSZANIA POMIESZCZENIA	0	0	szt.	0	0		
 	usługa	USŁUGA/2	USŁUGA MARKETINGOWA 	0	0	szt.	0	0		
 	usługa	USŁUGA/1	USŁUGA MARKETINGOWA	0	0	szt.	0	0		
 	usługa	WENET GROUP	USŁUGA HOLD ON SEO	0	0	szt.	0	0	promowanie serwisu www zgodnie z Umowa z dnia 30,012023 r.  Domena: www.sonax.sklep.pl	
 	usługa	UD	USŁUGA DEZYNFEKCJI 	0	0	szt.	0	0	USŁUGA DEZYNFEKCJI	
 	usługa	U/1	USŁUGA	0	0	szt.	0	0	montaż i malowanie	
 	towar	HKY213	Urządzenie zimnowodne HKY213	0	0	szt.	0	0		
 	towar	T/870	Urządzenie wysokociśnieniowe THERM 870	0	0	szt.	0	0		
 	towar	HWY183	Urządzenie wysokociśnieniowe gorącowodne HWY183KWP	0	0	szt.	0	0		
 	towar	DRUKARKA	URZĄDZENIE WIELOFUNK.HP Laser MFP 135w + toner	0	0	szt.	0	0		
 	towar	QUADRIO1200TS	URZĄDZENIE QUADRO 1200TS + szybkozł.	0	0	szt.	0	0	Aburus	
 	towar	URZĄDZENIE PAROWE	URZĄDZENIE PAROWE	0	0	szt.	0	0	Lidl	
 	towar	182KXRT	Urządzenie gorącowodne  HWY182 KXRT	0	0	szt.	0	0		
 	towar	KR HD10/120	Urządzenie ciśnieniowe KR HD 10/120	0	0	szt.	0	0		
 	towar	RO-130/20	Uniwersalny Techniczny 20kg	0	0	szt.	0	0		
 	towar	RO-130/1	Uniwersalny Techniczny 1L	0	0	szt.	0	0		
 	towar	HR701	UNIWERSALNY PŁYN DO MYCIA PODŁÓG 5 L	0	0	szt.	23,1	28,41	SHINE	
 	towar	PLAK	UNIWERSALNY PŁYN CZYSZCZĄCY NA BAZIE ALKOHOLU 4 L	0	0	szt.	0	0		
 	towar	RO-UD/5	Uniwersalny Dom 5kg	0	0	szt.	25,33	31,16		
 	towar	RO-UD/20	Uniwersalny Dom 20kg	0	0	szt.	0	0		
 	towar	RO-4/5	UNIWERSALNY 5L	0	0	szt.	38,07	46,83		
 	towar	RO-4	UNIWERSALNY 1 L	0	0	szt.	11,14	13,7		
 	towar	0071	UNIWERSALNA PIANKA CZYSZCZĄCA 750ML	0	0	szt.	0	0	KENT	
 	towar	874.400	UNIWERSALNA PIANKA CZYSZCZĄCA 500ML	0	0	szt.	10,39	12,78	wycofany, professional	
 	towar	RO-131	UNITEC 1 L	0	0	szt.	20,44	25,14		
 	towar	00031	UNIGEL PŁYN DO CHŁODNIC 5 L	0	0	szt.	12,8	15,74		
 	towar	G-35/1	UNI SHINE GT 1L	0	0	szt.	0	0		
 	towar	G-35	UNI SHINE 750ML	0	0	szt.	13,04	16,04	wycofany	
 	towar	W35/600	UNI SHINE 600 ML	0	0	szt.	13,36	16,43		
 	towar	G-35/5	UNI SHINE 5L	0	0	szt.	57,77	71,06	wycofany	
 	towar	P08/1	UNI PRO 1L	0	0	szt.	0	0	wycofany	
 	towar	U01/5	UNI CLEAN 5 L	0	0	szt.	0	0	wycofany	3402 20 90
 	towar	U01/10	UNI CLEAN 10L	0	0	szt.	237,32	291,9		3402 20 90
 	towar	U01/1	UNI CLEAN 1 L	0	0	szt.	30,75	37,82		3402 20 90
 	towar	UMYWALKA	UMYWALKA NOVA PRO50x42 PROST Z/O	0	0	szt.	0	0		
 	towar	K073	ULTRA WAX 250 G	0	0	szt.	12,02	14,78	K2 ,twardy wosk do karoserii, 12k	
 	towar	F53/010	ULTRA SONIC WASH ALKALAINE 10L.	0	0	szt.	161,1	198,15		
 	towar	598	ULTRA BLACK 598  300ml	0	0	szt.	0	0		
 	towar	A 10-502	ULICÓWKA 70 CM	0	0	szt.	0	0	Crawtico	
 	towar	A 10-392	ULICÓWKA 50 X-LINE	0	0	szt.	0	0	Crawtico	
 	towar	A 10-302	ULICÓWKA 50 CM	0	0	szt.	0	0	Crawtico	
 	towar	T47/1-P	UDRAŻNIACZ RUR 1L.	0	0	szt.	18,34	22,56	PRÓBKI	3402 20 90
 	towar	T47/1	UDRAŻNIACZ RUR 1 L	0	0	szt.	26,88	33,06		3402 20 90
 	towar	UCHWYT	UCHWYT z prętów stalowych 5 l	0	0	szt.	0	0		
 	towar	02482	UCHWYT TEL,-REGULACJA-SZYBA	0	0	szt.	0	0		
 	towar	U/PED	UCHWYT PEDA DO S45	0	0	szt.	0	0		
 	towar	5.511.2242	UCHWYT PADÓW 19''	0	0	szt.	645	793,35	Lavor	
 	towar	10002-08107	UCHWYT PADÓW 14" MIDI/QUICK	0	0	szt.	308,51	379,47	Lavor	
 	towar	5.511.1107	UCHWYT PADÓW 13"	0	0	szt.	0	0	Lavor	
 	towar	B16116	Uchwyt na telefon , gps BLACK	0	0	szt.	12,85	15,81	Bottari, reulowany roztaw: 5,5-8 cm, Auto Play regul+przyss01250	
 	towar	B16138	Uchwyt na smartfon HIPPO	0	0	szt.	20,25	24,91	Bottari, roztaw:45-75cm	
 	towar	TU 2	UCHWYT NA ROWER	0	0	szt.	0	0		
 	towar	B79014	Uchwyt na okulary	0	0	szt.	5,16	6,35	Bottari	
 	towar	B79016	Uchwyt na kubek do auta	0	0	szt.	9,63	11,84	Bottari	
 	towar	UF	Uchwyt filtra	0	0	szt.	0	0		
 	towar	493.200	UCHWYT DO TARCZY POLERSKIEJ 125	0	0	szt.	99,8	122,75	BYŁO 115	
 	towar	A 11-307	UCHWYT DO SZCZOTKI MAŁY	0	0	szt.	0	0	Crawtico	
 	towar	A 11-337	UCHWYT DO SZCZOTKI DUŻY	0	0	szt.	0	0	Crawtico	
 	towar	UCHWYT /DYWANIKI	UCHWYT DO DYWANIKÓW	0	0	szt.	0	0	Eurowash	
 	towar	1900	UCHWYT - DO MOPA SZNURKOWEGO	0	0	szt.	10,4	12,79	szary	
 	towar	UDP	UCHWYT -  DO POKROWCÓW NA KIEROWNICE	0	0	szt.	0	0		
 	towar	UR/1	Ubranie robocze	0	0	kpl.	0	0		
 	towar	TYTAN/5	TYTAN -  Płyn Uniwersalny 5 L	0	0	szt.	0	0	BARWA,do podłogi	
 	towar	AP561	TX-07 Pranie tapicerki 1 l	0	0	szt.	14,49	17,82		
 	towar	TWISTER/25	TWISTER MICTRO FOAM 25L	0	0	szt.	0	0		
 	towar	70-187	TURTLE WAX Power Out Skóra 400 ml- Pianka 	0	0	szt.	24,57	30,22		
 	towar	14064	TURTLE WAX ORGINAL500 ML-Uniwersany wosk w płynie	0	0	szt.	17,13	21,07	KOD: 70-163	
 	towar	70-164	TURTLE WAX ORGINAL PASTE 250 G- Pasta woskowa	0	0	szt.	20,1	24,72		
 	towar	70-165	TURTLE WAX LUXE LEATHER 500 ML-Mleczko do skóry	0	0	szt.	20,58	25,31		
 	towar	70-162	TURTLE WAX CARNAUBA WAX 500 ML	0	0	szt.	25,12	30,9		
 	towar	70-176	Turtle Wax Black In Flash 300 ml	0	0	szt.	0	0	żel do zabezpieczania i odnawiania elementów plastikowych.	
 	towar	70-202	TURTLE WAX - Wosk koloryzujący - Srebrny 500 ml	0	0	szt.	0	0		
 	towar	70-201	TURTLE WAX - Wosk koloryzujący - Granatowy 500 ml	0	0	szt.	0	0		
 	towar	70-203	TURTLE WAX - Wosk koloryzujący - Czerwony 500 ml	0	0	szt.	0	0		
 	towar	70-200	TURTLE WAX - Wosk koloryzujący - Czarny 500 ml	0	0	szt.	30,01	36,91		
 	towar	70-204	TURTLE WAX - Wosk koloryzujący - Biały 500 ml	0	0	szt.	0	0		
 	towar	10.0286.51	TURBO VENTURI (16)	0	0	szt.	0	0	do dyszy pianowej	
 	towar	M144/25	TURBO TRUCK -25 KG	0	0	szt.	133,34	164,01		
 	towar	M143/5	TURBO TRUCK - 5 KG	0	0	szt.	32,9	40,47	K2,mycie sam. ciężar.	
 	towar	M142/20	TURBO TRUCK - 20 KG	0	0	szt.	130,53	160,55	K2,myc. sam ciężarowych	
 	towar	M842/1	TURBO TRUCK - 1 KG	0	0	szt.	6,45	7,93	K2,mycie sam. ciężarowych	
 	towar	TS/1	TURBO NESTE 1L	0	0	szt.	0	0		
 	towar	TURBINA SSĄCA 	TURBINA SSĄCA DO SZOROWARKI	0	0	szt.	0	0		
 	towar	TURBINA	Turbina odkurzacza	0	0	szt.	0	0		
 	towar	850101.000000	TURBINA - WHISPER V8	0	0	szt.	0	0	Lavor, silnik	
 	towar	71130	TULEJA DOZUJACA	0	0	szt.	0	0	do inżektora , 15 szt	
 	towar	TC	Tuleja ceramiczna	0	0	szt.	0	0		
 	towar	161649	TULEJA	0	0	szt.	0	0		
 	towar	30-054	TUFF STUFF Odplamiacz ze szczotką 400 ml	0	0	szt.	0	0		
 	towar	6540 5250	TU(90G) ORG. SMAR DO PRZEGU. S487	0	0	szt.	0	0	Forch Polska	
 	towar	6540.5260	TU(180G) PASTA DO CYLINDER. HAM. S439	0	0	szt.	0	0	Forch Polska	
 	towar	6740.0462	TU(170G) PASTA MONT. U-WYDECH.	0	0	szt.	0	0	Forch Polska	
 	towar	6740 0465	TU (170 G) PASTA NAPR. U- WYDECH	0	0	szt.	0	0	Forch Polska	
 	towar	TRZYMAK	TRZYMAK SZCZOTKI	0	0	szt.	0	0		
 	towar	TRZPIEŃ	TRZPIEŃ MOCUJĄCY m14 /8mm	0	0	szt.	0	0		
 	towar	TRZ	Trzpień	0	0	szt.	0	0		
 	towar	TRUCK WASH/5	TRUCK WASH 5 L	0	0	szt.	65,5	80,57	preparat do my cia bezdotykowego	3402 13 00
 	towar	TRUCK WASH/20	TRUCK WASH 20L	0	0	szt.	240	295,2		3402 13 00
 	towar	TRUCK WASH/200	TRUCK WASH 200 L 	0	0	szt.	2360	2902,8	preparat do mycia bezdotykowego	3402 13 00
 	towar	TRUCK WASH/1	TRUCK WASH 1L	0	0	szt.	15,2	18,7		
 	towar	TRUCK REX/25	TRUCK REX 25 KG-	0	0	szt.	400	492		
 	towar	XR800/25	TRUCK FOAM XR800  25L	0	0	szt.	190	233,7		
 	towar	XR800/5	TRUCK FOAM XR 800  5L	0	0	szt.	40,5	49,82		
 	towar	XR1000/5	TRUCK FOAM XR 1000 5L	0	0	szt.	0	0	piana do mycia pojazdów	
 	towar	EC094	Truck Cleaner Duo 25 l	0	0	szt.	0	0		
 	towar	TC/26	TRUCK CLEANER 26KG	0	0	szt.	0	0	płyn do mycia bezdotykowego	
 	towar	TC/10	Truck Cleaner - Aktywna Piana 10L	0	0	szt.	0	0		
 	towar	SC1719/220	TRUCK CLEAN INTESIV 220KG	0	0	szt.	1738	2137,74		
 	towar	SC1719/20	TRUCK CLEAN INTENSIV 30 KG	0	0	szt.	264	324,72	DIMAR	
 	towar	SC1719/25	TRUCK CLEAN INTENSIV 25 KG	0	0	szt.	264	324,72	ETRA - DIMAR	
 	towar	SC1719/210	TRUCK CLEAN INTENSIV 210 KG	0	0	szt.	1659	2040,57		
 	towar	SC1719/10	TRUCK CLEAN INTENSIV 10 KG	0	0	szt.	98	120,54		
 	towar	A103/5	TRUCK CLEAN EXTRA 5 L	0	0	szt.	144,18	177,34		3402 20 90
 	towar	A103/10	TRUCK CLEAN EXTRA 10L	0	0	szt.	282,38	347,33		
 	towar	A103/1	TRUCK CLEAN EXTRA 1 L	0	0	szt.	33,27	40,92	Konc., Mycie pojazdów ciężarowych,plandek-aktywna piana	3402 20 90
 	towar	A-07/5	TRUCK CLEAN 5 L	0	0	szt.	129,16	158,87	dwufazowy koncentrat do mycia silnych zabrudzeń	3402 20 90
 	towar	A-07/20	TRUCK CLEAN 20L 	0	0	szt.	486,16	597,98	dwufazowy koncentrat do mycia silnych zabrudzeń	3402 20 90
 	towar	A-07/1	TRUCK CLEAN 1L	0	0	szt.	30,02	36,92	dwufazowy koncentrat do mycia silnych zabrudzeń	3402 20 90
 	towar	A-07/10	TRUCK CLEAN 10L	0	0	szt.	253,07	311,28	dwufazowy koncentrat do mycia silnych zabrudzeń	3402 20 90
 	towar	TR1/4	TRÓJNIK ROZPYLACZA 1/4"	0	0	szt.	14	17,22		
 	towar	C1072/4	TRÓJNIK "Y" 1/2"	0	0	szt.	0	0		
 	towar	TR	Trójnik	0	0	szt.	0	0		
 	towar	B28040	Trójkąt ostrzegawczy	0	0	szt.	7,89	9,7	Bottari	
 	towar	AX	TRÓJKAT OSTRZEGAWCZY E11/2539	0	0	szt.	0	0	K2	
 	towar	TRIO-LUX 5 L	TRIO- LUX 5 L	0	0	szt.	0	0		
 	towar	TSC/25	Trimmer spalinowy COLIBRI 25	0	0	szt.	0	0		
 	towar	SP49/5	TRIC ANTYBAKTERYJNY 5L 	0	0	szt.	51,24	63,03		
 	towar	SP40/005	TRIC 5L	0	0	szt.	38,55	47,42	plyn do naczyń	3402 20 90
 	towar	SG/CD30/1L	TRAWOL SAE30 1L-olej do kosiarek	0	0	szt.	0	0		
 	towar	PL022F450	TRANSNET TRUCK R - 250 KG	0	0	szt.	0	0		
 	towar	PL022F449/25(1)	TRANSNET TRUCK R - 25 KG	0	0	szt.	187,5	230,63		
 	towar	PL022F449/25	TRANSNET TRUCK R - 25 KG	0	0	szt.	187,5	230,63	promocja	
 	towar	OTN053E004	TRANSNET SHINE DIAMANT 22 KG	0	0	szt.	0	0		
 	towar	PL022P/240	TRANSNET FROZEN - 240 KG	0	0	szt.	0	0		
 	towar	PL022P/25	TRANSNET FROZEN  - 25 KG 	0	0	szt.	272,5	335,18		
 	towar	OTN05060045/240	TRANSNET C SUPER - 240 KG 	0	0	szt.	3960	4870,8	BECZKA,( SKLEP- kwota palety 125 nettowliczona w cenę )	
 	towar	OTN05060045/240/1	TRANSNET C SUPER	0	0	kg	0	0	beczka	
 	towar	OTN02089044/25	TRANSNET BACTIMOUSS 25 KG	0	0	szt.	0	0		
 	towar	OTN05110044/25	TRANSNET B - 25 KG	0	0	szt.	309,4	380,56		
 	towar	OTN05060044/25	TRANSNET  SUPER 	0	0	szt.	422,5	519,68	do ciężkich zabrudzeń-posadzki 60 l	
 	towar	OTN 05320044/22	TRANSNET  AL202 -22 KG	0	0	szt.	341	419,43		
 	towar	HTRDV13026	TRANSLAV DV KOMPLET- INŻEKTOR 1SZT.	0	0	szt.	0	0	dozow. wąż ; do betonu	
 	towar	HTRDV13025	TRANSLAV DV KOMPLET - INŻEKTOR-1 SZT	0	0	szt.	0	0	dozownik, wąż-25m)	
 	towar	TRANS	TRANSFORMATOR	0	0	szt.	0	0		
 	towar	TF/5	TRANS FLUO 5KG	0	0	szt.	0	0	środek do czyszczenia aluminium	
 	towar	TRANS D /26	TRANS D/26 KG	0	0	szt.	0	0	Kenotek	
 	towar	TRAKTOR	TRAKTOR MYCIE 1 L	0	0	szt.	0	0		
 	towar	SCTP300/25	TP300 JUMBO CLEANER 25L	0	0	szt.	285	350,55	do odtłuszczania , mycia silników.	
 	towar	TOWAR 488	Towar 488	0	0	szt.	0	0		
 	towar	B121	TOTAL BOND 40G - klej dwuskładnikowy	0	0	szt.	6,2	7,63		
 	towar	416.900	TORNADOR GUN - PISTOLET DO CZYSZCZENIA	0	0	szt.	477	586,71		
 	towar	TOR/PIS	TORNADOR CLASSIC 056 BLACK PISTOLET	0	0	szt.	0	0		
 	towar	M286	TORNADO PLUS 12KG	0	0	szt.	211	259,53	K2; zapachowy proszek do prania dywanów i tapicerki	
 	towar	M886/1	TORNADO PLUS - 1KG	0	0	szt.	18,38	22,61	K2,zapachowy proszek do prania tapicerki i dywanów	
 	towar	M/285	TORNADO 12 KG	0	0	szt.	206	253,38	K2, bezzapachowy proszek do prania tapicerki	
 	towar	M/885	TORNADO  1KG	0	0	szt.	16,71	20,55	K2, bezzapachowy proszek do prania tapicerki	
 	towar	130080	TORK CZYŚCIWO 3W 255M 130080	0	0	szt.	0	0	Beka	
 	towar	TORBA ECO	TORBA PAPIEROWA - ECO	0	0	szt.	0	0	Kewlar, rozmiar 24 / 10 / 32 cm	
 	towar	25X45X51	TORBA HDPE 25 X45 50 SZT,51 MIKR.	0	0	szt.	0	0	CANWET	
 	towar	TORBA	TORBA FLEX	0	0	szt.	0	0		
 	towar	0322	TOP-AUTOM.ŚCIĄG.IZOLACJI 165MM	0	0	szt.	0	0		
 	towar	G-47	TOP SMOG 0,75L	0	0	szt.	16,26	20	wycofany	
 	towar	T44/5	TOP PLAM CLOR 5 L	0	0	szt.	77,77	95,66		
 	towar	T44/1	TOP PLAM CLOR 1 L	0	0	szt.	0	0	wycofany	
 	towar	I11/20	TOP PERFEKT 20L	0	0	szt.	0	0	wycofany	3402 20 90
 	towar	I11/1	TOP PERFEKT 1L.	0	0	szt.	29,31	36,05		3402 20 90
 	towar	I11/10	TOP PERFEKT 10 L	0	0	szt.	233,06	286,66		3402 20 90
 	towar	Q-06	TOP KLIN 500 ml	0	0	szt.	0	0	wycofany	
 	towar	C-06	TOP KLIN 250 ml	0	0	szt.	8,95	11,01	wycofany	
 	towar	T35/001/NN	TOP KLIN 1L	0	0	szt.	0	0	NIE	
 	towar	T35/1	TOP KLIN 1 L	0	0	szt.	47,22	58,08		
 	towar	TOP GRILL BLACK/0,6	TOP GRILL BLACK 600ML	0	0	szt.	24,54	30,18	NOWA FORMUŁA, MOCNIEJSZY NIŻ ZWYKŁY TOP GRILL	
 	towar	SP34/1S	TOP GRILL 1L	0	0	szt.	27,7	34,07	WYCOFANY,Czyszczenie grilli,piecyków, uniwersalny	3402 20 90
 	towar	Q-03(1)	TOP GLASS GT 600ML 	0	0	szt.	12,66	15,57		3402 20 90
 	towar	S02/5	TOP GLASS 5L	0	0	szt.	48,02	59,06		3402 20 90
 	towar	Q-03	TOP GLASS 500ML spray	0	0	szt.	9,44	11,61	wycofany	3402 20 90
 	towar	S02/20	TOP GLASS 20L	0	0	szt.	0	0	wycofany	3402 20 90
 	towar	S02/1S	TOP GLASS 1L spray	0	0	szt.	15,73	19,35		3402 20 90
 	towar	S02/1-NIE	TOP GLASS 1L 	0	0	szt.	13,24	16,29	wycofany	3402 20 90
 	towar	E03-10/100	TOP FRESH ORGINAL100 ML 	0	0	szt.	11,22	13,8	wycofany,TENZI,Madame, Alure,Amore, Lemon, Black grape &kiwi, Tropical gazpacho, Pepermint	
 	towar	E01/5	TOP FRESH 5L	0	0	szt.	126,72	155,87	WYCOFANY	
 	towar	Q-01/02	TOP FRESH 500ML	0	0	szt.	15,3	18,82	 wycofany, SINESCA, LENDI	
 	towar	A29/10	TOP FOAM  10L	0	0	szt.	176,21	216,74	piana kolorowa	
 	towar	B05/001	TOP EFEKT ZERO 1 L	0	0	szt.	17,75	21,83		
 	towar	P05/5	TOP EFEKT TOTAL 5L	0	0	szt.	0	0	wycofany	
 	towar	P05/1	TOP EFEKT TOTAL 1L	0	0	szt.	41,53	51,08		
 	towar	P05/10	TOP EFEKT TOTAL 10 L	0	0	szt.	402,65	495,26	usuwanie starych powłok woskowych, akrylowych, poliuretanowych i innych	
 	towar	I01/20	TOP EFEKT STR 20L	0	0	szt.	0	0	WYCOFANY	
 	towar	I01/1	TOP EFEKT STR 1L	0	0	szt.	22,03	27,1		
 	towar	I01/10	TOP EFEKT STR 10L	0	0	szt.	163,45	201,04		
 	towar	I03/1	TOP EFEKT SOP 1L	0	0	szt.	15,57	19,15	WYCOFANY.wysprzedaż	
 	towar	T36/1	TOP EFEKT SET 1L	0	0	szt.	0	0	wycofany	
 	towar	T56/1	TOP EFEKT SANIT NF 1 L	0	0	szt.	18,52	22,78	codzienne mycie, pilęgnacja pomieszczeń i urządzeń sanitarnych , gotowy do użycia	3402 20 90
 	towar	G-04	TOP EFEKT SANIT 750ML	0	0	szt.	0	0	wycofany	3402 20 90
 	towar	T03/5	TOP EFEKT SANIT 5L	0	0	szt.	66,38	81,65		3402 20 90
 	towar	T03/5-P-NIE	TOP EFEKT SANIT 5 L	0	0	szt.	66,38	81,65	próbki	3402 20 90
 	towar	T03/1	TOP EFEKT SANIT 1L	0	0	szt.	17,75	21,83		3402 20 90
 	towar	T03/1-P	TOP EFEKT SANIT 1L	0	0	szt.	17,15	21,09	PRÓBKI	3402 20 90
 	towar	P06/5	TOP EFEKT SAN 5L	0	0	szt.	0	0		
 	towar	P06/1	TOP EFEKT SAN 1L	0	0	szt.	0	0	wycofany	
 	towar	P06/10	TOP EFEKT SAN 10 L	0	0	szt.	0	0	wycofany	
 	towar	T34/5	TOP EFEKT PUNKT 5L	0	0	szt.	523,77	644,24		3402 20 90
 	towar	C-21	TOP EFEKT PUNKT 250 ml.	0	0	szt.	0	0	wycofany	3402 20 90
 	towar	T34/1	TOP EFEKT PUNKT 1L	0	0	szt.	170,01	209,11	do usuwania gumy, kleju, mas bitumicznych	3402 20 90
 	towar	Q-21	TOP EFEKT PUNKT 0,5 L	0	0	szt.	0	0	wycofany	3402 20 90
 	towar	P13/5AM	TOP EFEKT PERFUME 5 L	0	0	szt.	66,21	81,44	wycofany 	3402 20 90
 	towar	P13/1AM -P	TOP EFEKT PERFUME 1L 	0	0	szt.	18,17	22,35	PRÓBKI , AMORE - czerwony, MADAME - zielony, Alure-żółty	3402 20 90
 	towar	P13/1AM	TOP EFEKT PERFUME 1L 	0	0	szt.	19,56	24,06	AMORE - czerwony, MADAME - zielony, Alure-żółty	3402 20 90
 	towar	P16/10	TOP EFEKT PERFUME 10 L	0	0	szt.	153,89	189,28		3402 20 90
 	towar	B01/5	TOP EFEKT ORANŻ 5L	0	0	szt.	60,92	74,93		3402 20 90
 	towar	B01/1	TOP EFEKT ORANŻ 1L	0	0	szt.	18,38	22,61		3402 20 90
 	towar	B01/10	TOP EFEKT ORANŻ 10L	0	0	szt.	113,88	140,07		3402 20 90
 	towar	P04/5	TOP EFEKT NORMAL 5L	0	0	szt.	60,23	74,08		3402 20 90
 	towar	PO4-20	TOP EFEKT NORMAL 20L	0	0	szt.	0	0	wycofany	3402 20 90
 	towar	P04-20- NIE	TOP EFEKT NORMAL 20L	0	0	szt.	0	0	wycofany	3402 20 90
 	towar	P04/1	TOP EFEKT NORMAL 1L	0	0	szt.	17,87	21,98		3402 20 90
 	towar	T24/5-NIE	TOP EFEKT MOSS 5L	0	0	szt.	150,22	184,77	usuwanie grzybów, glonów, mchów, porostów	3808 94 10
 	towar	T24/5 -VAT 8%	TOP EFEKT MOSS 5 L	0	0	szt.	155,48	167,92	VAT 8%	3808 94 10
 	towar	T24/20	TOP EFEKT MOSS 20 L	0	0	szt.	0	0	wycofany	3808 94 10
 	towar	T24/1 L	TOP EFEKT MOSS 1L	0	0	szt.	35,18	37,99	VAT 8%	3808 94 10
 	towar	T24/1 NIE	TOP EFEKT MOSS 1L	0	0	szt.	33,99	41,81		3808 94 10
 	towar	B02/1	TOP EFEKT MAX  1L	0	0	szt.	24,52	30,16	kwiatowy	
 	towar	W15/600	TOP EFEKT KOK GT 600 ML	0	0	szt.	20,27	24,93	Pielęgnacja kokpitów- mat	
 	towar	A26/1 S	TOP EFEKT KOK 1L	0	0	szt.	0	0	wycofany	
 	towar	A26/10	TOP EFEKT KOK 10L	0	0	szt.	0	0	wycofany	
 	towar	Q-15	TOP EFEKT KOK 0,5L	0	0	szt.	0	0	wycofany	
 	towar	P09/20	TOP EFEKT KAN 20L	0	0	szt.	0	0	wycofany, konserwacja posadzek twardych- akrylowy	
 	towar	P09/10	TOP EFEKT KAN 10L	0	0	szt.	0	0	wycofany	
 	towar	TT34/5	TOP EFEKT GLON 5L	0	0	szt.	0	0		
 	towar	TT34/1	TOP EFEKT GLON 1L	0	0	szt.	0	0		
 	towar	P01/5	TOP EFEKT EXTRA 5L	0	0	szt.	0	0	wycofany	
 	towar	P01/1	TOP EFEKT EXTRA 1L	0	0	szt.	23,67	29,11	do posadzek elestycznych i konserwowanych	
 	towar	P01/10	TOP EFEKT EXTRA 10L	0	0	szt.	174,78	214,98		
 	towar	P11/1	TOP EFEKT EXOTIC 1L	0	0	szt.	20,81	25,6		
 	towar	P03/5	TOP EFEKT DIAM 5L	0	0	szt.	103,87	127,76	bieżące zmywanie posadzek śliskich	
 	towar	P03/1	TOP EFEKT DIAM 1L	0	0	szt.	26,31	32,36		
 	towar	P03/10	TOP EFEKT DIAM 10L	0	0	szt.	194,93	239,76		
 	towar	B04/5	TOP EFEKT CITRO 5 L	0	0	szt.	74,9	92,13		3402 20 90
 	towar	B04/1	TOP EFEKT CITRO 1L	0	0	szt.	21,35	26,26		3402 20 90
 	towar	P02/1	TOP EFEKT 1L	0	0	szt.	14,86	18,28	-----	3402 20 90
 	towar	P02/001K	TOP EFEKT 1L	0	0	szt.	14,86	18,28	KWIATOWY -----	3402 20 90
 	towar	NC02/1	TOP CLEAR NANO 1L	0	0	szt.	44,66	54,93	wycofany, Niewidzialna wycieraczka - zabezpieczenie powierzchni szklannych.	
 	towar	NC02/500	TOP CLEAR NANO 0,45L	0	0	szt.	33,42	41,11	wycofany	
 	towar	SC12810/33	TOP CLEAN 33 kg	0	0	szt.	297	365,31	PREPARAT PIANOTWÓRCZY 33 KG ( Auto Idea, Spectrum , Multi Auto ) TOP CLEAN 33 KG	
 	towar	SC12810/220	TOP CLEAN 220 KG  - BECZKA	0	0	szt.	1804	2218,92	PREPARAT PIANOTWÓRCZY - BECZKA ( Auto Idea, Spectrum , Multi Auto ) TOP CLEAN 220 KG nowa nazwa - VORREINIGER 220 KG - BECZKA ( konsultacja z Szefem jaka nazwa)	
 	towar	SC12810/11	TOP CLEAN 11KG	0	0	szt.	107,8	132,59	PREPARAT PIANOTWÓRCZY 11 KG ( Auto Idea, Spectrum , Multi Auto ) TOP CLEAN 11 KG	
 	towar	3591	TOFIX WC-DEO-STEIN-MINT	0	0	szt.	0	0		
 	towar	T01/1-NIE	TOALEX 1L	0	0	szt.	17,49	21,51		3402 20 90
 	towar	T01/1 - P	TOALEX 1L	0	0	szt.	17,49	21,51	Próbki	3402 20 90
 	towar	TŁ	Tłok	0	0	szt.	0	0		
 	towar	T/CAR	TITANUM - CAR SZAMPON 1 L	0	0	szt.	4,99	6,14		
 	towar	TITANIUM/WOSK	TITANIUM CAR SZAMPON WAX1 L- wosk	0	0	szt.	3,87	4,76		
 	towar	TITANIUM	TITANIUM  -Szampon samochodowy 1 L	0	0	szt.	3,53	4,34	DR. Marcus 	
 	towar	B310	TIRE DOKTOR - uszczelniacz opon 400ml	0	0	szt.	15,35	18,88	K2	
 	towar	T53/5	TG CLEANER 5L	0	0	szt.	200,44	246,54	Usuwanie zabrudzeń ze smoły i kleju	3402 20 90
 	towar	T53/250	TG CLEANER 	0	0	szt.	0	0	100 ml, Usuwanie zabrudzeń ze smoły i kleju	3402 20 90
 	towar	T53/1	TG  CLEANER 1 L	0	0	szt.	32,76	40,29		
 	towar	P-20	TFC COATING 1L	0	0	szt.	56,66	69,69	emulsja akrylowa-konserwacja posadzek twardych	3402 20 90
 	towar	D02/5	TEXTIL-EX 5L	0	0	szt.	104,8	128,9	do prania siedzeń, dywanów, tapicerek	3402 20 90
 	towar	D02/1	TEXTIL-EX 1L	0	0	szt.	21,73	26,73		3402 20 90
 	towar	D02/10	TEXTIL-EX 10L	0	0	szt.	0	0	wycofany, do prania siedzeń, dywanów, tapicerek	3402 20 90
 	towar	T/C/1	TEXTILE CLEANER 1L	0	0	szt.	23,58	29	Preparat do prania tapicerek, konc.	
 	towar	TEXTIL	TEXTIL WASH GT 0,6L	0	0	szt.	15,77	19,4		3402 20 90
 	towar	A10/5	TEXTIL WASH 5L	0	0	szt.	85,22	104,82		3402 20 90
 	towar	A10/1	TEXTIL WASH 1L	0	0	szt.	22,03	27,1	do prania siedzeń,dywanów,tapicerek             	3402 20 90
 	towar	A10/10	TEXTIL WASH 10L	0	0	szt.	166,4	204,67	 środek do prania siedzeń, dywaników i tapicerek	3402 20 90
 	towar	EC171/1	Textil Cleaner 1 l . 	0	0	szt.	0	0	1:10 1: 20, pranie tapicerki samochodowej, podsufitek,mebli tapicerowanych	
 	towar	D01/5	TEXTIL 5L	0	0	szt.	100,8	123,98		3402 20 90
 	towar	D01/1	TEXTIL 1 L	0	0	szt.	25,45	31,3	szamponowanie	3402 20 90
 	towar	TXG/05	TEXGUARD 500ML	0	0	szt.	72,36	89		
 	towar	 T13	TESTER SZCZELNOŚCI 400 ML	0	0	szt.	0	0	SJD	
 	towar	825.300	TESTER SZCZELNOSCI INSTALACJI GAZOWEJ 300 ml	0	0	szt.	17,99	22,13	wycofany, professional	
 	towar	L191	TEROQUICK 350ML	0	0	szt.	0	0		
 	towar	TW	TERMOSTAT WEIDNER	0	0	szt.	0	0		
 	towar	TTH-5	TERMOSTAT TH-5	0	0	szt.	0	0	pomieszczeniowy	
 	towar	TEL	TELESKOP	0	0	szt.	0	0		
 	towar	4362	TEKCHEK Detektor nieszczelności 300ml	0	0	szt.	0	0		
 	towar	TR/5	TEERENTFERNER 5L	0	0	szt.	129,27	159	Cartec	
 	towar	SC10750	TEERENTFERNER 10L	0	0	szt.	180	221,4	do czyszczenia plam ze smoły,oleju i substancji konserwujących.	
 	towar	WAZTECH	TECMAXX WAZELINA TECHNICZNA W SPRAYU 200ML	0	0	szt.	0	0		
 	towar	TECSPRĘŻONE	TECMAXX SPRĘŻONE POWIETRZE 400ML	0	0	szt.	0	0		
 	towar	SMARSIL	TECMAXX SMAR SILIKONOWY W TUBCE 50G	0	0	szt.	0	0		
 	towar	RO-3T/5	TECHNIC 5L	0	0	szt.	44,44	54,66	żel do mycia rąk	
 	towar	AP512	TD-100 Dwuwarstwowa silna piana aktywna 5 l	0	0	szt.	54,74	67,33		
 	towar	AP513	TD-100 Dwuwarstwowa silna piana aktywna 10 l	0	0	szt.	104	127,92		
 	towar	AP511	TD-100 Dwuwarstwowa silna piana  aktywna 1 l	0	0	szt.	0	0		
 	towar	TC2000/20	TC2000 20 L (22 kg)	0	0	szt.	232,86	286,42		
 	towar	TC2020/25	TC 2020 25 L	0	0	szt.	204,46	251,49		
 	towar	TC2010/5	TC 2010 5L (5,5kg)	0	0	szt.	22,4	27,55		
 	towar	TC2000/5	TC 2000 5L (5,5kg)	0	0	szt.	62,45	76,81		3402 90 90
 	towar	TC2000/25	TC 2000 25L (27,5kg)	0	0	szt.	283,56	348,78	preparat do mycia bezdotykowego	3402 90 90
 	towar	TC2000/200	TC 2000 200L	0	0	szt.	2079,6	2557,91		3402 90 90
 	towar	TC2000/1	TC 2000 1L	0	0	litr	14,05	17,28	wycofany	3402 90 90
 	towar	AP502	TB-50 Uniwersalna piana aktywna 5 l	0	0	szt.	43,21	53,15		
 	towar	AP503	TB-50 Uniwersalna piana aktywna 10 l	0	0	szt.	82,11	101		
 	towar	AP501	TB-50 Uniwersalna piana aktywna 1 l	0	0	szt.	0	0		
 	towar	0794	TAŚMA SPINAJĄCA BAGAŻ 1T/6M 00079	0	0	szt.	14,6	17,96		
 	towar	TAŚMA/DWR	TAŚMA PIANKOWA DWUSTRONNA 25MM x 5M	0	0	szt.	0	0	CHEMIA	
 	towar	TAŚMA/DWR19	TAŚMA PIANKOWA DWUSTRONNA 19MM x 5M	0	0	szt.	0	0	CHEMIA	
 	towar	TAŚMA PAKOWA	TAŚMA PAKOWA PP 48x54 m	0	0	szt.	0	0	NOVA ROLL	
 	towar	002087	TAŚMA NA BAGAŻ 1*5M HAK	0	0	szt.	0	0		
 	towar	0028	TAŚMA MOCOWANIA OŚMIORNICA	0	0	szt.	2,76	3,39		
 	towar	TAŚMA	TAŚMA DEKARSKA butyl.15 cm/10mb 	0	0	szt.	0	0		
 	towar	493.141	TARCZA POLERSKA - WEŁNA JAGNIĘCA 130	0	0	szt.	57,6	70,85	car valet	4303 90 00
 	towar	SH386-1L	TAR&GLUE REMOVER 1L- zmywanie smoły,kleju i żywicy	0	0	szt.	28,76	35,37		
 	towar	TAR REMOVER/5	TAR REMOVER 5 L	0	0	szt.	183	225,09	preparat do usuwania smoły, KOD CELNY 34029090	3402 90 90
 	towar	K193	TAR REMOVER 300ml. 	0	0	szt.	10,29	12,66	K2, USUWA ASFALT I ŻYWICĘ	
 	towar	TAR REMOVER/1	TAR REMOVER 1 L	0	0	szt.	36,9	45,39		3402 90 90
 	towar	TAR MAX/5	TAR MAX 5L	0	0	szt.	64,95	79,89	K2, usuwa smołę, asfalt, naklejki	
 	towar	K206B	TAPIS pianka 600ml + szczotka	0	0	szt.	11,49	14,13		
 	towar	M126	TAPIS MAX 5L	0	0	szt.	0	0	K2; do prania tapicerki	
 	towar	TAPIS/770	TAPIS 750 ML	0	0	szt.	7,03	8,65	K2, atomizer, do tapicerki	
 	towar	TAPIS/600	TAPIS 600 ML	0	0	szt.	9,95	12,24	K2 , pianka do tapicerki	
 	towar	W170	TAPIFLEX 400ML SPRAY	0	0	szt.	16,8	20,66	KLEJ DO TAPICERKI	
 	towar	TANGO/5	TANGO 5L	0	0	szt.	46,5	57,2	piana aktywna, bezdotyk.	
 	towar	A18/05	TAN CAR 5L	0	0	szt.	77,6	95,45		3402 20 90
 	towar	A18/20	TAN CAR 20 L	0	0	szt.	225,6	277,49	wycofany	3402 20 90
 	towar	03-06-3002	TALK TECHNICZNY DO OPON SZARY 400G	0	0	szt.	0	0		
 	towar	M242/5	TAKO - 5 KG	0	0	szt.	23,45	28,84	K2,szampon do ręcznego mycia, pachnący, Do wysprzedaży	
 	towar	TK	TABLICA KORKOWA 60*90 MDF	0	0	szt.	0	0		
 	towar	L761/770	T6 KLINET - 770ml	0	0	szt.	11,54	14,19	k2, odtłuszczacz do lakieru	
 	towar	L730200	T3 FAST CUT - 200G	0	0	szt.	17,96	22,09	K2, uniwersalny średnio ścierny środek polerski	
 	towar	ŚW	Świece zapłonowe do urządzenia wysokociśnieniowego	0	0	szt.	0	0		
 	towar	KUNAGONE/ŚWIECA	ŚWIECA OGRODOWA CITRONELLA WOODSON	0	0	szt.	0	0	KUNAGONE	4401 11 00
 	towar	839/1	Środek specjalny MOTORCRAFT 10L	0	0	szt.	0	0		
 	towar	60495	ŚRODEK REDUKUJĄCY WILGOĆ W SYSTEMACH	0	0	szt.	0	0		
 	towar	603.705	ŚRODEK PRZYŚPIESZAJĄCY SUSZENIE 25L- 603	0	0	szt.	705,77	868,1		3405 30 00
 	towar	602.705	ŚRODEK PRZYŚPIESZAJĄCY SUSZENIE 25L- 602	0	0	szt.	556,39	684,36	ZAMIENNIK 664.705	3405 30 00
 	towar	603.700	ŚRODEK PRZYŚPIESZAJĄCY SUSZENIE 20L - 603	0	0	szt.	341	419,43	wycofany, koncentrat	3405 30 00
 	towar	602.700	ŚRODEK PRZYŚPIESZAJĄCY SUSZENIE 20L - 602	0	0	szt.	556,39	684,36	wycofany	
 	towar	9677	ŚRODEK PRZYSPIESZAJĄCY SUSZENIE 5L	0	0	szt.	0	0		
 	towar	H-35/600(1)	ŚRODEK PLEŚNIOBÓJCZY 600 ML	0	0	szt.	20,3	21,92	8% VAT	
 	towar	H-35/600-NIE	ŚRODEK PLEŚNIOBÓJCZY 600 ML	0	0	szt.	19,61	24,12	NIE	
 	towar	L315	ŚRODEK OCHRONY KAROSERII CZARNY 1L POD PISTOLET	0	0	szt.	16,9	20,79		
 	towar	L310	ŚRODEK OCHRONY KAROSERII 500ML - czarny baranek	0	0	szt.	15,95	19,62		
 	towar	603/50	Środek mocujący 603 / 50 ml	0	0	szt.	0	0		
 	towar	603	Środek mocujący 603 	0	0	szt.	0	0		
 	towar	1-1	ŚRODEK GZYBOBÓJCZY TYTAN 1 L	0	0	szt.	0	0		
 	towar	380.041	ŚRODEK DO TWORZYW SZTUCZNYCH I GUMY 300ML	0	0	szt.	28,85	35,49	NABŁYSZCZAJĄCY	3402 90 10
 	towar	383.500	ŚRODEK DO TWORZYW SZTUCZNYCH 5L	0	0	szt.	332,69	409,21		
 	towar	383.041	ŚRODEK DO TWORZYW SZTUCZNYCH 300ML	0	0	szt.	26,98	33,19	MAT	3405 30 00
 	towar	383.000	ŚRODEK DO TWORZYW SZTUCZNYCH 250 ML	0	0	szt.	13,5	16,61	wycofany	
 	towar	380.500	ŚRODEK DO TWORZYW I GUMY 5L	0	0	szt.	533,23	655,87		
 	towar	BK98133	Środek do silników 500 ml GP GRAND PRIX 	0	0	szt.	6,13	7,54	Bottari, HDPE	
 	towar	305.000	ŚRODEK DO RENOWACJI PRZEZROCZYSTYCH PLASTIKÓW 75ML	0	0	szt.	22,98	28,27		3405 30 00
 	towar	ADB000224	Środek do opon- ADBL BLACK WATER- 500ML	0	0	szt.	30	36,9	Środek do opon- ADBL BLACK WATER- 500ML	
 	towar	BK98132	Środek do nabłysz. opon GP 500ml GRAND PRIX 	0	0	szt.	7,33	9,02	Botarii ,PET	
 	towar	839	Środek do mycia rąk MOTORCFAFT 10L	0	0	szt.	41,31	50,81		
 	towar	330.200	ŚRODEK DO KONSERWACJI SILNIKA 300 ML	0	0	szt.	12,98	15,97	wycofany	
 	towar	436.100	ŚRODEK DO KONSERWACJI FELG 250ML	0	0	szt.	19,98	24,58	wycofany	
 	towar	BK98102	Środek do konser. i nabłysz.  BOT opon BOTTARI 	0	0	szt.	9,69	11,92	Bottari, 500ml+80ml gratis	
 	towar	551.700	ŚRODEK DO FLOKULACJI 25 L - 551	0	0	szt.	537,85	661,56		2827 32 00
 	towar	621.700	ŚRODEK DO DEZYNFEKCJI 25L - 621	0	0	szt.	432,77	532,31	do uzdatniania wody (nadtlenek wodoru)	
 	towar	E-WNĘTRZE	ŚRODEK DO CZYSZCZENIA WNĘTRZA SAMOCHODU	0	0	szt.	0	0		
 	towar	BK98094	Środek do czyszczenia szyb BOT BOTTARI 	0	0	szt.	5,87	7,22	Bottari, 500ml+80ml gratisi	
 	towar	BK98097	Środek do czyszczenia silników BOT BOTTARI 	0	0	szt.	6,66	8,19	Bottari ,500ml+80ml gratis	
 	towar	410.100	ŚRODEK DO CZYSZCZENIA PLASTIKÓW 100ML	0	0	szt.	13,9	17,1	wycofany	
 	towar	336.200	ŚRODEK DO CZYSZCZENIA OKŁADZIN HAMULCOWYCH 400ML	0	0	szt.	13,4	16,48		
 	towar	E-KOKPIT	ŚRODEK DO CZYSZCZENIA KOKPITU 600 ML	0	0	szt.	0	0		
 	towar	614.705	ŚRODEK DO CZYSZCZENIA KAFELEK 25L - 614	0	0	szt.	739	908,97	altualizacja ceny, dostępny w Parysie...23.06.2016 BS	
 	towar	614.700	ŚRODEK DO CZYSZCZENIA KAFELEK 20L	0	0	szt.	0	0		
 	towar	FAS/KAM	Środek do czyszczenia fasaf i kamienia	0	0	szt.	0	0		
 	towar	0125	ŚRODEK DO CZYSZCZENIA AGENT 400ml	0	0	szt.	0	0		
 	towar	336.500	ŚRODEK DO CZYSZCZ. OKŁADZIN HAMULCOW. 5L	0	0	szt.	0	0		
 	towar	542.500	ŚRODEK CZYSZCZĄCY KOMORĘ SILNIKA 5L	0	0	szt.	61	75,03	wycofany	
 	towar	293.200	ŚRODEK ANTYSTATYCZNY 250 ml	0	0	szt.	15,67	19,27	wycofany	
 	towar	355.200	ŚRODEK ANTYROSZENIOWY 250 ML	0	0	szt.	12,47	15,34	wycofany 	
 	towar	325.300	ŚRODEK ANTYKORYZYJNY DO PODWOZIA 400ML	0	0	szt.	16,7	20,54	wycofany	
 	towar	TS0017	Śiereczki z mikrofibry na rolce NIEBIESKIE 20 szt.	0	0	szt.	83,31	102,47	Tenzi (35x35 cm), masz rabat 30 %	
 	towar	165	Ścierka z mikrofazy 50g	0	0	szt.	6,3	7,75	niebieska	
 	towar	163	Ścierka z mikrofazy	0	0	szt.	6,3	7,75	zółta	
 	towar	164	Ścierka z mikrofazy	0	0	szt.	6,3	7,75	do szyb	
 	towar	08052	Ścierka podłogowa - BIAŁA.Ś 	0	0	szt.	1,26	1,55		
 	towar	08053	Ścierka podłogowa - BIAŁA.D	0	0	szt.	0	0	100 X 60	
 	towar	ŚDP/1	Ścierka podłogowa -  SZARA 	0	0	szt.	0	0	 120 X 60	
 	towar	18277	ŚCIERKA DO PODŁOGI Z RZEPEM	0	0	szt.	0	0	50x70; FC 001	
 	towar	ŚT	ŚCIERKA - TETRA	0	0	szt.	0	0	Pielucha- BARWA 	
 	towar	ŚM	ŚCIERECZKI Z MIKROWŁÓKIEN	0	0	szt.	0	0	17x35 + 35x35	
 	towar	450.441	ŚCIERECZKI Z MIKROFIBRY SZARE - 3 szt	0	0	szt.	176,63	217,25	43x38 szare grube Ultra miękkie ściereczki z mikrofibry do wykańczania po polerowaniu bądź aplikacji zabezpieczeń.	6307 10 90
 	towar	450.441(1)	ŚCIERECZKI Z MIKROFIBRY SZARE - 1 szt	0	0	szt.	176,63	217,25	43x38 szare grube Ultra miękkie ściereczki z mikrofibry do wykańczania po polerowaniu bądź aplikacji zabezpieczeń. Gramatura 1300g/m2 	6307 10 90
 	towar	HAN02099	ŚCIERECZKI MAXI SUCHE	0	0	szt.	4,99	6,14		
 	towar	418.041	Ściereczki do usuwania wosku	0	0	szt.	0	0	wycofany	
 	towar	412.000	ŚCIERECZKI DO SZYB op./25 szt.	0	0	szt.	22,98	28,27	op./25 szt.	3405 30 00
 	towar	415.000	ŚCIERECZKI DO SZYB 10SZT.	0	0	szt.	7,48	9,2		
 	towar	412.300	ŚCIERECZKI DO SKÓRY op./25 szt.	0	0	szt.	20,98	25,81	wycofany, op./25 szt.	3405 10 00
 	towar	415.600	ŚCIERECZKI DO SKÓRY 10SZT.	0	0	szt.	5,88	7,23		
 	towar	412.100	ŚCIERECZKI DO KOKPITU op./25 szt.	0	0	szt.	22,98	28,27	op/25szt	3405 30 00
 	towar	415.100	ŚCIERECZKI DO KOKPITU 10SZT.	0	0	szt.	7,48	9,2		
 	towar	321.641	ŚCIERECZKI DO CZYSZCZENIA WNĘTRZA 80SZT.	0	0	szt.	93,59	115,12	25%	
 	towar	415.700	ŚCIERECZKI DO CZYSZCZENIA FELG 10SZT.	0	0	szt.	7,9	9,72		
 	towar	EE33300	ŚCIERECZKI CZYSZCZĄCE - PLASTIKI SAMOCHODOWE	0	0	szt.	0	0	100 szt.,MARLES	
 	towar	EE55400	ŚCIERECZKI CZYSZCZĄCE - PANEL KUCHENNY i MIKROFIBR	0	0	szt.	0	0	100 szt, MARLES	
 	towar	EE55200	ŚCIERECZKI CZYSZCZĄCE - OKNA i LUSTRA	0	0	szt.	0	0	100 szt, MARLES	
 	towar	EE55300	ŚCIERECZKI CZYSZCZĄCE - MEBLE	0	0	szt.	0	0	100 szt,MARLES	
 	towar	EE77200	ŚCIERECZKI CZYSZCZĄCE - EKRANY	0	0	szt.	0	0	100 szt.MARLES	
 	towar	2615	ŚCIERECZKA Z MIKROFIBRY WINDOW	0	0	szt.	0	0	Dafi - Linteo do szyb (40x30)	
 	towar	416.241	ŚCIERECZKA Z MIKROFIBRY- CZERWONA - 2 szt 	0	0	szt.	16,98	20,89		6307 10 90
 	towar	3253	ŚCIERECZKA Z MIKROFIBRY -1szt.	0	0	szt.	1,79	2,2	Auchan 35x30, Dafi (30x30)	
 	towar	416.100	ŚCIERECZKA Z MIKROFIBRY 1 szt	0	0	szt.	8,78	10,8		6307 10 90
 	towar	3252	ŚCIERECZKA Z MIKROFIBRY - Niebieska- 1 szt	0	0	szt.	3,15	3,87	AKU,SUEDE, 30 x 30	
 	towar	416.200	ŚCIERECZKA Z MIKROFIBRY - czerwona	0	0	szt.	10,45	12,85	 1 szt.	6307 10 90
 	towar	450.700	ŚCIERECZKA Z MIKROFIBRY - 3 szt.	0	0	szt.	35,64	43,84	WYCOFANE	6307 10 90
 	towar	3251	ŚCIERECZKA Z MIKROFIBRY - 1 szt	0	0	szt.	0	0	ETRA	
 	towar	3258	ŚCIERECZKA Z MIKROFIBRY 	0	0	szt.	0	0	Witam! Linteo; DAFI, POMARAŃCZOWA	
 	towar	3257	ŚCIERECZKA Z MIKROFIBRY	0	0	szt.	6,7	8,24	Textil Market; 40x60	
 	towar	450.700-PROMOCJA	ŚCIERECZKA Z MIKROFIBRY	0	0	szt.	27,75	34,13		6307 10 90
 	towar	3256	ŚCIERECZKA Z MIKROFIBR- Zielona- 1szt.- do- SZYB 	0	0	szt.	3,35	4,12	AKU,GLASS,zielona jasna 30*30cm	
 	towar	ŚM40X40/300	ŚCIERECZKA Z MIKROFAZY 40x40/300g	0	0	szt.	3,52	4,33	Intermop 40x40	
 	towar	ŚM40X40S	ŚCIERECZKA Z MIKROFAZY 40x40 400 g 	0	0	szt.	0	0	Intermop, szara z żółtym obszyciem	
 	towar	ŚM40X40/(1)	ŚCIERECZKA Z MIKROFAZY 40x40	0	0	szt.	3,35	4,12	Intermop 40x40 /230 g	
 	towar	ŚM30X30/230	ŚCIERECZKA Z MIKROFAZY 30x30/230g	0	0	szt.	0	0	Intermop 30x30	
 	towar	SIIIRCHA-SZT-MAŁA	ŚCIERECZKA Z IRCHY SZTUCZNEJ MAŁA 39x39	0	0	szt.	5,5	6,77		
 	towar	419.200	ŚCIERECZKA OSUSZAJĄCA	0	0	szt.	31,98	39,34	WYCOFANE	6307 10 90
 	towar	4210/1	ŚCIERECZKA NAWILŻAJĄCA A'24	0	0	szt.	0	0	PROMOCJA	3402 20 20
 	towar	MAXI/KOKPIT/NABŁ	ŚCIERECZKA MAXI - NABŁYSZCZAJĄCA  DO KOKPITU 	0	0	szt.	5,99	7,37	BLACK TREND	
 	towar	MAXI/KOKPIT/MAT	ŚCIERECZKA MAXI - MATOWA DO KOKPITU	0	0	szt.	5,99	7,37	GREJFRUT	
 	towar	3231	ŚCIERECZKA GĄBCZASTA -3szt.	0	0	szt.	1,94	2,39	AKU,16*18 cm	
 	towar	413.000	ŚCIERECZKA DO WNĘTRZA SAMOCHODU	0	0	szt.	10,68	13,14		
 	towar	390.000	ŚCIERECZKA DO USUWANIA ZABRUDZEŃ ORGANICZNYCH 10ML	0	0	szt.	2,19	2,69	wycofany	
 	towar	418.100	ŚCIERECZKA DO USUWANIA WOSKU	0	0	szt.	1,39	1,71	-25%	3405 30 00
 	towar	418.100(P)	ŚCIERECZKA DO USUWANIA WOSKU	0	0	szt.	1,39	1,71	PROMOCJA -25%	3405 30 00
 	towar	490.200	ŚCIERECZKA DO USUWANIA RDZY	0	0	szt.	0,6	0,74		
 	towar	416.700	ŚCIERECZKA DO SZYB DWUSTRONNA	0	0	szt.	13,75	16,91	WYCOFANE	
 	towar	374.000	ŚCIERECZKA DO SZYB 10ML	0	0	szt.	2,95	3,63	zestaw	
 	towar	4207	ŚCIERECZKA -DO SKÓRY- KWIAT POLINEZJI	0	0	szt.	5,48	6,74	24 SZT.	3402 20 20
 	towar	422.200	ŚCIERECZKA DO POLEROWANIA - 15 szt.	0	0	szt.	12,98	15,97		6307 10 30
 	towar	ŚM/ LUX	ŚCIERECZKA DO KURZU A'3 -LUX	0	0	szt.	0	0	Multichem	
 	towar	416.600	ŚCIERECZKA DO KURZU	0	0	szt.	7,98	9,82	wycofana ŻÓŁTA- 2 szt	
 	towar	392.000	ŚCIERECZKA DO EKRANÓW LCD/TFT	0	0	szt.	2,49	3,06	wycofany	
 	towar	421.100	ŚCIERECZKA ANTYROSZENIOWA	0	0	szt.	3,39	4,17	wycofany	
 	towar	421.200	ŚCIERECZKA ANTYROSZENIOWA	0	0	szt.	6,99	8,6	25 x 40 cm	3405 30 00
 	towar	B32110	Ściereczka - syntetyczny zamsz	0	0	szt.	6,67	8,2	Bottari ,43x32 cm PVA	
 	towar	4210	ŚCIERECZKA - NABŁYSZCZAJĄCA DO KOKPITU -WANILIA	0	0	szt.	5,48	6,74	24 SZT. 	3402 20 20
 	towar	4209	ŚCIERECZKA - NABŁYSZCZAJĄCA DO KOKPITU -POMARAŃCZA	0	0	szt.	5,48	6,74	24 SZT.	3402 20 20
 	towar	413	ŚCIERECZKA - NABŁYSZCZAJĄCA DO KOKPITU - BANAN	0	0	szt.	5,48	6,74	NIE PRZYJEMNY ZAPACH	3402 20 20
 	towar	4208	ŚCIERECZKA - MATOWA DO KOKPITU-GREJPFRUT	0	0	szt.	5,48	6,74	24 SZT.	3402 20 20
 	towar	414	ŚCIERECZKA - MATOWA DO KOKPITU - MELON	0	0	szt.	5,48	6,74	wycofany ATAS	3402 20 20
 	towar	4212	ŚCIERECZKA - DO USUWANIA OWADÓW - OWOC GRANATU	0	0	szt.	5,48	6,74	24 SZT.	3402 20 20
 	towar	4211	ŚCIERECZKA - DO TAPICERKI MATERIAŁOWEJ- TRUSKAWKA	0	0	szt.	5,48	6,74	24 SZT	3402 20 20
 	towar	19-069	ŚCIERECZKA - DO TAPICERKI I TKANIN - CYTRYNA	0	0	szt.	4,15	5,1	MOJE AUTO,24 szt.	
 	towar	4204	ŚCIERECZKA - DO SZYB - CYTRYNA  z LIMONKĄ	0	0	szt.	5,48	6,74	24 SZT	3402 20 20
 	towar	4206	ŚCIERECZKA - DO RĄK - Z ALOESEM	0	0	szt.	5,48	6,74	24 SZT.	3402 20 20
 	towar	4205	ŚCIERECZKA - DO PLASTIKÓW- OWOCE LEŚNE	0	0	szt.	5,48	6,74	24 SZT	3402 20 20
 	towar	707.32	Ściągaczka Zielona - 70 CM	0	0	szt.	119,72	147,26	do podłogi	
 	towar	14 C	Ściągaczka ze szczotką - 35 cm	0	0	szt.	0	0	wycofany	
 	towar	34013	ŚCIĄGACZKA Z KIJEM	0	0	szt.	0	0		
 	towar	8411	ŚCIĄGACZKA Z GĄBKĄ+TRZONEK TELESKOPOWY	0	0	szt.	0	0	Multichem	
 	towar	473.952	Ściągaczka z gąbką - teleskop	0	0	szt.	68,99	84,86		
 	towar	707.952	Ściągaczka Wipe-N-Shine - 45 cm	0	0	szt.	101,17	124,44	45cm	
 	towar	707,852	Ściągaczka Wipe-N-Shine - 35 cm	0	0	szt.	67,51	83,04		
 	towar	707.752	Ściągaczka Wipe-N-Shine - 25 cm	0	0	szt.	34,63	42,59		
 	towar	07565010011	ŚCIĄGACZKA SILIKONOWA Z UCHWYTEM	0	0	szt.	0	0	Hydroflex	
 	towar	12/C	ŚCIĄGACZKA SILIKONOWA	0	0	szt.	0	0	Hydroflex	
 	towar	37470	Ściągaczka LAM	0	0	szt.	0	0		
 	towar	12C	ŚCIĄGACZKA DO ZBIERANIA WODY	0	0	szt.	19,65	24,17	Ezi-Dry	
 	towar	12/A C	ŚCIĄGACZKA DO WODY DŁUGA	0	0	szt.	0	0		
 	towar	417.400	ŚCIĄGACZKA DO WODY - 417	0	0	szt.	36,5	44,9		3926 90 97
 	towar	M400	ŚCIĄGACZKA DO WODY - 30CM	0	0	szt.	30	36,9	K2, silikonowa do szyb i karoserii	
 	towar	B32143	Ściągaczka do szyb z gąbką+ kij	0	0	szt.	9,46	11,64	Bottari , gąbka 25 cm,  kij 40 cm	
 	towar	B32147	Ściągaczka do szyb z gąbką WASH & DRY	0	0	szt.	4,56	5,61	Bottari , wys. 19 cm, mix kolorów	
 	towar	B321842	Ściągaczka do szyb TOP DRY	0	0	szt.	0	0	Bottari , wysokość 28 cm	
 	towar	18292	ŚCIĄGACZKA DO SZYB - NIEBIESKA	0	0	szt.	0	0	niebiesko-biała; SK0843	
 	towar	18291	ŚCIĄGACZKA DO SZYB - CZERWONA	0	0	szt.	0	0	czerwono-biała; 2802	
 	towar	75CM	Ściągaczka do podłóg - 75 cm	0	0	szt.	0	0		
 	towar	60CM	Ściągaczka do podłóg - 60 cm	0	0	szt.	0	0		
 	towar	55CM	Ściągaczka do podłóg - 55 cm	0	0	szt.	0	0		
 	towar	50CM	Ściągaczka do podłóg - 50 cm	0	0	szt.	0	0		
 	towar	30CM	Ściągaczka do podłóg - 30 cm	0	0	szt.	0	0		
 	towar	100CM	Ściągaczka do podłóg - 100cm	0	0	szt.	0	0		
 	towar	ŚCIĄGACZKA WODY/75	ŚCIĄGACZKA DO PODŁÓG	0	0	szt.	0	0	Metalik,070120, droższe	
 	towar	0702402305	ŚCIĄGACZKA DO MYCIA SZYB - TELESKOP	0	0	szt.	0	0	Hydroflex	
 	towar	13 C	Ściągaczka do karoserii	0	0	szt.	0	0	 	
 	towar	B32340	ŚCIĄGACZKA - DO SZYB - ORANGE 30 cm	0	0	szt.	4,83	5,94	BOTTARI, pomarańczowa	
 	towar	708 852-60	ŚCIĄGACZKA 	0	0	szt.	42,93	52,8	60 cm	
 	towar	708.852-60	Ściągacz	0	0	szt.	42,94	52,82	60 cm	
 	towar	473.752	Ściagaczka - z gąbką	0	0	szt.	28,94	35,6	na myjnie ;200mm	
 	towar	W73/600	SZYBY KOMINKOWE 600 ml	0	0	szt.	20,44	25,14		
 	towar	9043	SZYBKOZŁĄCZKA Z KRÓĆCEM 9MM	0	0	szt.	0	0		
 	towar	03691/OTT	Szybkozłączka do ssawy	0	0	szt.	0	0	do pistoletu SPT	
 	towar	6.602.0021	SZYBKOZŁĄCZE ZE STALI NIERDZEWNEJ 350 BAR-3/8''	0	0	szt.	0	0	Lavor	
 	towar	8029	Szybkozłącze 3/4'' 	0	0	szt.	0	0		
 	towar	8606	SZYBKOZŁ. 1/2" 	0	0	szt.	0	0	LEROY; 5/8	
 	towar	A-2	SZUFELKA+ZMIOTKA	0	0	szt.	0	0		
 	towar	0109	SZUFELKA/SZCZOTKA DŁ. RĄCZ.	0	0	szt.	0	0		
 	towar	SZM/D	SZUFELKA METALOWA Z DREWNIANĄ RĄCZKĄ	0	0	szt.	0	0	DO WĘGLA, CHEMDOM	
 	towar	SZM	SZUFELKA - METALOWA	0	0	szt.	0	0	50011	
 	towar	5629	SZUFELKA - CLIP  z klapką	0	0	szt.	69,9	85,98	+ SZCZOTKA FLO - żółta	
 	towar	SZUFELKA	SZUFELKA	0	0	szt.	0	0	plastikowa	
 	towar	499.100	SZTYFT DO USZCZELEK 20g.	0	0	szt.	11,38	14		3405 30 00
 	towar	SWŻ	SZRUBER WINYLOWY ŻÓŁTY 	0	0	szt.	0	0		
 	towar	SZPADEL	SZPADEL  Z TRZON. DREW.	0	0	szt.	0	0	Leroy Merlin	
 	towar	SPRINTER HOT	SZOROWARKA SPRINTER HOT CRYSTAL CLEAN	0	0	szt.	0	0		
 	towar	QUICK	SZOROWARKA QUICK 36 BATERYJNA	0	0	szt.	0	0		
 	towar	SZNUREK	SZNUREK BAWEŁNIANY	0	0	szt.	0	0		
 	towar	SZKŁO	SZKŁO PŁYTY CERAMICZNEJ GORENJE	0	0	szt.	0	0		
 	towar	00080-03096	SZEROKA SSAWA DO DYWANÓW - ETNA FOAM	0	0	szt.	428,4	526,93	Lavor,nr.6.402.106	
 	towar	93,220	SZCZYPCE TN. CZOŁOWE 220MM	0	0	szt.	0	0		
 	towar	B32342	SZCZOTKO-SKROBACZKA -teleskop. 120 cm dł.	0	0	szt.	17,37	21,37	Bottari, aluminiowa soft grip	
 	towar	B32302	SZCZOTKO-SKROBACZKA SOFTGRIT I-60 CM	0	0	szt.	0	0	BOTTARI , dł. 60 cm, aluminium 	
 	towar	B32327	SZCZOTKO-SKROBACZKA SOFTGRIP I -83 CM	0	0	szt.	0	0	Bottari, 83 cm, aluminium	
 	towar	B32301	SZCZOTKO-SKROBACZKA SOFTGRIP - 58 CM	0	0	szt.	0	0	BOTTARI	
 	towar	TMP FUTURA COLOR	Szczotko-skrobaczka aluminiowa 70cm	0	0	szt.	0	0	tmp futura color aluminium 70 cm	
 	towar	B32309CI	SZCZOTKO-SKROBACZKA 53cm 	0	0	szt.	0	0	BOTTARI 	
 	towar	T09036	SZCZOTKO-SKROBACZKA - teleskop 90/120cm	0	0	szt.	0	0	TOM-AUTO	
 	towar	1224B	SZCZOTKO SKROBACZKA 12"	0	0	szt.	6,5	8	szczotko-skrobaczka zeberka (615378)	
 	towar	T09032	SZCZOTKO - SKROBACZKA - 75cm	0	0	szt.	0	0	TOM-AUTO	
 	towar	1513	SZCZOTKA ŻELAZ.	0	0	szt.	0	0		
 	towar	SZCZ	SZCZOTKA Z WŁOSIA KOŃSKIEGO	0	0	szt.	43,56	53,58	AKT. CENY CENNIK - 38,98  06.04.2017 BS	
 	towar	D-09-00/18	Szczotka z włosia końskiego	0	0	szt.	24,85	30,57	Tenzi	
 	towar	524.752	Szczotka z przepływem - 524 ( kątowa)	0	0	szt.	144,78	178,08		
 	towar	SZDR	SZCZOTKA Z DŁUGĄ RĄCZKĄ	0	0	szt.	0	0		
 	towar	SW	Szczotka węglowa	0	0	szt.	0	0		
 	towar	S/WC	SZCZOTKA WC TRÓJKĄTNA	0	0	szt.	0	0		
 	towar	S/WCO	SZCZOTKA WC OKRĄGŁA Z PĘTELKĄ	0	0	szt.	0	0		
 	towar	5119	SZCZOTKA UNIWERSALNA DWUSTRONNA	0	0	szt.	0	0		
 	towar	0063	SZCZOTKA UNIWERSALNA DO SZOROWANIA	0	0	szt.	0	0	Jack, drewniana typu BISZKOPT	
 	towar	2543	SZCZOTKA UNIWERSALNA	0	0	szt.	0	0		
 	towar	491.700	SZCZOTKA UNIWERSALNA 	0	0	szt.	47,98	59,02	25%	
 	towar	SU/50	SZCZOTKA ULICOWA 50CM	0	0	szt.	0	0		
 	towar	SU/40	SZCZOTKA ULICOWA 40CM	0	0	szt.	0	0		
 	towar	SU/30	SZCZOTKA ULICOWA 30CM	0	0	szt.	0	0		
 	towar	32917	SZCZOTKA ŚCIERNA	0	0	szt.	0	0	doczołowa	
 	towar	A 02-082	SZCZOTKA SZORÓWKA "B"	0	0	szt.	0	0	Crawtico. ryżowa  ręczna	
 	towar	0702402302	SZCZOTKA SAMOCHODOWA Z RĄCZKĄ HOBBY SOFT	0	0	szt.	0	0	Hydroflex CAMBER SOFT ES 2000	
 	towar	526.852	Szczotka samochodowa z przepływem wody	0	0	szt.	166,03	204,22	140 x 280 mm	
 	towar	525.452	Szczotka samochodowa z przepływem wody	0	0	szt.	65,19	80,18	krótka	
 	towar	SS/AR05	SZCZOTKA SALMON AR05	0	0	szt.	0	0		
 	towar	450.252	Szczotka ręczna 35x590	0	0	szt.	22,55	27,74	zmiotka	
 	towar	524.652	Szczotka ręczna - ergonomiczna	0	0	szt.	65,19	80,18	130 x 340 mm	
 	towar	522.752	Szczotka ręczna - 522 ( krótka)	0	0	szt.	28,94	35,6	74 x 245 mm, 	
 	towar	522.252	Szczotka ręczna - 522 ( długa)	0	0	szt.	28,94	35,6	57 x 410 mm, 	
 	towar	PPL	Szczotka PPL 	0	0	szt.	0	0		
 	towar	631.559	SZCZOTKA -PĘDZELEK	0	0	szt.	19,58	24,08	czarny, 155 mm	
 	towar	631.552	Szczotka pędzelek 	0	0	szt.	20,9	25,71	wycofany, o20mm x 150 mm	
 	towar	475.752	Szczotka owalna z przepływem wody - 475	0	0	szt.	197,05	242,37	80x400mm, z gumowym rantem	
 	towar	475.552	Szczotka owalna z przepływem 	0	0	szt.	108,81	133,84	80x250mm,z gumowym rantem	
 	towar	5104518	SZCZOTKA OKRĄGŁA Z WŁOSIEM	0	0	szt.	0	0	Popularna	
 	towar	SOW	Szczotka okrągła z włosiem	0	0	szt.	0	0		
 	towar	5101060	SZCZOTKA OKRĄGŁA 35 A Z WŁOSIEM NATURALNYM	0	0	szt.	0	0	Popularna	
 	towar	5128200	SZCZOTKA OKRĄGŁA 32 WORWO SS06	0	0	szt.	0	0	Popularna	
 	towar	0803401015	SZCZOTKA OBROTOWA  HOBBY 	0	0	szt.	0	0		
 	towar	SN	SZCZOTKA NUMATIC	0	0	szt.	0	0	345	
 	towar	SZCZ/KURZAWKA	SZCZOTKA KURZAWKA TELESKOPOWA	0	0	szt.	0	0	 MULTICHEM	
 	towar	SZ/G	SZCZOTKA GRAFITOWA	0	0	szt.	0	0	do turbiny odkurzacza	
 	towar	SZCZ/UM	SZCZOTKA GOSP. 30 CM Z UCHWYTEM METALOWYM	0	0	szt.	0	0	Leroy Merlin	
 	towar	5104034	SZCZOTKA DUŻA 35+WŁOS SYNT L250/300A	0	0	szt.	0	0	Popularna	
 	towar	SZD/100	SZCZOTKA DREWNIANA 100 CM	0	0	szt.	0	0		
 	towar	22 B 	SZCZOTKA DO ZBIERANIA KURZU FLEXIPADS	0	0	szt.	0	0	GALON OLEJE, FLEXIPADS	
 	towar	22 C	SZCZOTKA DO ZBIERANIA KURZU DUŻA	0	0	szt.	18	22,14		
 	towar	24 C	SZCZOTKA DO ZBIERANIA KURZU	0	0	szt.	0	0		
 	towar	220265	SZCZOTKA DO ZBIERANIA KURZU	0	0	szt.	0	0	app, czerwona + wosk, na allegro ta szczotka kosztuje 29,90 BR.	
 	towar	014	Szczotka do zamiatania 40 cm	0	0	szt.	0	0	stargart, włosie 2 kolory	
 	towar	14224	Szczotka do zamiatania 40 cm	0	0	szt.	0	0	OMAK, DREWNIANA "STARGARD BORST"	
 	towar	50010	Szczotka do zamiatania 35 cm	0	0	szt.	0	0	OMAK, DREWNIANA "CRAVTICO"	
 	towar	521.552	Szczotka do usuwania śniegu	0	0	szt.	20,7	25,46		
 	towar	491.400	SZCZOTKA DO USUWANIA SIERŚCI	0	0	szt.	45,98	56,56		9603 90 99
 	towar	SZCZ/P	SZCZOTKA DO SZOROWANIA NA KIJ - PLASTIK	0	0	szt.	0	0	Chemdom	
 	towar	SZCZ/K	SZCZOTKA DO SZOROWANIA NA KIJ	0	0	szt.	0	0	CRAWTICO, A 02-028	
 	towar	SZCZ/KOSTKA BRUKOWA	SZCZOTKA DO SZOROWANIA 	0	0	szt.	0	0	Metalik ,050196	
 	towar	53635	Szczotka do rur z rączką z średnim włosiem biała	0	0	szt.	0	0	37cmx0,9cm	
 	towar	SZCZ/RĄKMINI	SZCZOTKA DO RĄK ŻELAZKO MINI	0	0	szt.	0	0	Multichem, CHEMDOM	
 	towar	SZCZ/RĄK/MIDI	SZCZOTKA DO RĄK ŻELAZKO MIDI	0	0	szt.	0	0	Chemdom, NIE MA	
 	towar	SZCZ/RĄK/MAXI	SZCZOTKA DO RĄK ŻELAZKO MAXI	0	0	szt.	0	0	Chemdom	
 	towar	3363	SZCZOTKA DO RĄK STONE	0	0	szt.	0	0		
 	towar	AST/TIR/0/G	SZCZOTKA DO MYCIA ZE ŚCIĄGACZKĄ DO WODY	0	0	szt.	0	0	Kufieta	
 	towar	ASZ/TIR/OPR/ŻÓŁ	SZCZOTKA DO MYCIA TIR/OPRAWA/WŁOSIE ŻÓŁTE PET	0	0	szt.	0	0	Kufieta	
 	towar	ASZ/TIR/OPR/MAX	SZCZOTKA DO MYCIA TIR/OPR./MAX	0	0	szt.	0	0	Kufieta	
 	towar	ASZ/TIR/OPR	SZCZOTKA DO MYCIA TIR/ OPRAWA	0	0	szt.	0	0	Kufieta	
 	towar	M350	SZCZOTKA DO MYCIA RĘCZNEGO- zielona	0	0	szt.	15,21	18,71	K2,włosie-tetalon , twarda	
 	towar	644.052	Szczotka do mycia rąk - 644	0	0	szt.	23,1	28,41	70x115mm	
 	towar	ASZ/PS	SZCZOTKA DO MYCIA PS	0	0	szt.	8,05	9,9	Kufieta, pomarańczowa	
 	towar	M358	SZCZOTKA DO MYCIA FELG- niebieska	0	0	szt.	11,95	14,7	K2,twarde włosie	
 	towar	ASZ/PET	SZCZOTKA DO MYCIA  PET	0	0	szt.	0	0	Kufieta, niebieska	
 	towar	SZK	szczotka do kaloryferów	0	0	szt.	0	0		
 	towar	417.941	SZCZOTKA DO FELG Z MIKROFIBRY	0	0	szt.	54,98	67,63		9603 90 99
 	towar	525.252	Szczotka do felg z gumowym rantem- 525	0	0	szt.	35,37	43,51	110 x 280 mm	
 	towar	545.252	Szczotka do felg - 545 ( okrągła)	0	0	szt.	117,14	144,08		
 	towar	525.352	Szczotka do felg - 525	0	0	szt.	28,94	35,6	wycior	
 	towar	525.652	Szczotka do felg	0	0	szt.	68,5	84,26	NOWOŚĆ	
 	towar	416.741	SZCZOTKA DO CZYSZCZENIA TAPICERKI I SKÓRY	0	0	szt.	19,98	24,58		9603 90 91
 	towar	450.052	Szczotka do czyszczenia tapicerki - 450	0	0	szt.	22,5	27,68	280 mm	
 	towar	ASZ/CZYSZCZ/SIER	SZCZOTKA DO CZYSZCZENIA SIERŚCI	0	0	szt.	7,96	9,79	Kufieta	
 	towar	417.900	SZCZOTKA DO CZYSZCZENIA FELG 	0	0	szt.	31,48	38,72		
 	towar	417.900(P)	SZCZOTKA DO CZYSZCZENIA FELG 	0	0	szt.	29,85	36,72	PROMOCJA	
 	towar	5139	SZCZOTKA D/SZOR. ELEGANC	0	0	szt.	0	0		
 	towar	3124	SZCZOTKA CHROM. Z KIJEM 140 CM	0	0	szt.	0	0		
 	towar	S/1 C	SZCZOTKA- CARDUSTER	0	0	szt.	0	0	amerykańska	
 	towar	SZCZOTKA	SZCZOTKA B/Z	0	0	szt.	0	0	GRES	
 	towar	42151	SZCZOTKA - ŻELAZKO	0	0	szt.	3,24	3,99	ręczna	
 	towar	0702402308	SZCZOTKA - ZAPAS 4P PRO	0	0	szt.	0	0	nowa, długie włosie	
 	towar	SKT/2	SZCZOTKA - ZAPAS  	0	0	szt.	0	0	żółta , kątowa (z włosiem po bokach)	
 	towar	SKT/1	SZCZOTKA - ZAPAS	0	0	szt.	0	0	żółta	
 	towar	SKT-4 P	SZCZOTKA - KOMPLET  250 CM/ 4 P	0	0	szt.	0	0	Z BOCZKAMI + KIJ	
 	towar	SKT	SZCZOTKA - KOMPLET	0	0	kpl.	0	0	żółta+kij	
 	towar	84211	SZCZOTKA - ESKA	0	0	szt.	3,94	4,85	ręczna	
 	towar	11334	SZCZOTKA  DO SZOROWANIA TWINGO	0	0	szt.	4,25	5,23	Multichem, ryżowa 	
 	towar	11102	SZCZOTKA - DO MYCIA TYPU TRUCK	0	0	szt.	0	0	do kija truck	
 	towar	B32216E	SZCZOTKA - DO MYCIA SAMOCHODÓW-33,5 cm	0	0	szt.	4,72	5,81	BOTTARI, RÓŻNE KOLORY	
 	towar	ASZ/TIR/0/M/G	SZCZOTKA  DO MYCIA MAX ZE ŚCIĄGACZKĄ / KĄTOWA	0	0	szt.	0	0	Kufieta	
 	towar	63101	SZCZOTKA - do KURZU - KULA	0	0	szt.	7,02	8,63	do pajęczyn	
 	towar	KO84311	SZCZOTKA - BISZKOPT	0	0	szt.	3,95	4,86	CHEMDOM RYŻOWA, CRAWTICO, A 02-018, ręczna	
 	towar	SZCZ/ZĘB	SZCZOTECZKA DO ZĘBÓW	0	0	szt.	0	0		
 	towar	9113	SZCZOT.D/RĄK.OKR.UCHW	0	0	szt.	0	0		
 	towar	2089	SZCZĘKI HAMULCOWE F-126	0	0	szt.	0	0		
 	towar	SZW	SZAMPON Z WOSKIEM MOTORYNKA 1 L	0	0	szt.	0	0	Auchan	
 	towar	BK98103	Szampon z woskiem GRAND PRIX 1L samochodowy 	0	0	szt.	2,78	3,42	Bottari	
 	towar	BK98090	Szampon z woskiem BOTTARI 1L	0	0	szt.	6,27	7,71	Bottari	
 	towar	313.200- ETRA	SZAMPON Z WOSKIEM 500ML	0	0	szt.	16,35	20,11		3402 20 90
 	towar	313.200	SZAMPON Z WOSKIEM 500ML	0	0	szt.	17,58	21,62		3402 20 90
 	towar	BK98965	Szampon z woskiem 1L PIT STOP samochodowy	0	0	szt.	2,97	3,65	Bottari	
 	towar	215.300	SZAMPON XTREME 2W1 	0	0	szt.	19,98	24,58	koncentrat	3402 20 90
 	towar	613.705	SZAMPON WSPOMAGAJĄCY OSUSZANIE 25L- 613	0	0	szt.	407,35	501,04	wycofany, dwufunkcyjny	
 	towar	613.700	SZAMPON WSPOMAGAJĄCY OSUSZANIE 20L - 613	0	0	szt.	196,4	241,57	wycofany	
 	towar	SC11810/10	SZAMPON W POSTACI PIANY 10KG	0	0	szt.	100	123		
 	towar	TRAKER/W	SZAMPON TRAKER Z WOSKIEM 1 L	0	0	szt.	0	0	Auchan	
 	towar	TRAKER	SZAMPON TRAKER 1L	0	0	szt.	0	0	Auchan	
 	towar	BK98966	Szampon samochodowy PIT STOP 1L	0	0	szt.	2,86	3,52	Bottari	
 	towar	SS/5L	SZAMPON SAMOCHODOWY 5L	0	0	szt.	0	0		
 	towar	RO-SS/5	Szampon Samochodowy 5kg	0	0	szt.	0	0		
 	towar	RO-SS/25	Szampon Samochodowy 25kg	0	0	szt.	0	0		
 	towar	BK98129	Szampon samochodowy 1l GP GRAND PRIX	0	0	szt.	3,13	3,85	Bottari	
 	towar	BK98091	Szampon samochodowy 1L BOTTA	0	0	szt.	5,29	6,51	Bottari	
 	towar	314.341	SZAMPON SAMOCHODOWY 1L	0	0	szt.	11,98	14,74	koncentrat (z babą)	
 	towar	PS24893	Szampon samochodowy 1 L PIT ST	0	0	szt.	2,58	3,17	Bottari	
 	towar	PULWER NEW	SZAMPON PULVER NEW  20 KG	0	0	szt.	200	246	Proszek do myjni samoobsługowych, BEZ ZAPACHU	
 	towar	NA05/1	SZAMPON NEUTRO NANO 1L.	0	0	szt.	17,26	21,23	wycofany	
 	towar	A05-5	SZAMPON NEUTRO 5L	0	0	szt.	53,03	65,23		3402 20 90
 	towar	A05/20	SZAMPON NEUTRO 20L	0	0	szt.	203,51	250,32		3402 20 90
 	towar	A05/10	SZAMPON NEUTRO 10L	0	0	szt.	104,54	128,58	mycie ręczne pojazdów	3402 20 90
 	towar	A05/1	SZAMPON NEUTRO 1 L	0	0	szt.	13,64	16,78		3402 20 90
 	towar	522.705	SZAMPON NABŁYSZCZAJĄCY 25 L - 522	0	0	szt.	352	432,96	NABŁYSZCZAJĄCY . Koncentrat(DO MYCIA RĘCZNEGO)	3402 90 90
 	towar	314.300	SZAMPON NABŁYSZCZAJĄCY 1L	0	0	szt.	13,98	17,2	koncentrat 	3402 20 90
 	towar	314.200	SZAMPON NABŁYSZCZAJĄCY 	0	0	szt.	11,5	14,15	 WYPROWADZIĆ 314,300 wycofany	3402 20 90
 	towar	328.541	SZAMPON HAVANA 2 L KONC.	0	0	szt.	21,99	27,05		
 	towar	328.541 PROMOCJA	SZAMPON HAVANA 2 L KONC.	0	0	szt.	21,99	27,05	PROMOCJA	
 	towar	324.541	SZAMPON GREEN LEMON 2 L KONCENTRAT	0	0	szt.	17,3	21,28	wycofany, KONCENTRAT, nadaje się do myjek ciśnieniowych 	3402 20 90
 	towar	642.700	SZAMPON FORMUŁA PLUS	0	0	szt.	195	239,85		
 	towar	K131	SZAMPON EXPRESS 1L	0	0	szt.	4,65	5,72	K2	
 	towar	A-3	SZAMPON DO SZCZOTEK	0	0	szt.	0	0		
 	towar	314.500	SZAMPON DO MYCIA RĘCZNEGO KONCENTRAT 5L	0	0	szt.	90,39	111,18	25%, 	3402 20 90
 	towar	314.600	SZAMPON DO MYCIA RĘCZNEGO KONCENTRAT 10L	0	0	szt.	85,19	104,78	wycofany	3402 20 90
 	towar	SMR/5	SZAMPON DO MYCIA RĘCZNEGO 5L	0	0	szt.	0	0		
 	towar	SMR/1	SZAMPON DO MYCIA RĘCZNEGO 1L	0	0	szt.	0	0		
 	towar	SMR/25	SZAMPON DO MYCIA RECZNEGO 25L	0	0	szt.	0	0		
 	towar	600.705	SZAMPON DO MYCIA MECHANICZNEGO LIMIT 25L - 600	0	0	szt.	322,9	397,17	koncentrat, ZAMIENNIK 662.705	3402 90 90
 	towar	600.700	SZAMPON DO MYCIA MECHANICZNEGO LIMIT 20L - 600	0	0	szt.	189	232,47	wycofany	
 	towar	SZAMPON -PROMOCJA	SZAMPON CLASSIC CLEAN 250ML	0	0	szt.	0	0	H&S	
 	towar	605.700	SZAMPON ALKALICZNY 20L	0	0	szt.	231	284,13		
 	towar	214.200	SZAMPON AKTYWNY	0	0	szt.	14,36	17,66	wycofany	
 	towar	0367	SYRENA COFANIA	0	0	szt.	13,19	16,22		
 	towar	B405N	SYNTHETIC GREASE - SMAR DO TŁOCZKÓW HAMULCOWYCH	0	0	szt.	3,9	4,8		
 	towar	0366	SYGNAŁ COFANIA MELODIA;CHROM/SPL600	0	0	szt.	12,11	14,9		
 	towar	474.141	SX90 100ML	0	0	szt.	9,39	11,55		3403 19 80
 	towar	662.705	SX SZAMPON   25 L	0	0	szt.	475	584,25	NABŁYSZCZAJĄCY	
 	towar	474.400	SX SX90 PLUS EASY 400 ML	0	0	szt.	20,98	25,81		
 	usługa	SUM	SUSZENIE MYJKI	0	0	szt.	0	0	Quadro 1200 (MT30071233)	
 	towar	GSX1900A	SUSZARKA GSX 1900A	0	0	szt.	0	0		
 	towar	PARY-1780	SURE 300ML	0	0	szt.	17,23	21,19		
 	towar	10510/30	SUPERPOLISH 30L	0	0	szt.	261	321,03	gorący wosk	
 	towar	10510/3/1	SUPERPOLISH 1L	0	0	litr	0	0		
 	towar	SC/25	SUPERCAR 25KG	0	0	szt.	219	269,37		
 	towar	WIADRO	SUPER WIADRO 	0	0	szt.	0	0	wiadro vileda 	
 	towar	CARAMBA/6612011	SUPER SPRAY WIELOFUNKCYJNY 500ML	0	0	szt.	0	0		3403 19 80
 	towar	SPS100	SUPER PLASTIC SHINE - POŁYSK 100ML	0	0	szt.	5,69	7	KEMKO,Mleczko do kokpitu połysk	
 	towar	SP1000	SUPER PIANA 1L	0	0	szt.	5	6,15	KEMKO,aktywna piana	
 	towar	SPE/5	SUPER PARAFINE ENTFERNER 5L	0	0	szt.	0	0	Opel, Ford, Honda, Toyota, Volksvagen, Daewoo (bez rozcieńczania)	
 	towar	SPE/25	SUPER PARAFINE ENTFERNER 25L	0	0	szt.	160	196,8	Opel, Ford, Honda, Toyota, Volksvagen, Daewoo (bez rozcieńczania)	
 	towar	LR/1 - N	SUPER LACKEREIN 1L - N	0	0	szt.	38	46,74	INTENSIV LACKREINIGER	
 	towar	I05/5	SUPER GREEN SPECJAL NF 5L	0	0	szt.	98	120,54		3402 20 90
 	towar	I05/20	SUPER GREEN SPECJAL NF 20L	0	0	szt.	372,34	457,98		3402 20 90
 	towar	I05/1	SUPER GREEN SPECJAL NF 1L	0	0	szt.	23,03	28,33		3402 20 90
 	towar	I05/10	SUPER GREEN SPECJAL NF 10 L	0	0	szt.	186,3	229,15		3402 20 90
 	towar	A03/5	SUPER GREEN SPECJAL 5L	0	0	szt.	112,24	138,06	do mycia silnych zabrudzeń	3402 20 90
 	towar	A03/20	SUPER GREEN SPECJAL 20L	0	0	szt.	444,59	546,85	do mycia silnych zabrudzeń	3402 20 90
 	towar	A03/200	SUPER GREEN SPECJAL 200 L	0	0	szt.	4255,18	5233,87		3402 20 90
 	towar	A03/1	SUPER GREEN SPECJAL 1L	0	0	szt.	26,52	32,62	do mycia silnych zabrudzeń	3402 20 90
 	towar	A03/10	SUPER GREEN SPECJAL 10L	0	0	szt.	227,08	279,31	do mycia silnych zabrudzeń	3402 20 90
 	towar	47045	SUPER FRICTION PROOFING 325 ML	0	0	szt.	7,78	9,57		
 	towar	SDW/1	SUPER DRY WAX	0	0	lt.	0	0		
 	towar	XR1000/25	SUPER CLEANER XR 1000 25L	0	0	szt.	0	0	piana do mycia pojazdów	
 	towar	51366	SUPER CHARGE 325 ML	0	0	szt.	4,5	5,54		
 	towar	SUPER ACTIVE WASH/5	SUPER ACTIVE WASH 5 L	0	0	szt.	87	107,01		3402 19 00
 	towar	SUPERACTIVE WASH/200	SUPER ACTIVE WASH 200L	0	0	szt.	2860	3517,8	BECZKA, wysoko skoncentrowany preparat do bezdotykowego mycia samochodów	3402 19 00
 	towar	SUPER ACTIVE WASH/20	SUPER ACTIVE WASH 20 L	0	0	szt.	330	405,9	wysoko skoncentrowany preparat do bezdotykowego mycia samochodów	3402 19 00
 	towar	SUPER ACTIVE WASH/1	SUPER ACTIVE WASH 1L	0	0	szt.	18,5	22,76	preparat do mycia bezdotykowego	3402 19 00
 	towar	000346	SUŁTAN PIANKA DO CZYSZCZ. DYWANÓW I TAP.	0	0	szt.	9,02	11,09		
 	towar	804.300	SUCHY SMAR Z TEFLONEM 400ML	0	0	szt.	23,49	28,89	wycofany, professional	
 	towar	6539 5650	SUCHY SMAR POŚLIGOWY Z PTFE S 419	0	0	szt.	0	0	Forch Polska	
 	towar	14940	STYKI APARATU ZAPŁONOWEGO ZASTAWA	0	0	szt.	4,5	5,54		
 	towar	17350	STYKI APARATU ZAPŁONOWEGO F-126,BIS	0	0	szt.	4,2	5,17		
 	towar	14927	STYKI APARATU ZAPŁONOWEGO F-125	0	0	szt.	3,8	4,67		
 	towar	STYCZNIK	Stycznik	0	0	szt.	0	0		
 	towar	SIP	STRICKER IP	0	0	szt.	0	0	zatrzaski do dyszy pianowej 	
 	towar	IN612	STREET CLEANER PLUS 5 L	0	0	szt.	0	0		
 	towar	STRECZ /PRZEZROCZ	STRECZ-PRZEZROCZYSTY	0	0	szt.	0	0		
 	towar	STRECZ	STRECZ-CZARNY	0	0	szt.	0	0		
 	towar	AP602/5	STR-040 Mycie kostki brukowej 5 l	0	0	szt.	81	99,63		
 	towar	AP601	STR-040 Mycie kostki brukowej 1 l	0	0	szt.	17,14	21,08		
 	towar	STOPKA	STOPKA GUMOWA POD SILNIK	0	0	szt.	0	0	42516; Kranzle	
 	towar	41513	STOPKA GUMOW.- METAL	0	0	szt.	0	0	Kranzle	
 	towar	T230	STOP LEAK PROSZEK 18,5G	0	0	szt.	2,09	2,57	K2; uszczelniacz do chłodnic w proszku 	
 	towar	STONE REMOVER/5	STONE REMOVER 5 L	0	0	szt.	91	111,93		2811 19 80
 	towar	STONE REMOVER/20	STONE REMOVER 20 L	0	0	szt.	260	319,8	preparat do usuwania betonu	2811 19 80
 	towar	TGS.0509	Stojak wystawowy 2018 Group 100 cm haki	0	0	szt.	0	0		
 	towar	STOJAK	STOJAK WYSTAWOWY	0	0	szt.	0	0	Shine	
 	towar	S-1	STOJAK WHEEL BEAST	0	0	szt.	0	0		
 	towar	S-2	STOJAK PODŁOGOWY DO CZYŚCIWA	0	0	szt.	0	0		
 	towar	ST/K	Stojak na papier z koszem	0	0	szt.	0	0	z koszem	
 	towar	ST/1	Stojak na papier 	0	0	szt.	0	0	wiszący	
 	towar	ST	Stojak do papieru 	0	0	szt.	0	0	stojacy	
 	towar	S-4	Stojak do czyściw	0	0	szt.	0	0		
 	towar	STILL-OIL/100	STILL-OIL olej do mieszanki100 ml czerwony	0	0	szt.	0	0		
 	towar	SP27/1	STILL MAT 1L	0	0	szt.	52,37	64,42		
 	towar	Q-24/05	STILL BŁYSK GT 0,5L	0	0	szt.	0	0	wycofany	
 	towar	PKT-2	STELLA RĘKAWICZKI GUMOWE L,M,S,XL	0	0	szt.	0	0		
 	towar	STW40D	STELAŻ MOPA 40 CM	0	0	szt.	0	0	DOMOWY	
 	towar	SKF/40	STELAŻ- FLIPER 40 CM 	0	0	szt.	0	0	KIESZEŃ	
 	towar	SDZ35	Stelaż do zmywaka 35 cm	0	0	szt.	0	0		
 	towar	ST40M	STELAŻ - Z MAGNESEM 40 cm	0	0	szt.	83,8	103,07		
 	towar	374132/50	STELAŻ - SPEEDY 50CM	0	0	szt.	84,41	103,82	50*13 CM, nibieski, akt kod: ST50N	
 	towar	865/50	STELAŻ - SPEEDY 50CM	0	0	szt.	107	131,61	50 *13 CM,zielony,akt. kod: ST50N	
 	towar	43300866	STELAŻ - SPEEDY 40CM - 2-otw	0	0	szt.	92,8	114,14	2-oczka, zielony	
 	towar	352600/40	STELAŻ - SPEEDY 40 CM	0	0	szt.	62,46	76,83	40*11 CM, niebieski. KOD: ST40N	
 	towar	812/60	STELAŻ - DUST 60 CM 	0	0	szt.	20,7	25,46	metalowy	
 	towar	801/40	STELAŻ - DUST 40CM	0	0	szt.	14	17,22	 metalowy, do zamiatania	
 	towar	STELAŻ/2	STELAŻ - BAYERSAN 50 CM	0	0	szt.	0	0	BARWA	
 	towar	STELAŻ/4	STELAŻ - BAYERSAN 40 CM	0	0	szt.	0	0	BARWA	
 	towar	SK40	STELAŻ -  KOMBI  40CM	0	0	szt.	65,56	80,64	dwustystemowy, NIEBIESKI	
 	towar	W 78/600	STEEL STRONG 600 ML	0	0	szt.	14,66	18,03	USUWANIE ZACIEKÓW MINERALNYCH ZA STALI NIERDZEWNEJ - SILNY.	3402 20 90
 	towar	DS25/025S	STEEL STRONG 250ML	0	0	szt.	8,16	10,04	wycofany	3402 20 90
 	towar	W 81/600	STEEL SHINE 600 ML	0	0	szt.	21,7	26,69	pielęgnacja stali nierdzewnej błyszczącej.	3402 20 90
 	towar	DS20/5	STEEL SHINE 5 L	0	0	szt.	65,46	80,52	Pielęgnacja stali nierdzewnej błyszczącej	3402 20 90
 	towar	DS20/025S	STEEL SHINE 250ML	0	0	szt.	9,87	12,14	wycofany	3402 20 90
 	towar	DS19/025S	STEEL MAT 250ML	0	0	szt.	18,14	22,31	wycofany	
 	towar	DS18/025	STEEL GEL 250ML	0	0	szt.	6,98	8,59	wycofany	
 	towar	W79/06	STEEL DEE 600 ML	0	0	szt.	22,59	27,79		3402 20 90
 	towar	DS17/025S	STEEL DEE 250ML	0	0	szt.	12,06	14,83	wycofany	3402 20 90
 	towar	RO-42/5	STAR FLASH 5L	0	0	szt.	83,76	103,02		
 	towar	RO-42/1	Star  Flash 1L	0	0	szt.	29,06	35,74		
 	towar	40510	STALOWA PODSTAWA SPRĘŻYNY 	0	0	szt.	0	0	K3270	
 	towar	41034	STALOWA PODSTAWA SPRĘŻYNY	0	0	szt.	5,88	7,23		
 	towar	SSAWKOSZCZOTKA	SSAWKOSZCZOTKA UNI + KÓŁKA	0	0	szt.	0	0		
 	towar	5305023	SSAWKOSZCZOTKA 32 MONDO/KÓŁKA	0	0	szt.	0	0	Popularna	
 	towar	1324401170C	SSAWKA PĘDZLOWA DN32 BASIC z włosiem	0	0	szt.	0	0		
 	towar	5201002	SSAWKA MAŁA 35 CM + WŁOS	0	0	szt.	0	0	Popularna	
 	towar	5101044	SSAWKA MAŁA 35 CM + WEL	0	0	szt.	0	0	Popularna	
 	towar	5104105	SSAWKA MAŁA 32 ST+ WŁOS PODW	0	0	szt.	0	0	Popularna	
 	towar	5104005	SSAWKA MAŁA 32 E	0	0	szt.	0	0	Popularna	
 	towar	5104507	SSAWKA DUŻA Z WŁOSIEM NATURALNYM	0	0	szt.	0	0	Popularna	
 	towar	1324401148	Ssawa szczelinowa mała DN35	0	0	szt.	0	0		
 	towar	1324401147	Ssawa szczelinowa mała DN32	0	0	szt.	0	0		
 	towar	5104006	SSAWA SZCZELINOWA L=20 CM	0	0	szt.	0	0	Popularna	
 	towar	5104011	SSAWA SZCZELINOWA ELASTYCZNA 59 CM	0	0	szt.	0	0	Popularna	
 	towar	1324401150	Ssawa szczelinowa DN 45	0	0	szt.	0	0		
 	towar	1324401154	Ssawa szczelinowa długa DN35	0	0	szt.	0	0	DN35/37 mm , długa 34 cm	
 	towar	1324401151	Ssawa szczelinowa długa DN 58	0	0	szt.	0	0	DN 58/ 37mm	
 	towar	5.209.0143	SSAWA PIORĄCA WĄSKA Z DYSZĄ	0	0	szt.	181,5	223,25	Lavor, Apollo/Const/ Solaris IF	
 	towar	3.754.0049	SSAWA OKRĄGŁA Z WŁOSIEM D40	0	0	szt.	0	0	Lavor, DO ODKURZACZY LAVOR SOLARIS, WINDY,ZEUS,DOMUS,TAURUS 	
 	towar	SO	Ssawa okrągła - większa FI 38	0	0	szt.	15	18,45	do Dakoty	
 	towar	SO/1	Ssawa okragła	0	0	szt.	0	0	do Hippo	
 	towar	SNS	Ssawa na sucho	0	0	szt.	0	0		
 	towar	SNM	Ssawa na mokro	0	0	szt.	0	0	Do rury wygiętej 00580	
 	towar	5104516	SSAWA MAŁA  Z POJ.WŁOSIEM	0	0	szt.	0	0	Popularna	
 	towar	5109024	SSAWA MAŁA  Z PODWÓJNYM WŁOSIEM	0	0	szt.	0	0	Popularna	
 	towar	SDT	SSAWA DO TAPICERKI KRÓTKA	0	0	szt.	0	0	do Hippo	
 	towar	1324401153	Ssawa do tapicerki DN35 skośna	0	0	szt.	0	0		
 	towar	1324401145	Ssawa do tapicerki DN 35 z welurem	0	0	szt.	0	0		
 	towar	SST1	Ssawa do tapicerki	0	0	szt.	0	0	bez pistoletu	
 	towar	SPT	Ssawa do prania tapicerki	0	0	szt.	0	0	z pistoletem	
 	towar	00080-02055	SSAWA DO PIANY TAPICERKA ETNA FOAM	0	0	szt.	154,71	190,29	Lavor,3.754.0260	
 	towar	S0SO03860	SSAWA - SZCZOTKA WŁOSIA	0	0	szt.	0	0	do ssawy na mokro	
 	towar	SPP	Sprzęgło pompy paliwa	0	0	szt.	0	0		
 	towar	D01	Spryskiwacz do butelek 1l	0	0	szt.	1,04	1,28	CZARNY, niebiesko - czerwone, foam 28/410	
 	towar	IDRO/R	SPRYSKIWACZ CZERWONY	0	0	szt.	0	0		
 	towar	SC10580/10	SPRITZWASCH/GLANZTROCKNER 10 L	0	0	szt.	0	0	wosk, jak Rollex	
 	towar	4.508.0009	SPRINTER- WEJŚCIE ODSYSU	0	0	szt.	0	0	Lavor	
 	towar	SPRĘŻNA	Sprężyna zaworu	0	0	szt.	0	0		
 	towar	12246	SPRĘŻYNA STARLET II	0	0	szt.	9,96	12,25		
 	towar	41033	SPRĘŻYNA NURNIK	0	0	szt.	15,39	18,93	3,4 X 36 X 58	
 	towar	D.18	Sprężyna D.18.5x11 "44"	0	0	szt.	0	0		
 	towar	40520	SPRĘŻYNA	0	0	szt.	9,05	11,13	1.0 X 8,6 X30	
 	towar	5332-384	SPRĘŻYNA	0	0	szt.	0	0		
 	towar	P12 PROF	SPRAYER PROFESSIONAL 12	0	0	szt.	0	0		
 	towar	6739 0900	SPRAY SPAWALNICZY 400 ML	0	0	szt.	0	0	Forch Polska	
 	towar	65301510	SPRAY POŚLIZGOWY 500ML.  S422	0	0	szt.	0	0	forch	
 	towar	6530 1510	SPRAY POŚLIZGOWY 500 ML S422	0	0	szt.	0	0	Forch	
 	towar	6710 0885	SPRAY DO SCHŁADZ./PRZEDM. 400 ML	0	0	szt.	0	0	Forch Polska	
 	towar	6719 0880 	SPRAY DO CZYSZCZENIA STYKÓW 400 ML R570	0	0	szt.	0	0	Forch Polska	
 	towar	DG-8127A	SPOJLER	0	0	szt.	269	330,87		
 	towar	DG-8127B	SPOJLER	0	0	szt.	300	369		
 	towar	DG-8133A	SPOJLER	0	0	szt.	269	330,87		
 	towar	SS/5	SPLASH SHAMPOO 5L	0	0	szt.	60	73,8		
 	towar	SS/1	SPLASH SHAMPOO 1L	0	0	szt.	16	19,68		
 	towar	SPID WAX/700	SPID WAX-wosk 700 ML	0	0	szt.	7,83	9,63		
 	towar	G020/700	SPECTRUM - 700 ML	0	0	szt.	24,94	30,68	Opakowanie- kartonik, K2 - wosk w płynie+ścierka 40*40	
 	towar	G021/700	SPECTRUM - 700 ML	0	0	szt.	18,41	22,64	K2, wosk wpłynie, opakowanie - bez kartonika	
 	towar	SPA-861/5	SPAWARKA BX1-250A	0	0	szt.	0	0		
 	towar	SP/20	SP 2800 	0	0	szt.	180	221,4		
 	towar	SÓL/25	SÓL PRÓŻNIOWA 25KG	0	0	szt.	0	0	tabletki, zakup 34,73 netto z transportem- 2504/12/2025	
 	towar	SPD/5	SÓL DROGOWA 5 KG	0	0	szt.	0	0		
 	towar	SPD/25	SÓL DROGOWA 25 KG	0	0	szt.	0	0		
 	towar	SÓL/20	SÓL DROGOWA 20 KG	0	0	szt.	0	0		
 	towar	M105/06	SOP SPECJAL 600G	0	0	szt.	8,17	10,05		
 	towar	M105/05	SOP SPECJAL 500G	0	0	szt.	7,24	8,91	wycofany	
 	towar	M105/5	SOP SPECJAL 5 KG	0	0	szt.	56,68	69,72	wycofany	
 	towar	M105/3	SOP SPECJAL 3,4KG	0	0	szt.	41,27	50,76		
 	towar	M103/5	SOP JERY 5 kg	0	0	szt.	0	0		
 	towar	M104/5	SOP HERY  5 kg	0	0	szt.	0	0		
 	towar	364.041	SONAX-ZAPACH SAM.OCEAN FRESH	0	0	szt.	15,98	19,66		
 	towar	368.041	SONAX-ZAPACH SAM.HAVANA LOVE	0	0	szt.	15,98	19,66		
 	towar	363.041	SONAX-ZAPACH SAM. SWEET FLAMINGO	0	0	szt.	15,98	19,66		
 	towar	362.041	SONAX-ZAPACH SAM. ALPEJSKIE LATO	0	0	szt.	15,98	19,66		
 	towar	SAMOCHÓD	SONAX-SAMOCHÓD STEROWANY/00065	0	0	szt.	0	0		
 	towar	483.400	SONAX ZMYWACZ DO HAMULCÓW I CZĘŚCI	0	0	szt.	17,46	21,48		3814 00 90
 	towar	268.400	SONAX XTREME CERAMIC ULTRA SLICK DETAILER 750ML	0	0	szt.	50,34	61,92		
 	towar	239.141	SONAX PROFILLINE ULTIMATE CUT 06+/03/SC 250ML 	0	0	szt.	69,9	85,98		
 	towar	239.300	SONAX PROFILLINE ULTIMATE CUT  06+/03/SC	0	0	szt.	201,88	248,31		
 	towar	275.300	SONAX PROFILINE Waterspot Remover 1L.	0	0	szt.	63,68	78,33	usuwanie śladów po twardej wodzie	
 	towar	247.300	SONAX PROFILINE OS 02/06 1L	0	0	szt.	99,71	122,64	Politura polerska typu All In One Sonax Profiline OS 02-06, 1l (247300)	
 	towar	276.041	SONAX PROFILINE HEADLIGHT PROTECTION 75ML. 	0	0	szt.	58,13	71,5	Wycofany, Długoterminowe zabezpieczenie do reflektorów z tworzyw sztucznych	
 	towar	276.541	SONAX PROFILINE HEADLIGHT COATING 10x5 ML.	0	0	szt.	69,9	85,98	ceramiczna, krzemowo-węglowa powłoka do zabezpieczania reflektorów,  op zawiera 10 saszetek po 5ml. 1 saszetka na 2 reflektory, ochrona do 12 miesięcy.	
 	towar	276.541 (SASZETKA)	SONAX PROFILINE HEADLIGHT COATING 10x5 ML.	0	0	szt.	69,9	85,98	saszetka, ceramiczna, krzemowo-węglowa powłoka do zabezpieczania reflektorów,  op zawiera 10 saszetek po 5ml. 1 saszetka na dwa reflektory, ochrona do 12 miesięcy.	
 	towar	500.500	SONAX PROFI WÓZEK	0	0	szt.	2206,51	2714,01	szary	
 	towar	400100	Sonax PPF Vinyl Polish 250 ml	0	0	szt.	41,98	51,64		
 	towar	398241	Sonax PPF VINYL DETAILER 500 ml	0	0	szt.	41,45	50,98		
 	towar	399400	Sonax PPF Vinyl Cleaner 750 ml	0	0	szt.	28,58	35,15		
 	towar	497.741	SONAX KRANIK SPUSTOWY NA 5 L/10 L	0	0	szt.	23,21	28,55		3923 50 90
 	towar	497.300	SONAX KRANIK  SPUSTOWY	0	0	szt.	29,33	36,08	25L	
 	towar	253400	Sonax cleanstar do wnętrza 750 ml	0	0	szt.	25,91	31,87		
 	towar	499.700	SONAX BUTELKA ZE SPRYSKIWACZEM 0,6L	0	0	szt.	18,88	23,22		
 	towar	ODMR/E	SONAX - ODMRAŻACZ 	0	0	szt.	0	0		
 	towar	IN592/5	Solmax 5 l.Kwaśny preparat odkamieniający	0	0	szt.	0	0		
 	towar	IN591-1L	SOLMAX 1L - Kwaśny preparat odkamieniający	0	0	szt.	12,05	14,82	preparat odkamieniający	
 	towar	EC281/1	SOL-FOS  1 L -Silnie kwaśny preparat myjący	0	0	szt.	12,63	15,53	mycie burt naczep, mycie felg, elementów konstrukcyjnych	
 	towar	T-66/1	SOLAR PANELS 1 L	0	0	szt.	111,13	136,69		
 	towar	HR742	SOFT CLEANER 5 l	0	0	szt.	73,3	90,16		
 	towar	609.705	SODA DO ZMIĘKCZANIA WODY 25L - 609	0	0	szt.	710,87	874,37		2815 12 00
 	towar	SNOW ULTRA /25	SNOW ULTRA 25 L- piana	0	0	szt.	0	0	SHINE	
 	towar	SNOW ULTRA	SNOW ULTRA 1 L	0	0	szt.	0	0		
 	towar	802.300	SMAR W SPRAYU WYSOCE ODPORNY 400ML	0	0	szt.	21,3	26,2	wycofany,professional	
 	towar	CARAMBA/6074001	SMAR SILIKONOWY W SPRAYU 500ML	0	0	szt.	28	34,44		
 	towar	848.400	SMAR SILIKONOWY 500ML	0	0	szt.	13,89	17,08	wycofany, professional	
 	towar	6509 5215	SMAR SILIKONOWY 400 ML S421	0	0	szt.	0	0	Forch Polska	
 	towar	348.200	SMAR SILIKONOWY 300 ML	0	0	szt.	17,99	22,13	wycofany  	
 	towar	6509 5550	SMAR PENETRUJĄCY 500 ML S401	0	0	szt.	0	0	Forch Polska	
 	towar	W123	SMAR MIEDZIOWY 0,5KG	0	0	szt.	25,55	31,43		
 	towar	CARAMBA/60268505	SMAR MIEDZIANY W SPRAYU 500ML	0	0	szt.	0	0		3403 19 80
 	towar	W135	SMAR ŁT43 400ML SPRAY	0	0	szt.	8,49	10,44		
 	towar	W130	SMAR GRAFITOWY 400ML	0	0	szt.	7,45	9,16		
 	towar	375.100	SMAR DO ZAMKÓW 50ML	0	0	szt.	7,46	9,18	WYCOFANY	3403 19 80
 	towar	SMAR	SMAR DO SMAROWANIA 	0	0	szt.	0	0	AUCHAN, TOWOT	
 	towar	W140	SMAR DO ŁAŃCUCHA 500ML	0	0	szt.	14,25	17,53	24K	
 	towar	W139	SMAR DO ŁAŃCUCHA 250ML	0	0	szt.	7,65	9,41	K2, 22K	
 	towar	W124	Smar ceramiczny 400ml.	0	0	szt.	12,99	15,98	K2	
 	towar	6509 5600	SMAR BIAŁY NATRYSK.300 ML S406	0	0	szt.	0	0	Forch Polska	
 	towar	W116/600	SLS 600 ML	0	0	szt.	110	135,3	Zabezpieczenie lakieru.Formulacja monomeru 14Si	
 	towar	AP582	SL-10 Silny odkamieniacz 5 l	0	0	szt.	48,09	59,15		
 	towar	AP581	SL-10 Silny odkamieniacz 1 l	0	0	szt.	0	0		
 	towar	DIESEL/480	SKYDD DIESEL 480 ML	0	0	szt.	0	0	GALON OLEJE , zimowy dodoatek do diesela 1:1000(50 ml/50 l )	
 	towar	DIESEL/1	SKYDD DIESEL 1L	0	0	szt.	0	0	KENOCHEM, ZIMOWY DODATEK DO DIESLA 1:1000 (50ML/50L)	
 	towar	SM	SKUWACZ MINI	0	0	szt.	0	0		
 	towar	SKRZYNKA	SKRZYNKA NARZĘDZIOWA	0	0	szt.	0	0		
 	towar	SKRZ/LISTY	SKRZYNKA NA LISTY	0	0	szt.	0	0		
 	towar	8585	SKROBAK- ZAPAS- HANDLEY	0	0	szt.	0,93	1,14		
 	towar	110	SKROBAK SAGA	0	0	szt.	0,41	0,5		
 	towar	SKROBAK	SKROBAK PŁASKI	0	0	szt.	1,06	1,3	PARYS,	
 	towar	B 32311 CI	SKROBAK DO SZYB 10 CM	0	0	szt.	0	0	BOTTARI	
 	towar	TT8550	SKROBAK DO OKIEN BEST	0	0	szt.	39,3	48,34		
 	towar	8560	SKROBAK - HANDLEY	0	0	szt.	15,7	19,31		
 	towar	SK/1	SKROBACZKA-ZMIOTKA "K"	0	0	szt.	0	0		
 	towar	SK/2	SKROBACZKA-ZMIOTKA "D" 	0	0	szt.	0	0		
 	towar	B32310CI	SKROBACZKA-ZMIOTKA - 40 cm	0	0	szt.	0	0	BOTTARI, kolor- dłuższa 	
 	towar	SZR	Skrobaczka z rękawicą	0	0	szt.	0	0		
 	towar	TMP	SKROBACZKA Z RĄCZKĄ " T "	0	0	szt.	0	0	Auto Play	
 	towar	SK/TRÓJKĄT	SKROBACZKA TRÓJKĄT	0	0	szt.	0	0	Auto Play	
 	towar	B 32306	SKROBACZKA SOFTGRIP ZM V/M	0	0	szt.	0	0	BOTTARI, 	
 	towar	B32319	SKROBACZKA SOFTGRIP 27 CM /SK11	0	0	szt.	4,67	5,74	BOTTARI	
 	towar	SKR/MURSKA(1)	SKROBACZKA MURSKA 580 DŁUGA	0	0	szt.	0	0	EDEN	8205 59 80
 	towar	SKR/MURSKA	SKROBACZKA MURSKA 575	0	0	szt.	0	0	EDEN	8205 59 80
 	towar	0938	SKROBACZKA MAŁA 7"	0	0	szt.	2,09	2,57		
 	towar	0749	SKROBACZKA LIMA	0	0	szt.	3,98	4,9		
 	towar	520.052	Skrobaczka do szyb	0	0	szt.	19,63	24,14	450mm	
 	towar	B32315	Skrobaczka BLADE z gumką 18 cm sko1	0	0	szt.	0	0	Bottari	
 	towar	B32317-SKR	SKROBACZKA- 16,5 cm	0	0	szt.	1,42	1,75	BOTTARI	
 	towar	B32337	SKROBACZKA - RĘKAWICA 34,5 cm	0	0	szt.	0	0	BOTTARI, kolor	
 	towar	697.200	SKROBACZKA	0	0	szt.	0,97	1,19		
 	usługa	SKODA	SKODA FELICIA 1,9D PICK UP samochód ciężarowy	0	0	szt.	0	0		
 	towar	SJD 25-750	SJD ZMYWACZ DO HAMULCÓW 750ML	0	0	szt.	0	0	SJD	
 	towar	SJD 25-600	SJD ZMYWACZ DO HAMULCÓW 600ML	0	0	szt.	0	0	SJD	
 	towar	SJD/MIEDZIOWY	SJD SMAR MIEDZIOWY 400 ML	0	0	szt.	0	0	SJD	
 	towar	SJD/CERAMICZNY	SJD SMAR CERAMICZNY 400 ML	0	0	szt.	0	0	SJD	
 	towar	SJD-28	SJD SMAR  PTFE 400ML	0	0	szt.	0	0	SJD	
 	towar	SJD-23	SJD PREPARAT DO KONSERWACJI USZCZELEK 400ML	0	0	szt.	0	0		
 	towar	SJD/ORDZEWIACZ	SJD ODRDZEWIACZ/PENETRATOR zMoS2 400 ML 	0	0	szt.	0	0		
 	towar	SJD-2019	SJD LODOŁAMIACZ -38ST. 750ML 	0	0	szt.	0	0	SJD	
 	towar	SJD/DO STYKÓW SPR.	SJD DO Kontakt SPRAY400 ML	0	0	szt.	0	0		
 	towar	SJD-34	SJD  SMAR WYSOKOCIŚNIENIOWY HCTO 600 ML	0	0	szt.	0	0	PŁYNNY	
 	towar	FDP	SITKO DO DYSZY PIANOWEJ 	0	0	szt.	0	0	DO LANCY LS3	
 	towar	SIM12	SIMONIZ ŻEL DO PLASTIKÓW I OPON 500ML	0	0	szt.	11,99	14,75	wycofany,    BACK TO BLACK	
 	towar	SIM43	SIMONIZ WOSK- NIEBIESKI 500 ML	0	0	szt.	16,99	20,9	wycofany	
 	towar	SIM42	SIMONIZ WOSK- BIAŁY 500 ML	0	0	szt.	16,99	20,9	wycofany	
 	towar	SIM39	SIMONIZ WOSK - ZIELONY 500 ML	0	0	szt.	16,99	20,9	wycofany	
 	towar	SIM40	SIMONIZ WOSK - SZARY/ SREBRNY 500 ML	0	0	szt.	16,99	20,9	wycofany	
 	towar	SIM37	SIMONIZ WOSK - GRANATOWY 500 ML	0	0	szt.	16,99	20,9	wycofany	
 	towar	SIM38	SIMONIZ WOSK - CZERWONY 500 ML	0	0	szt.	16,99	20,9	wycofany	
 	towar	SIM36	SIMONIZ WOSK - CZARNY 500 ML	0	0	szt.	16,99	20,9	wycofany 	
 	towar	SIM41	SIMONIZ WOSK - BORDOWY 500 ML	0	0	szt.	16,99	20,9	wycofany	
 	towar	SIM22	SIMONIZ SZAMPON Z WOSKIEM 500 ML	0	0	szt.	7,99	9,83	wycofany,   żółty, WASH@WAX 	
 	towar	SIM28	SIMONIZ SZAMPON Z WOSKIEM - POMARAŃCZOWY 500 ML	0	0	szt.	8,99	11,06	wycofany,   MAX WAX	
 	towar	SIM26	SIMONIZ SZAMPON Z WOSKIEM - DWUSKŁADNIKOWY 500 ML	0	0	szt.	11,99	14,75	wycofany,    niebieski, SHAKE & SHINE	
 	towar	SIM32	SIMONIZ MLECZKO DO SKÓRY 500 ML	0	0	szt.	13,99	17,21	wycofany	
 	towar	SIM01	SIMONIZ DO NABŁYSZCZANIA ZDERZAKÓW 500 ML	0	0	szt.	9,98	12,28	wycofany, BACK TO BACK 	
 	towar	11426	SIMMERING WAŁEK SPRZĘGŁA F-126	0	0	szt.	2,3	2,83		
 	towar	11462	SIMMERING TYŁ MOSTU F-125/POLONEZ	0	0	szt.	4,1	5,04		
 	towar	11445	SIMMERING PRZÓD SKRZYNI POLONEZ	0	0	szt.	2,4	2,95		
 	towar	10689	SIMMERING PRZÓD SILNIKA F-125/POLONEZ	0	0	szt.	3,5	4,31		
 	towar	SIMMERING	SIMMERING	0	0	szt.	0	0	uszczelnienie wału	
 	towar	5198018	SILNIK UNI 2000W	0	0	szt.	0	0		
 	towar	5198009	SILNIK UNI 1200W PIOR 2T	0	0	szt.	0	0	230V,170 x 144 x 67, podwójna	
 	towar	5198004	SILNIK UNI 1000W PIOR. 1T	0	0	szt.	0	0		
 	towar	SILNIK/1	SILNIK SSĄCY DO SZOROWARKI	0	0	szt.	0	0		
 	towar	SILNIK	Silnik do odkurzacza	0	0	szt.	0	0		
 	towar	090107	SILKON SPRAY 500 ML	0	0	szt.	0	0	MOTIP	
 	towar	W16/600	SILKOK GT 600ML	0	0	szt.	26,79	32,95	pielęgnacja kokpitów - półpołysk	
 	towar	SILPAC/300	SILIKON WYSOKOTEMPERATUROWY  300 ml 	0	0	szt.	0	0	silpac,do 300 C , czarny	
 	towar	5900	SILIKON ULTRA BLACK 5900  300ml	0	0	szt.	0	0		
 	towar	0040	Silikon Spray Z43	0	0	szt.	0	0		
 	towar	6539 1500	SILIKON SPRAY 500 ML S420	0	0	szt.	0	0	Forch Polska	
 	towar	CARAMBA/6103251	SILIKON DUO-SPRAY 500ML	0	0	szt.	25	30,75		3403 99 00
 	towar	0982	SILIKON DO USZCZELEK SPRAY 250ML	0	0	szt.	6,98	8,59	parys	
 	towar	SILIKON/250	SILIKON DO USZCZELEK 250ML	0	0	szt.	10,46	12,87	parys, 	
 	towar	B2450	SILIKON CZERWONY LUZ 21G	0	0	szt.	3,45	4,24	K2 ; wysokotemperatur +350C płynna uszczelka	
 	towar	B2400	SILIKON CZERWONY 350C 85G	0	0	szt.	7,9	9,72		
 	towar	B320N	SILIKON CZERWONY 304ML TUBA	0	0	szt.	14,51	17,85		
 	towar	B2150	SILIKON CZARNY LUZ 21G	0	0	szt.	2,89	3,55	K2 ; wysokotemperatur 350C płynna uszczelka	
 	towar	B210	SILIKON CZARNY BL. 85G	0	0	szt.	7,9	9,72	K2 ;wysokotemperatur 350C płnna uszczelka, 12k	
 	towar	B200	SILIKON CZARNY 304ML TUBA	0	0	szt.	12,9	15,87	K2; wysokotemper. 350c, duża wytrzymałość	
 	towar	SC/304	SILIKON CZARNY 304 ML - tuba	0	0	szt.	12,91	15,88	K2	
 	towar	PR-SCW/473	SILICONE CAR WAX & CLEANE 473ML	0	0	szt.	0	0	woskuje, nabłyszcza	
 	towar	34337	SILI GASKET 2  215ml	0	0	szt.	0	0	środek uszczelniający	
 	towar	K634	SIL300 ML	0	0	szt.	7,65	9,41	12k PRAWIDŁOWY KOD:K633	
 	towar	K633	SIL SILIKON DO USZCZELEK 300 ML.	0	0	szt.	7,65	9,41	K2, aerozol, 24k	
 	towar	A37/1	SIL KOK 1L	0	0	szt.	0	0	wycofany	
 	towar	SIGMA	SIGMA - Preparat do opon 500 ml	0	0	szt.	35,86	44,11	K2, 6k	
 	towar	SIEKIERA	SIEKIERA	0	0	szt.	0	0		
 	towar	SIU/5	SIDOLUX UNIWERSALNY 5L	0	0	szt.	0	0		
 	towar	SID/5	SIDOLUX DO NABŁYSZCZANIA PCV 5L	0	0	szt.	0	0		
 	towar	SIATKA	SIATKA DO RYNNY 100-125  2 MB	0	0	szt.	0	0		
 	towar	NEOFLOOR BASIC/5	SHINE NEOFLOOR BASIC 5 L	0	0	szt.	0	0		
 	towar	SHINE/EMULSJA	SHINE EMULSJA ANTYADHEZYJNA LEKKA	0	0	szt.	0	0		
 	towar	40209	SHAMPOO WAX PLUS  500 ML	0	0	szt.	7	8,61		
 	towar	SZP/5L	SHAMPO WAX 5L	0	0	szt.	70,68	86,94		
 	towar	CB/SN	SHAMPO NEUTRO	0	0	lt.	0	0	szampon do mycia ręcznego	
 	towar	A06/20	SHAMPO AKTIV 20L	0	0	szt.	208,74	256,75	wycofany	
 	towar	A06/1	SHAMPO AKTIV 1L	0	0	szt.	0	0	wycofany	
 	towar	A06/10	SHAMPO AKTIV 10L	0	0	szt.	0	0	wycofany	
 	towar	059550	SG 4/4 WYTWORNICA PARY	0	0	szt.	0	0	EFEKT	
 	usługa	SNP	SERWISOWA NAPRAWA POGWARANCYJNA	0	0	szt.	0	0		
 	usługa	PPP	Serwis po 1 roku ekspl.od przeglądu maszyny Lavor	0	0	szt.	0	0		
 	towar	SERWETKA	SERWETKA 33x33 50SZT	0	0	szt.	0	0		
 	towar	SEPERATOR/23	SEPERATOR 23 CM	0	0	szt.	33	40,59	Cartec, BUCKET SIEVER	
 	towar	TSK-3	SEPARATOR KOALESCENCYJNY TSK-3	0	0	szt.	0	0		
 	towar	SEGREGATOR	SEGREGATOR	0	0	szt.	0	0		
 	towar	RE 100887	SCHEIBEN-KLAR	0	0	szt.	0	0		
 	towar	SR/5	SCHEIBEN REINIGER 5L	0	0	szt.	87,35	107,44		
 	towar	SR/25	SCHEIBEN REINIGER 25L	0	0	szt.	337,4	415		
 	towar	SR/1	SCHEIBEN REINIGER 1L	0	0	szt.	20,33	25		
 	towar	SCANGRIP SUN MATCH	Scangrip Sun Match	0	0	szt.	0	0		
 	towar	SCANGRIP MATCH PEN	Scangrip Match Pen - Latarka do inspekcji	0	0	szt.	0	0		
 	towar	SN2029	SATIN NET - COCPIT 800 ML	0	0	szt.	0	0		
 	towar	283.041	Saszetki środka Xtreme	0	0	szt.	0,98	1,21		
 	towar	GP24785-99	Saszetka FRESH PEARLS	0	0	szt.	4,58	5,63	Bottari, 85-ocean,98-black, 84-green tea,81-vanilia,82-new car,99-strawberry83-lemon	
 	towar	M112/5	SAPONE ENERGIZING 5 L	0	0	szt.	42,89	52,75		
 	towar	SP19/5	SAPONE DEZ EXTRA 5L	0	0	szt.	81,1	99,75		3808 94 90
 	towar	SP19/1	SAPONE DEZ EXTRA 1 L	0	0	szt.	26,42	32,5		3808 94 90
 	towar	M107/5 	SAPONE 5L	0	0	szt.	42,89	52,75	BlackGrape& Kiwi(fioletowe) cennik- 29,85 netto, detal - Tropical Gazpacho (pomarańczowe) cennik 30,87 netto , 	
 	towar	M102/0,5	SAPONE 500ML	0	0	szt.	11,35	13,96		
 	towar	0606/5	SanTir 0606	0	0	szt.	0	0		
 	towar	STG/5	Santargel 5 kg	0	0	szt.	0	0		
 	towar	STG/05	Santargel 0,5 kg	0	0	szt.	0	0		
 	towar	T65/1-P	SANIT SHINE GT 1 L	0	0	szt.	16,68	20,52	Próbki	3402 20 90
 	towar	T64/1	SANIT SHINE 1 L	0	0	szt.	23,63	29,06		3402 20 90
 	towar	SANIT LUX/1	SANIT LUX 1L - KONCENTRAT	0	0	szt.	18,95	23,31	kwaśny koncentrat, łazienka	
 	towar	T50/5	SANIT DEZ 5 L	0	0	szt.	59,9	73,68		3402 20 90
 	towar	T50/1	SANIT DEZ 1L	0	0	szt.	19,01	23,38		3402 20 90
 	towar	T50/10	SANIT DEZ 10L	0	0	szt.	101,28	124,57		3402 20 90
 	towar	RO-200	SANICELL 5 L	0	0	szt.	60	73,8		
 	towar	RO-SC/1A	Sanicell 1kg z/at	0	0	szt.	7,93	9,75		
 	towar	W19/600	SANI PLUS GT 600 ML	0	0	szt.	24,25	29,83	Odświeżacz powietrza	
 	towar	S33/1	SANI PLUS 1L	0	0	szt.	0	0		
 	towar	S33/10	SANI PLUS 10L	0	0	szt.	0	0		
 	towar	Q-19 /Q-25 /Q-27	SANI PLUS 0,5L	0	0	szt.	0	0	wycofany	
 	towar	SAMOZAMYKACZ	SAMOZAMYKACZ DRZWI GEZE TS-2000V	0	0	szt.	0	0		
 	towar	736	SAMOSTART ACE 311 G	0	0	szt.	0	0	KLEEN-FLO, AUTO-PLAY	
 	towar	735	SAMOSTART ACE 211 G	0	0	szt.	0	0		
 	towar	T440	SAMOSTART 400ML	0	0	szt.	12,25	15,07	K2,skuteczny samostart silnika -54C, 12k	
 	towar	312.100	SAMOSTART 250ML	0	0	szt.	13,38	16,46	wycofany	
 	towar	T420	SAMOSTART 200ML	0	0	szt.	5,95	7,32		
 	towar	SAMOCHÓD 1	SAMOCHÓD OSOBOWY HONDA CIVIC 1.4 COMFORT r.2012	0	0	szt.	0	0	VIN: SHHFK1740CU006219  	
 	towar	SAMOCHÓD 2	SAMOCHÓD OSOBOWY HONDA CIVIC 1.4 COMFORT r.2012	0	0	szt.	0	0	VIN: SHHFK1740CU006184, Nr Rej: WZ 5062G	
 	towar	RENAULT KANGO	Samochód ciężarowy marki Renault Kango 	0	0	szt.	0	0	rok produkcji:2010, nr.VIN:VF1FW1BH544384270	
 	towar	1.766-460.0	S 6 TWIN  ZAMIATARKA RĘCZNA	0	0	szt.	0	0	EFEKT	
 	usługa	PGE/PACZKOMAT DHL 	RYCZAŁT ZA ENERGIĘ ELEKTRYCZNĄ	0	0	szt.	0	0	Kwieciweń 2019 r	
 	towar	SC12590/30	RWF GLANZTROCKNER 30 L	0	0	szt.	390	479,7	PREPARAT OSUSZAJĄCY	
 	towar	SC12590/10	RWF GLANZTROCKNER 10 L	0	0	szt.	150	184,5	preparat osuszajacy, nadaje blask, pachnie.	
 	towar	34605	RUSTY CLEAR 500 ml	0	0	szt.	0	0		
 	towar	BKF-3	RURKA PLASTIKOWA	0	0	szt.	0	0		
 	towar	RLG	Rurka lancy G 1/4"	0	0	szt.	0	0		
 	towar	RDP	RURKA DYSZY DO PIASKOWANIA	0	0	szt.	0	0	METALOWA 410 MM	
 	towar	KR2208	RURKA DO ZB. 24L	0	0	szt.	0	0		
 	towar	RURA	Rura zgięta	0	0	szt.	0	0	rękojeść	
 	towar	RURA W	RURA WYGIĘTA METALOWA	0	0	szt.	0	0	do Hippo	
 	towar	3.753.0103	RURA TELESKOPOWA-WHISPER	0	0	szt.	0	0	Lavor, VAC18/20/STN32/35/50	
 	towar	RURA TELESKOPOWA	RURA TELESKOPOWA DO ODKURZACZA	0	0	szt.	0	0		
 	towar	RURA P	RURA PROSTA METALOWA	0	0	szt.	0	0	do HIPPO	
 	towar	06387	RURA PROSTA ALUMINIOWA ZALANA PLASTIKIEM	0	0	szt.	0	0		
 	towar	RM	Rura metalowa 2-cz. kpl.	0	0	szt.	0	0		
 	towar	RURA/R	RURA BR 53 MM RURA 2 MB	0	0	szt.	0	0		
 	towar	RURA/KOLANKO	RURA BR 53 MM KOLANKO 87	0	0	szt.	0	0		
 	towar	RUBBER/1	RUBBER SHINE 1L	0	0	szt.	35,77	44	środek do konserwacji opon, konc.	
 	towar	P17/1	RUBBER OFF 1L	0	0	szt.	48,78	60	Koncentrat. Usuwanie zanieczyszczeń z wulkanizowanej gumy  na posadzkach.	
 	towar	6488 4553	RTV SIL WYS. TEMP.CZAR. 200 ML K164	0	0	szt.	0	0	Forch Polska	
 	towar	RP LH18ENS	RP LH18ENS Angle Polisher	0	0	szt.	0	0		
 	towar	RP BIG FOOT	RP BIG FOOT LHR15 STN MARK II	0	0	szt.	0	0		
 	towar	RP BIG FOOT LHR 75E	RP BIG FOOT LHR 75E STN	0	0	szt.	0	0		
 	towar	RP BIG FOOT LHR21	RP BIG FOOT LHR 21 STN MARK II 	0	0	szt.	0	0		
 	towar	300190	ROZRZĄD F-125	0	0	szt.	0	0		
 	towar	496.941	ROZPYLACZ Z POMPKĄ TŁOCZĄCĄ K/ A 1,5L	0	0	szt.	190	233,7	25%	
 	towar	496.900	ROZPYLACZ Z POMKĄ TŁOCZĄCĄ 1,5 L	0	0	szt.	96,21	118,34	do produktów lużno pakowanych.	8424 89 70
 	towar	ROZN/50	Rozpylacz stal nierdzewna 50L	0	0	szt.	0	0	urządzenie do wytwarzania piany	
 	towar	ROZN/24	Rozpylacz stal nierdzewna 24L	0	0	szt.	1750	2152,5	INOX,urządzenie do wytwarzania piany	
 	towar	496.141	ROZPYLACZ PIANOWNICZKA 250 ML	0	0	szt.	11,92	14,66		
 	towar	ROZ/50	Rozpylacz 50L	0	0	szt.	0	0		
 	towar	ROZ/25	Rozpylacz 25L	0	0	szt.	1050	1291,5	urządzenie do wytwarzania piany	
 	towar	ROZPUSZCZALNIK	Rozpuszczalnik Nitro 0,5 l	0	0	szt.	0	0		
 	towar	ROZ/ANSOL	ROZPUSZCZALNIK ANSOL 0,5 L	0	0	szt.	0	0		
 	towar	RO-RZ/05	Rozpałka Żel 500ml	0	0	szt.	1,85	2,28		
 	towar	B30325	Rozgałęziacz 3 gniazda, 2 usb z kablem 	0	0	szt.	18,47	22,72	Bottari	
 	usługa	RSA	ROZBUDOWA SYSTEMU ALARMOWEGO	0	0	szt.	0	0		
 	towar	RO-74/6	ROYAX 5+1L	0	0	szt.	0	0		
 	towar	RO-74/5	ROYAX 5 L	0	0	szt.	0	0		
 	towar	R80/5	ROYAL 80 5L	0	0	szt.	72,35	88,99		
 	towar	R80/25	ROYAL 80 25L	0	0	szt.	337,5	415,13		
 	towar	R80/1	ROYAL 80 1L	0	0	szt.	25,2	31		
 	towar	ROX	ROX 200ML	0	0	szt.	8,11	9,98	zapobiega zaparowaniu szyb	
 	towar	RO-180 L/5	ROVLON 80 5 L	0	0	szt.	131,11	141,6		3808 94 90
 	towar	RO-180 L	ROVLON 80 1 L spray	0	0	szt.	35,8	38,66		3808 94 90
 	towar	RO-170G/5 - NIE	ROVLON 70 GEL 5 L. Dezynfekcja rąk	0	0	szt.	0	0		
 	towar	RO-170G/5(1)	ROVLON 70 GEL 5 L .Dezynfekcja rąk	0	0	szt.	0	0	VAT 8 %	3808 94 90
 	towar	RO-3D/5 NIE	ROVLON 5 KG	0	0	szt.	46,67	57,4	NIE	
 	towar	RO-170 L(1)	ROVLON  5 L. Dezynfekcja rąk	0	0	szt.	0	0	 8% DEZYNFEKCJA -Higieniczny płyn do rąk i powierzchni .zabija bakterie, grzyby. wirusy.	3808 94 90
 	towar	RO-170 L- NIE	ROVLON 	0	0	szt.	0	0	DEZYNFEKCJA -Higieniczny płyn do rąk i powierzchni .zabija bakterie, grzyby. wirusy.	
 	towar	ROUTER	ROUTER TP-LINK TL-WR841N	0	0	szt.	0	0		
 	towar	RD/5 AKT	ROUNDUP 360SL 5L 	0	0	szt.	0	0	VAT 0%	
 	towar	RD/5	ROUNDUP 360SL 5L 	0	0	szt.	0	0	AKTUALNY, 5 litrów	
 	towar	RD	ROUNDUP 360SL 1L 	0	0	szt.	0	0	1 litr	
 	towar	RD/04	ROUNDAP 170 SL 	0	0	szt.	0	0	40 ML	
 	towar	D1002	ROTON PRO 750 ML	0	0	szt.	18,35	22,57	K2	
 	towar	D1001	ROTON PRO 1 L 	0	0	szt.	24,95	30,69	K2	
 	towar	G167	ROTON 700 ML	0	0	szt.	11,27	13,86	K2.płyn do mycia felg, 6K	
 	towar	RO-23	ROSOFT 1L	0	0	szt.	25,42	31,27		
 	towar	RO-RGD/5	Rosan-G Desinfect 5L	0	0	szt.	220,82	271,61		
 	towar	RO-RDP/5- NIE	Rosan Desinfect Plus 5L	0	0	szt.	160	196,8		
 	towar	RO-55	ROSAN DESINFECT PLUS 5 L	0	0	szt.	231,93	250,48	VAT 8%	3808 94 10
 	towar	RO-55/1	ROSAN DESINFECT PLUS 1 L	0	0	szt.	56,47	60,99	VAT 8%	
 	towar	RO-155 ROSAN /5	ROSAN 5 L	0	0	szt.	186,67	229,6	ZAMMIENIK ROSAN DES. PLUS	3808 94 10
 	towar	RO-RO/5	Ropur 5kg	0	0	szt.	82,65	101,66		
 	towar	RO-RO/10	Ropur 10kg	0	0	szt.	160,97	197,99		
 	towar	I09/005	RONAL CLAN 5L	0	0	szt.	0	0	wycofany	
 	towar	I09/001	RONAL CLAN 1L	0	0	szt.	23,18	28,51		
 	towar	I09/10	RONAL CLAN 10L	0	0	szt.	0	0		
 	towar	I02/5	RONAL 5L	0	0	szt.	0	0		3402 20 90
 	towar	102/1	RONAL 1L	0	0	szt.	27,58	33,92		3402 20 90
 	towar	I02/10	RONAL 10L	0	0	szt.	210,94	259,46	środek alkaliczny do usuwania intensywnych zabrudzeń	3402 20 90
 	towar	A28/5	ROLLWAX 5 L	0	0	szt.	0	0	wycofany	3402 20 90
 	towar	A12/20	ROLLEX WAX 20L	0	0	szt.	1148,47	1412,62	wosk nabłyszczająco - konserwujący	3402 20 90
 	towar	A12/1	ROLLEX WAX 1L	0	0	szt.	48,76	59,97	WYCOFANY ,wosk nabłyszczająco - konserwujący	3402 20 90
 	towar	W14/600	ROLLEX GT 600 ML	0	0	szt.	10,15	12,48	wycofany	
 	towar	A12/5	ROLLEX 5L	0	0	szt.	164,46	202,29	wosk nabłyszczająco - konserwujący	
 	towar	A-234	ROLLEX 1L	0	0	szt.	38,56	47,43		
 	towar	A12/10	ROLLEX 10L	0	0	szt.	283,62	348,85	wycofany, wosk nabłyszczająco - konserwujący	
 	towar	RO/7	ROLKA DO NITRO 7CM	0	0	szt.	0	0		
 	towar	RO/10	ROLKA DO NITRO 10CM	0	0	szt.	0	0		
 	towar	V820F(1)	ROKO TRUSKAWKA 25G woreczek zapachowy	0	0	szt.	3,75	4,61		
 	towar	V812T(1)	ROKO TRIO TRUSKAWKA 25G	0	0	szt.	3,75	4,61		
 	towar	V812T	ROKO TRIO NEW CAR 25G	0	0	szt.	3,75	4,61		
 	towar	V812K(1)	ROKO RACE NEW CAR 56G woreczek zapachowy	0	0	szt.	3,75	4,61		
 	towar	V822K	ROKO KISS Z.HERBATA 25G woreczek zapachowy	0	0	szt.	3,75	4,61		
 	towar	V827K	ROKO KISS WANILIA 25G woreczek zapachowy	0	0	szt.	3,75	4,61		
 	towar	V812K	ROKO KISS NEW CAR 56G woreczek zapachowy	0	0	szt.	3,75	4,61		
 	towar	V827H	ROKO HAPPY WANILIA 25G woreczek zapachowy	0	0	szt.	3,75	4,61		
 	towar	V827H(1)	ROKO HAPPY NEW CAR 25G woreczek zapachowy	0	0	szt.	3,75	4,61		
 	towar	V820F	ROKO FUN TRUSKAWKA 25G woreczek zapachowy	0	0	szt.	3,75	4,61		
 	towar	V812F	ROKO FUN NEW CAR 25G woreczek zapachowy	0	0	szt.	3,75	4,61		
 	towar	M809/1	ROKER - 1 L	0	0	szt.	18,5	22,76	K2,usuwanie osadów, z kafelek , podłóg	
 	towar	RO-RŻ/10	Rokast Żel 10kg	0	0	szt.	156,94	193,04		
 	towar	RO-37	ROKASAT 5 L	0	0	szt.	84,48	103,91		
 	towar	RO-37/1	ROKASAT 1 L	0	0	szt.	21,91	26,95		
 	towar	RO-R/1	ROKAM 1L	0	0	szt.	26,67	32,8		
 	towar	RODEZYN/5	RODEZYN APS 5L	0	0	szt.	67,33	82,82	do dezynfekcji	
 	usługa	ROB	Robocizna	0	0	szt.	0	0	Naprawa Myjek	
 	usługa	ROB/2	Robocizna	0	0	szt.	0	0		
 	usługa	ROB/1	Robocizna	0	0	szt.	0	0		
 	usługa	ROB/3	Robocizna	0	0	szt.	0	0		
 	usługa	ROB/4	Robocizna	0	0	szt.	0	0		
 	towar	PNM	Robocizna	0	0	szt.	0	0		
 	towar	RO-2E/5	RO-2 Płyn do naczyń 5kg	0	0	szt.	0	0		
 	towar	RO-2E/30	RO-2 Płyn do naczyń 30kg	0	0	szt.	0	0		
 	towar	RO-2/25	RO-2 PŁYN DO NACZYŃ 25kg	0	0	szt.	28,3	34,81	Płyn do mycia - uniwersalny	
 	towar	RO-2E/25	RO-2  Płyn do naczyń 25 kg	0	0	szt.	0	0		
 	towar	RM 81	RM 81	0	0	szt.	0	0		
 	towar	RM 81/ L	RM 81	0	0	litr	0	0	LITRY	
 	towar	RM 806	RM 806 ŚRODEK MYJĄCY	0	0	szt.	0	0		
 	towar	6290-175	RM 760 800g	0	0	szt.	0	0		
 	towar	6290-104	RM 760 - 10kg	0	0	szt.	138,39	170,22		
 	towar	RM 110	RM 110 10L	0	0	szt.	0	0		
 	towar	DP 5/700	RLS 700 ML	0	0	szt.	40,27	49,53		
 	towar	W107/600	RLS 600 ML	0	0	szt.	97,44	119,85	wycofany,  Zabezpeczenie lakieru, szyb	
 	towar	F/51/0025	RLS 250 ML	0	0	szt.	0	0	wycofany, zabezpieczenie lakieru, szyb	
 	towar	RIN/400	RINPEL 400ML	0	0	szt.	10,15	12,48	pianka do skóry	
 	towar	R477	RING ŻARÓWKA H7 12V  55W  Px26D	0	0	szt.	6,6	8,12		
 	towar	R477(P)	RING ŻARÓWKA H7 12V  55W  Px26D	0	0	szt.	6,6	8,12	PROMOCJA	
 	towar	R472	RING ŻARÓWKA H4 12V  60/55W  P43T	0	0	szt.	4,23	5,2		
 	towar	RS/13C	RIDER SPALINOWY13C	0	0	szt.	0	0		
 	towar	AP602	RGM-1 Zabezpieczenie opryskiwaczy na zimę 5 l	0	0	szt.	47	57,81		
 	towar	06180	Rękojeść z zaworem natrysku	0	0	szt.	0	0		
 	towar	06389	RĘKOJEŚĆ	0	0	szt.	0	0		
 	towar	RĘKAW/NEOPRENU	RĘKAWICE Z NEOPRENU	0	0	szt.	0	0	LEROY,czarne	
 	towar	RL/WINYL	RĘKAWICE WINYLOWE	0	0	szt.	0	0		
 	towar	ARO/R	Rękawice uniwersalne gumowe	0	0	szt.	0	0	rozmiar M	
 	towar	RS	RĘKAWICE SKÓRZANE	0	0	szt.	0	0	żółte	
 	towar	RĘKAW/NITRYL	RĘKAWICE ROBOCZE POWLEKANE NITRYLEM	0	0	szt.	0	0	LEROY,biało-szare	
 	towar	RĘKAW/LATEKS	RĘKAWICE ROBOCZE POWLEKANE LATEKSEM	0	0	szt.	0	0	CHEMDOM, czarno-czerwone	
 	towar	R/JAU	RĘKAWICE ROBOCZE OCIEPLANE	0	0	szt.	0	0		
 	towar	RRZ	RĘKAWICE ROBOCZE	0	0	szt.	0	0	zielone	
 	towar	RR	RĘKAWICE ROBOCZE	0	0	szt.	0	0	czarne	
 	towar	RO	Rękawice ochronne	0	0	szt.	0	0	RTEPO, .czarne polister powl. nitylem	
 	towar	RL/NITRYL/SONIC	Rękawice nitrylowe a'200/GLOVES 	0	0	szt.	0	0	SONIC 200/ NIEBIESKIE	
 	towar	RL/HIGH RISK	Rękawice Nitrylex/HIGH RISK/Pomarańczowe	0	0	szt.	0	0	PL TRADE, HIGH RISK/ 100 SZT/ POMARAŃCZOWE	
 	towar	5928	RĘKAWICE - WAMPIRKI	0	0	szt.	0	0	BARWA,1 para	
 	towar	RL/  NITRYL/200	RĘKAWICE - NITRYL a'200	0	0	szt.	0	0	L	
 	towar	RL/  NITRYL/180	RĘKAWICE - NITRYL a'180	0	0	szt.	0	0	XL	
 	towar	RL/  NITRYL CZARNE	RĘKAWICE - NITRYL a'100 CZARNE 	0	0	szt.	0	0	 KENOCHEM	
 	towar	RL/  NITRYL	RĘKAWICE - NITRYL a'100	0	0	szt.	0	0	KINGA ZUBRYCKA, CZARNE I NIEBIESKIE	
 	towar	RL/L	RĘKAWICE - LATEX PUDROWE	0	0	szt.	0	0	TUTTO MED	
 	towar	LATEX	RĘKAWICE - LATEX	0	0	szt.	0	0	Silbet	
 	towar	R415	RĘKAWICE	0	0	szt.	0	0	pomarańczowe	
 	towar	R209	RĘKAWICE	0	0	szt.	0	0		
 	towar	R213	RĘKAWICE	0	0	szt.	0	0	skóra	
 	towar	R414	RĘKAWICE	0	0	szt.	0	0	zielone	
 	towar	R414N9	RĘKAWICE	0	0	szt.	0	0	niebieskie	
 	towar	R 415 CZS	RĘKAWICE	0	0	szt.	0	0	czarne , szare	
 	towar	R415 CZS	RĘKAWICE	0	0	szt.	0	0	czarne ,szare	
 	towar	ZX 1	RĘKAWICA Z WEŁNY MERYNOS DO MYCIA AUT	0	0	szt.	81,53	100,28	Tenzi	
 	towar	RĘKAWICA/MIK	RĘKAWICA Z MIKROFIBRY	0	0	szt.	0	0	BOTTARI B32273 RASTA	
 	towar	417.041	RĘKAWICA Z MIKROFIBRY	0	0	szt.	11,89	14,62	wycofany	
 	towar	428.200	RĘKAWICA Z MIKROFIBRY	0	0	szt.	25,98	31,96		6307 10 90
 	towar	B32303	Rękawica z miękkiej wełny WOOL	0	0	szt.	7,5	9,23	Bottari	
 	towar	MORE/3	Rękawica Vileda Standard lateksowa	0	0	szt.	0	0	rozmiar średni	
 	towar	K/0207	RĘKAWICA- FUTRO	0	0	szt.	0	0	Kufieta	
 	towar	R/WDW	RĘKAWICA - WAMPIRKI -DIMMER Winter	0	0	szt.	0	0	pomarańczowo-czarne	
 	towar	R/WD	RĘKAWICA - WAMPIRKI - DRAGON	0	0	szt.	0	0	żółto- zielone	
 	towar	BLUE10	RĘKAWICA - WAMPIREK - BLUE	0	0	szt.	1,37	1,69	1 para, NYLON kat.1	
 	towar	RG	RĘKAWICA - GUMOWE GOSPODARCZE	0	0	kpl.	0	0	GRAFPOL OX-FLOX RĘKAWICE ROBOCZE (S,M,XL) 1,28 NETTO/1,68	
 	towar	FOL/D	RĘKAW FOLIOWY 50 KG   	0	0	szt.	0	0	 folbur, 4,7 zł/kg, ( 500/0,10),	
 	towar	ZZ BB -C	Ręcznik ZZ STANDART 4000SZT.	0	0	szt.	0	0	aktualne: Z-Z400 BIAŁY1 W 25 G25X23 ASKO.Z-Z 400 BIAŁY1 W 25 G ,25X23 DRX; Selekt,gzp/mki (Ciszewski) dafi	
 	towar	ZZ SZ	Ręcznik ZZ STANDART 4000SZT.	0	0	szt.	0	0	szara, LUX 3411 od Multichem dla Energoutil	
 	towar	ZZ SZP	Ręcznik ZZ PREMIUM szare 4000 szt.	0	0	szt.	0	0	Flesz	
 	towar	ZZB/PREMIUM	RĘCZNIK Z-Z PREMIUM 4000 szt. BIAŁY	0	0	szt.	0	0	Flesz	
 	towar	ZZ BIAŁA/2W	RĘCZNIK Z-Z BIAŁY 2-WARSTWOWY (20 PAK.)	0	0	szt.	0	0	Makulatura , Etra, karton 20 pakietów	
 	towar	ZZ BB/1	Ręcznik ZZ Biała gofrowana 4000 szt	0	0	szt.	0	0	makulatura bielona	
 	towar	ZZ/BP	RĘCZNIK ZZ BIAŁA - 224*40 szt	0	0	szt.	0	0	DAFI, 402598 , papier toaletowy w skaładance,MEDIX	
 	towar	ZZ B- NIE	RĘCZNIK Z-Z 4000 SZT. BIAŁY /1W	0	0	kar.	62	76,26	25x23 cm szerokość , krótsza, MEDIX	
 	towar	ZZ B/2	RĘCZNIK Z-Z 3200szt. BIAŁY 2W 	0	0	szt.	0	0	( wzięte z Meridy) KOD: VTB016 3200szt,2-warstwowe, białe ,listek (23x21)	
 	towar	ZZ CL	RĘCZNIK Z-Z 3200 CLARINA	0	0	szt.	0	0	biały, dla Flo 63 zł netto	
 	towar	ZZ/3150	RĘCZNIK Z-Z 3150 2w. biały	0	0	szt.	0	0	FLESZ; 61694 F 	
 	towar	ZZ B/2W	RĘCZNIK Z-Z 3000 BIAŁY 2W	0	0	szt.	77,5	95,33	36170	
 	towar	ZZ/3000	RĘCZNIK Z-Z 2w. biały	0	0	szt.	0	0	Katrin 16174, biały 2-warstw. 3000 listków, INDEKS: 1.04.921	
 	towar	ZZ/M	RĘCZNIK ZZ 2W BIAŁY	0	0	szt.	0	0	MEDIX-nowa Z-Z2WCEL.KLEJ.23X21  MEDIX, 5600029/036/047/057 DAFI , 23x21 listek, 20 pakietów -oferta  	
 	towar	ZZ/MULTI AUTO	RĘCZNIK ZZ 2W BIAŁY	0	0	szt.	0	0	MULTI AUTO, Z-Z 2w cel.5600039 A"20 (vl)- dajemy tą listeksze 25 cm na 21 cm     	
 	towar	ZZ SZ/5 -NIE	Ręcznik ZZ  NATURALNA -5000 szt.	0	0	szt.	0	0	szara	
 	towar	TS 0016A	RĘCZNIK Z MIKROFIBRY NIEBIESKA-SZARY 40X40CM	0	0	szt.	16,52	20,32	TENZI, NASZ RABAT -45%	
 	towar	MAK/1 W	RĘCZNIK STANDARD MAKUL. 1-W	0	0	szt.	0	0		
 	towar	MAXI/R	RĘCZNIK RENOVA 	0	0	szt.	0	0	RENOVA,ok. 1,5kg ; cel/mak.	
 	towar	Z66	RĘCZNIK POLERSKI Z MIKROFIBRY ŻÓŁTY	0	0	szt.	7,26	8,93	TENZI. żółty 40 x 40 cm, 400 g	
 	towar	Z-65	RĘCZNIK POLERSKI Z MIKROFIBRY NIEBIESKI	0	0	szt.	6,25	7,69	TENZI, 40x40 cm, 250 g	
 	towar	CL/2W (HT)	RĘCZNIK PERFECT MINI CELULOZA	0	0	szt.	0	0	LUCART 861093J  60M	
 	towar	CL/2W	RĘCZNIK PERFECT MINI 2/W-celuloza	0	0	szt.	0	0	DAFI 250/G 2W ,40 m/b, NA OPAK-MINI ROL 14CF, NA FAK LUCAET 86119() 22/01/225 /861210	
 	towar	C/4	RĘCZNIK MINI STANDARD PLUS R65/1W	0	0	szt.	0	0		
 	towar	MINI/B	RĘCZNIK MINI MAKULATURA SZARA 1W	0	0	szt.	0	0	żywicowany	
 	towar	MINI/1	RĘCZNIK MINI MAKULATURA 1W	0	0	szt.	0	0	400g bielona	
 	towar	MINI/100	RĘCZNIK MINI CELULOZA 2w	0	0	szt.	9,8	12,05	AKU,(500listków =100 m*22 cm)	
 	towar	MINI/CEL	RĘCZNIK MINI CELULOZA 1W	0	0	szt.	0	0		
 	towar	MINI/60	RĘCZNIK MINI CELULOZA	0	0	szt.	0	0	Grite ,Coreless,BARTER	
 	towar	MINI/IIG	RĘCZNIK MINI 2w II G	0	0	szt.	0	0		
 	towar	CL/1W	RĘCZNIK MINI 1/W	0	0	szt.	0	0	bielony 65%	
 	towar	C/3	RĘCZNIK MIDI STANDARD PLUS R130/1W	0	0	szt.	0	0	niebieski	
 	towar	CON8	Ręcznik MIDI celuloza 2-w. nadruk	0	0	szt.	0	0		
 	towar	CON9	Ręcznik MIDI celuloza 2-w. biały	0	0	szt.	0	0		
 	towar	MAK/1	RĘCZNIK MAXI-MAK 1W/ZIELONY	0	0	szt.	0	0		
 	towar	MAK/1W	RĘCZNIK MAXI-MAK /BIS 1W-K	0	0	szt.	5,77	7,1		
 	towar	MAK/1B	Ręcznik MAXI-MAK /BIS 1w-B	0	0	szt.	4,95	6,09		
 	towar	MAXI/2B	RĘCZNIK MAXI-BIAŁY 2w  	0	0	szt.	0	0	celuloza 2 wrst.,100 mb,LUCART 861078 J,A"6	
 	towar	MAXI/6E	RĘCZNIK MAXI BIAŁY 2w 140	0	0	szt.	0	0	403829, Papernet,  140 mb A"6	
 	towar	MAXI/3B	RĘCZNIK MAXI BIAŁY 2w	0	0	szt.	0	0	celuloza, włoska, klejona	
 	towar	MAXI/4B ETRA	RĘCZNIK MAXI BIAŁY 2w	0	0	szt.	0	0	papernet 403832, ETRA	
 	towar	MAXI/4N	RĘCZNIK MAXI 2w - NIEBIESKI	0	0	szt.	8,15	10,02	401602.MAKULATURA , MICRO	
 	towar	MAXI/1B	RĘCZNIK MAXI  BIAŁY 2w	0	0	szt.	0	0	HT celuloza 550/650	
 	towar	MAXI/2	Ręcznik MAXI  2w	0	0	szt.	0	0	makulatura bielona 75 %. 160 m	
 	towar	MAXI/5B	RĘCZNIK MAXI  1W - 5B	0	0	szt.	0	0	BARTER	
 	towar	CON5	Ręcznik makul. MIDI 19 bielony	0	0	szt.	4,73	5,82		
 	towar	852274	RĘCZNIK LUCART STRONG L-ONE MINI BLUE 350	0	0	szt.	0	0	Lucart, niebieski,2 wrst., 122,5m,350 list.	
 	towar	RĘCZNIK KUCHENNY/2W	RĘCZNIK KUCHENNY MINI 2 W- PAPERNET	0	0	szt.	0	0	PAPERNET 409132	
 	towar	23306	RĘCZNIK KUCHENNY KITCHEN 360/23306/14 rolek	0	0	szt.	0	0	Higiena , 14 rolek	
 	towar	MINI/RK	RĘCZNIK KUCHENNY 2warst. - 1 rolka	0	0	szt.	1	1,23	 2 szt.,409132, CELULOZA	
 	towar	RĘCZNIK/ KUCHENNY	RĘCZNIK KUCHENNY 100 M	0	0	szt.	0	0	LIDL, MULTICHEM	
 	towar	ZZ Z	Ręcznik  Z-Z Premium 4000 szt. 	0	0	kar.	0	0	DAFI, zielona	
 	towar	ZZ BE	Ręcznik  ZZ BIAŁA 3000 2W	0	0	szt.	0	0	ENERGOUTIL,25X23 A;20, WLM	
 	towar	CL/2W PAPERNET	RĘCZNIK  MINI CELULOZA 2 W PAPERNET	0	0	szt.	0	0	PAPERNET 402414,ROLKA- 50 M, A"9	
 	towar	MAXI/4B	RĘCZNIK  MAXI BIAŁY 2w	0	0	szt.	0	0	papernet 403832 	
 	towar	MAXI/6B	RĘCZNIK  MAXI BIAŁY 2w	0	0	szt.	0	0	Celtex c32317, MAXI PULL TREND	
 	towar	RESIN/250	RESINOL 250 ML	0	0	szt.	11,67	14,35	usuwa zywicę	
 	towar	RENA/250	RENA 250ML.- PREP.ANTYPOŚL. DO PASKÓW NAPĘD.	0	0	szt.	10,97	13,49		
 	towar	REKLAMÓWKA ECO	REKLAMÓWKA ECO - 51 MICRONÓW	0	0	szt.	0	0	51MIK., 25x45 pak. 50 szt - za tą NIE płacimy opłaty recyclingowej	
 	towar	REKLAMÓWKA	REKLAMÓWKA	0	0	szt.	0	0	28x50 - za tą płacimy opłatę recyclingową	
 	usługa	RMT	REKLAMA MARKI TENZI	0	0	szt.	0	0		
 	towar	RO-RA/1	REISS-AUS 1L	0	0	szt.	20,57	25,3		
 	towar	803876	REINIGUNS UND PFLEGE OIL 300 ML	0	0	szt.	0	0		
 	towar	R/162/12	REINIGER 12 KG	0	0	szt.	95	116,85	kamień kotłowy, beton	
 	towar	VS75	Regulator VB75	0	0	szt.	0	0		
 	towar	REGULATOR	REGULATOR NUT IP	0	0	szt.	0	0		
 	towar	REGULATOR CIS.	REGULATOR CIŚNIENIA	0	0	szt.	0	0		
 	usługa	RW	Regeneracja włącznika	0	0	szt.	0	0		
 	towar	RPS	Regeneracja płytki sterującej 	0	0	szt.	0	0		
 	usługa	REGENERACJA	REGENERACJA PŁYTKI	0	0	szt.	0	0		
 	towar	302.505	REGENERACJA LAKIERU 5L	0	0	szt.	127	156,21		
 	towar	302.100	REGENERACJA LAKIERU 250ML	0	0	szt.	17,98	22,12		3405 30 00
 	towar	REFILL	REFILL	0	0	szt.	5,95	7,32		
 	towar	0500505036	REDUKCJA Z NAKRĘTKĄ M22F-1/4 F	0	0	szt.	0	0	krótka, lanca/pistolet	
 	towar	M22F-1/4F	Redukcja z nakrętką	0	0	szt.	0	0		
 	towar	5104510	Redukcja ssawki W-35	0	0	szt.	0	0	Popularna	
 	towar	5104511	Redukcja ssawki W-32	0	0	szt.	0	0	Popularna	
 	towar	RDT	Redukcja pod dyszę turbo	0	0	szt.	0	0	M18x1F-1/4M; Karcher	
 	towar	REDPODDYSZ	REDUKCJA POD DYSZĘ	0	0	szt.	0	0		
 	towar	0702402904	REDUKCJA OBROTOWA NA ŁOŻYSKKU M22F	0	0	szt.	0	0	1/4"F	
 	towar	BDT-3	REDUKCJA NA SPRZĘT RĘCZNY	0	0	szt.	0	0		
 	towar	0702105699	REDUKCJA MOSIĘŻNA 1/8''mm do lancy piany LS3	0	0	szt.	0	0		
 	towar	M22X1,5M	Redukcja M22x1,5m	0	0	szt.	0	0		
 	towar	0500502025	Redukcja M22 X 1,5M - 1/4F	0	0	szt.	0	0		
 	towar	0800199612	REDUKCJA DO PISTOLETU NATRUSKU CHEMII 1/4''	0	0	szt.	0	0		
 	towar	3/8X22	REDUKCJA 3/8x22/1,5	0	0	szt.	0	0		
 	towar	3/4X22	REDUKCJA 3/4x22	0	0	szt.	0	0		
 	towar	RED 3/4 - 1/2	REDUKCJA 3/4 - 1/2 MOSIĘŻNA	0	0	szt.	0	0		
 	towar	22X22	REDUKCJA 22x22	0	0	szt.	0	0		
 	towar	22X1/4	Redukcja 22x1/4	0	0	szt.	0	0		
 	towar	1/4X3/8	REDUKCJA 1/4x3//8	0	0	szt.	0	0		
 	towar	0490	REDUKCJA 1/2"ZW x 1/4"ZW	0	0	szt.	0	0		
 	towar	RED 1/2 - 1/4	REDUKCJA 1/2 - 1/4 	0	0	szt.	0	0	Leroy Merlin	
 	towar	RED	Redukcja	0	0	szt.	0	0		
 	towar	0502202004	Red. M22x1,5M- 3/8F	0	0	szt.	0	0		
 	towar	1/4 X 1/8	Red. G1/8 x G1/4	0	0	szt.	0	0		
 	towar	RO-RIK/05A	Rdza i Kamień Z/A 0,5L	0	0	szt.	2,9	3,57		
 	towar	RĄCZKA/XI6	RĄCZKA LANCY Xi6	0	0	szt.	44,1	54,24	czarna ,PRO 0020, z zaworem suwakowym	
 	towar	RĄCZKA/V	Rączka lancy ORION V	0	0	szt.	19,49	23,97	czarna, z zaworem tłoczkowym	
 	towar	RĄCZKA 	Rączka lancy ORION Pro+	0	0	szt.	63,9	78,6	WAT.0861 z manometrem, niebieska	
 	towar	WAT.0885	Rączka lancy ALKA LINE  blister	0	0	szt.	63,9	78,6	z zaworem tłoczonym i manometrem	
 	towar	0125I/7	Rauchhartz 0125i  7 kg	0	0	szt.	0	0		
 	towar	0125I/05	Rauchhartz 0125i	0	0	szt.	0	0		
 	towar	0125P/7	Rauchhartz 0125  7 kg	0	0	szt.	0	0		
 	towar	0125P/05	Rauchhartz 0125	0	0	szt.	0	0		
 	towar	RNT	RAMKA ZATRZASK. NA TABLICĘ REJESTRACYJNĄ	0	0	szt.	0	0		
 	towar	RX811	RAIN-X ZAPOBIEGA ZAPAROWANIU SZYB 200 ML	0	0	szt.	19,7	24,23	juz wycofany	
 	towar	RX801	RAIN-X WYCIERACZKA W PŁYNIE 200 ML	0	0	szt.	19,7	24,23	12k	
 	towar	RX881	RAIN-X  2w1 CZYSZCZENIE SZYB+WYCIERACZKA 500 ML	0	0	szt.	19,7	24,23	 	
 	towar	T231	RADIATOR STOP LEAK 400ML	0	0	szt.	6,15	7,56	K2; uszczelniacz chłodnic w płynie 400	
 	towar	T221	RADIATOR FLUSZ 250 ML	0	0	szt.	5,05	6,21	Płukacz chłodnicy	
 	towar	T220	RADIATOR FLUSH 400ML	0	0	szt.	6,15	7,56	Płukacz chłodnicy	
 	towar	EU-28	R-14 DAEWOO	0	0	szt.	0	0		
 	towar	QXX10312	QUIXX ZESTAW NAPRAWCZY DO SKÓRY 	0	0	szt.	0	0		
 	towar	Q10065	QUIXX ZESTAW DO USUWANIA ZARYSOWAŃ Z LAKIERU	0	0	szt.	36,49	44,88		3405 30 00
 	towar	Q10069	QUIXX ZESTAW DO ODNAWIANIA REFLEKTORÓW	0	0	szt.	48,44	59,58		3405 30 00
 	towar	QXX10067	QUIXX ZESTAW  DO ZARYSOWAŃ Z POW. AKRYLOWYCH	0	0	szt.	0	0		
 	towar	QXX10144	QUIXX KOREKTOR DO ZABEZPIECZANIA RYS	0	0	szt.	29,35	36,1		
 	towar	12/B C	QUICK WIPER	0	0	szt.	22	27,06	silikonowa ściągaczka do zbierania wody	
 	towar	QS500	QUICK SHINE 500ml	0	0	szt.	5,5	6,77	KEMKO,płynny wosk	
 	towar	QUALITIUM/1	QUALITIUM Protect 10W40 1L półsyntetyk	0	0	szt.	0	0	do starych typów samóchodów	
 	towar	QUALITIUM10W40/1	QUALITIUM Protect 10w40 1 L	0	0	szt.	0	0		
 	towar	5W40	QUALITIUM PROTEC 5W40 1L SYNTETYCZNY	0	0	szt.	0	0	Syntetyczny olej silnikowy do samochodów osobowych i lekkich dostawczych. 	
 	towar	5W30	QUALITIUM PROTEC 5W30 1L SYNTETYCZNY	0	0	szt.	0	0	OLEJ SILNIKOWY 5W30 BENZYNA/DIESEL	
 	towar	SMAR/STP	QARMAX Smar STP 900 G	0	0	szt.	0	0	GALON OLEJE	
 	towar	SMAR/ŁT-43	QARMAX Smar ŁT-43 400 G	0	0	szt.	0	0	GALON OLEJE	
 	towar	SMAR/GRAFITOWY	QARMAX Smar grafitowy 400 G	0	0	szt.	0	0	GALON OLEJE	
 	towar	F-49	Q7	0	0	szt.	156,45	192,43	wycofany	
 	towar	F24	Q1+	0	0	szt.	156,45	192,43	Kwarcowe zabezpieczenie lakieru, super hydrofobowe	
 	towar	IRCHA/1	PVA żółta	0	0	szt.	0	0		
 	towar	201547	PUZZI 10/2 - ODKURZACZ	0	0	szt.	0	0	EFEKT	
 	towar	PUROX/10 COLOR	PUROX CLOVIN 10 KG PROSZEK DO PRANIA	0	0	szt.	0	0		
 	towar	PURGASOL50	PURGASOL 50L.- Płyn do mycia części	0	0	szt.	0	0		
 	towar	T34/300	PUNKT MULTI CLEANER 300 ML	0	0	szt.	35,18	43,27	Doczyszczanie punktowe śladów po farbach, gumie,parafinie	
 	towar	0901026742	PRZYSTAWKA DO POMPOWANIA OPON RF100	0	0	szt.	0	0		
 	towar	644.700	PRZYSPIESZACZ BRYLANTOWY FORMUŁA PLUS	0	0	szt.	360	442,8		
 	towar	IO/2	PRZYRZĄD TRANSLAV	0	0	szt.	0	0	części inżektora transnet	
 	towar	PRZYŁĄCZE	PRZYŁĄCZE OGRODOWE	0	0	szt.	0	0	LEROY	
 	towar	PRS	PRZEZWOJENIE + REMONT SILNIKA	0	0	szt.	0	0	myjka ciśnieniowa	
 	towar	PS/1	Przezwajanie silnika	0	0	szt.	0	0		
 	towar	PRZEWÓD/C	PRZEWÓD USB  C	0	0	szt.	0	0	PEPCO ,kabel do ładowania telefonu	
 	towar	PH	PRZEWÓD HYDRAUL. 06/PA/112	0	0	szt.	0	0		
 	towar	WĄŻ/ROZP	Przewód elastyczny do rozpylacza 10M	0	0	szt.	152,25	187,27	niebieski,25%r,PARYS Hydroflex - 0602403035	
 	towar	PC/15	Przewód ciśnieniowy spiralny 15 m	0	0	szt.	0	0	12 mm	
 	towar	RZEWIETRZNIK	PRZEWIETRZNIK 	0	0	szt.	0	0		
 	towar	0510	Przemysłowy środek do rąk 4,5L	0	0	szt.	0	0		
 	towar	74000	PRZEKAŹNIK TEMPERATURY CNQ	0	0	szt.	10,5	12,92		
 	towar	6.003.0045	PRZEJŚCIÓWKA M M22 - GNIAZDO LAVOR	0	0	szt.	0	0	Lavor	
 	usługa	PMC(2)	Przegląd serwisowy myjki LAVOR HP WH HYPER L 2021	0	0	szt.	0	0		
 	usługa	P/S1	Przegląd serwisowy LAVOR SCL QUICK 36B	0	0	szt.	0	0		
 	usługa	P/S2	Przegląd serwisowy LAVOR CRYSTAL CLEAN	0	0	szt.	0	0		
 	usługa	P/S3	Przegląd serwisowy LAVOR COMFORT SCL XXS-66 BT	0	0	szt.	0	0		
 	usługa	P/S2(2)	Przegląd serwisowy i naprawa LAVOR CRYSTAL CLEAN	0	0	szt.	0	0		
 	usługa	P/O-1	PRZEGLĄD OKRESOWY MYJKI PO 500 GODZ. PRACY	0	0	szt.	0	0		
 	usługa	PMC(3)	Przegląd myjki zimnowodnej WEMA	0	0	szt.	0	0		
 	usługa	PCM	Przegląd myjki Quadro 1200TS	0	0	szt.	0	0	ENERGOUTIL	
 	usługa	PMK	Przegląd myjki EHRLE HD1140	0	0	szt.	0	0	TOP AUTO	
 	usługa	PIE	Przegląd instalacji elektrycznej	0	0	szt.	0	0		
 	usługa	PIC/2	Przegląd i wymiana oleju i uszczelnień	0	0	szt.	0	0		
 	usługa	PMC	Przegląd i naprawa myjki zimnowodnej WEMA	0	0	szt.	0	0		
 	usługa	PMC(1)	Przegląd i naprawa myjki TX-300	0	0	szt.	0	0		
 	usługa	PNM/K	Przegląd i naprawa myjki	0	0	szt.	0	0		
 	usługa	PIC/P	Przegląd i czyszczenie pompy	0	0	szt.	0	0		
 	usługa	PCW	Przegląd i czyszczenie myjki WAP	0	0	szt.	0	0		
 	usługa	PIC	Przegląd i czyszczenie myjki Karcher	0	0	szt.	0	0		
 	towar	PRZEGLĄD	PRZEGLAD, ROBOCIZNA,TRANSPORT	0	0	szt.	0	0		
 	towar	WAO.0801	PRZEDŁUŻKA LANCY	0	0	szt.	16,67	20,5	Czarna	
 	towar	R04MX/100-H	PRZEDŁUŻKA - 100 cm	0	0	szt.	14	17,22	MAROLEX,	
 	towar	PRZ	Przedłużka	0	0	szt.	0	0		
 	towar	002095	PRÓBNIK NAPIĘCIA 12 V + TAŚMA 4	0	0	szt.	0	0		
 	towar	M154/5	PROXIMA - 5L	0	0	szt.	159	195,57	K2, wosk polimerowy, koncentrat	
 	usługa	USŁ	PROWIZJA ZA USŁUGI POMOCNICZE	0	0	szt.	0	0	związane z ubezpieczeniami	
 	towar	M9580	PROWADNICA 35CM 1,3MM	0	0	szt.	0	0		
 	towar	G040	PROTON 200+GĄBKA+MIK	0	0	szt.	34,9	42,93	K2,PERMAMENTY TWARDY WOSK CAURNAUBA	
 	towar	PROTECT GOLD/5	PROTECT GOLD WASH 5 L	0	0	szt.	54	66,42	preparat do mycia bezdotykowego z woskiem	3402 13 00
 	towar	PROTECT GOLD/1	PROTECT GOLD WASH 1L	0	0	szt.	12,2	15,01	preparat do mycia bezdotykowego z woskiem	3402 13 00
 	towar	222.100	PROTECT + SHINE NPT 210ML XTREME	0	0	szt.	79,98	98,38		3405 30 00
 	towar	SC10555/20	PROSZEK PULVER GT 20KG	0	0	szt.	240	295,2	SCHAMPOO PULVER GT, zapachowy	
 	towar	P/M	PROSZEK NA MRÓWKI 250G	0	0	szt.	0	0		
 	towar	A21S/20	PROSZEK MAX POWDER S 25KG	0	0	szt.	0	0	różowy	
 	towar	A21K/20	PROSZEK MAX POWDER K 25KG	0	0	szt.	0	0	biały	
 	towar	D05/05	PROSZEK DO PRANIA EX 500 G	0	0	szt.	23,59	29,02	koncentrat, pranie ekstrakcyjne tapicerek i dywanów z odplamiaczem.	3405 40 00
 	towar	D05/005	PROSZEK DO PRANIA EX 5 kg	0	0	szt.	147,19	181,04		3405 40 00
 	towar	D05/010	PROSZEK DO PRANIA EX 10kg	0	0	szt.	0	0	wycofany	3405 40 00
 	towar	BRYZA	PROSZEK DO PRANIA BRYZA 6 KG	0	0	szt.	0	0		
 	towar	PROSZEK/E/1	PROSZEK DO PRANIA "E" 6,75 KG 	0	0	szt.	0	0	Kolor	
 	towar	PROSZEK/E	PROSZEK DO PRANIA "E" 2,5KG 	0	0	szt.	0	0	Kolor	
 	towar	PROSTOWNIK	PROSTOWNIK 6V/12 V	0	0	szt.	0	0	75A ROZRUCH	
 	towar	B33706	PROSTOWNIK 6AMP, 12V/6V	0	0	szt.	50,53	62,15		
 	towar	PRONTO/250	PRONTO 250 ML ORGINAL 	0	0	szt.	0	0	Pianka	
 	towar	PROMOPAKKET	PROMOPAKKET	0	0	szt.	0	0	NERTA	
 	towar	PROMIX	PROMIX 1 FGAP 16 L/MIN	0	0	szt.	0	0	PRZYCISK PSB1F1600000	
 	towar	B150N	PROLOK MEDIUM TYP 243 	0	0	szt.	5,95	7,32	K2; zabezpieczenie gwintów 	
 	towar	B150	PROLOK MEDIUM 6ml>	0	0	szt.	6,45	7,93	K2; zabezpieczenie gwintów o średniej sile działania	
 	towar	B151N	PROLOK HIGH TYP 270 	0	0	szt.	5,95	7,32		
 	towar	301.300	PROHARDWAX 1L	0	0	szt.	29,7	36,53		
 	towar	243.500	PROFILINE SPRAY & SEAL 5 L.	0	0	szt.	289,5	356,09	Powłoka zabezpieczająca na mokro	3405 30 00
 	towar	288.500	PROFILINE SPEED PROTECT 5L	0	0	szt.	178,89	220,03	płynny wosk, zawiera silikon	3405 30 00
 	towar	288.405	PROFILINE SPEED PROTECT 1 L	0	0	szt.	59,9	73,68	25%	3405 30 00
 	towar	223.100	PROFILINE POLYMER NETSHIELD 210 ML	0	0	szt.	42,8	52,64	wycofany	
 	towar	223.300	PROFILINE POLYMER NESTSHELD 340 ML	0	0	szt.	77,75	95,63		
 	towar	270.300	PROFILINE PIANKA DO CZYSZCZENIA SKÓRY 1L	0	0	szt.	57,59	70,84		
 	towar	281.300	PROFILINE PIANKA DO CZYSZCZENIA SKÓRY 1 L	0	0	szt.	67,2	82,66	wycofany, zamiennik 270.300	
 	towar	274.300	PROFILINE PIANKA CZYSZCZĄCA APC 400ML	0	0	szt.	25,55	31,43		
 	towar	224.300	PROFILINE PERFECT FINISH 1 L - 4/6	0	0	szt.	198,44	244,08	 car valet	
 	towar	224.141	PROFILINE PERFECT FINISH  250 ml - 4/6	0	0	szt.	66,95	82,35	car valet, bez silikonu	
 	towar	319.300	PROFILINE PASTA ŚCIERNA FS 5/4 1L.	0	0	szt.	116,89	143,77	posiada lepsze właściwości polerujące oraz nadaje o wiele lepszy połysk.  Dodatkowo jest wykonana w technologii „LOW DUST” – czyli bezpyłowej	3405 30 00
 	towar	236.041	PROFILINE NANOPAINT PROTECT	0	0	szt.	58,1	71,46	wycofany, 25% :50 ML,PROFESJONALIŚCI	
 	towar	284.300	PROFILINE NANOPAINT ABRASIVVVE POLISH&FINISH 1L	0	0	szt.	0	0		
 	towar	208.500	PROFILINE NANO POLISH 5L	0	0	szt.	215,1	264,57	ścierne  3/ poł. 6	
 	towar	208.141	PROFILINE NANO POLISH 250 ML NP 03-06	0	0	szt.	44,56	54,81		
 	towar	208.300	PROFILINE NANO POLISH 1L	0	0	szt.	111,79	137,5	ścierne 3/poł.6 NP	
 	towar	237.300	PROFILINE LACK PREPARE 400ML	0	0	szt.	39,9	49,08	25%	3405 30 00
 	towar	310.300	PROFILINE IMPREGNAT DO TKANIN 1 L	0	0	szt.	126,22	155,25		
 	towar	267.000	PROFILINE HYBRID COATING CC ONE 50ML	0	0	szt.	214	263,22		
 	towar	276.141 PROMOCJA	PROFILINE HEADLIGHT POLISH 250ML	0	0	szt.	49,77	61,22		
 	towar	276.141	PROFILINE HEADLIGHT POLISH 250ML	0	0	szt.	49,77	61,22		
 	towar	280.500	PROFILINE HARDWAX 5L	0	0	szt.	202,46	249,03	bez silikonu, trudno dostępny w Parysie i u innych.	
 	towar	278.300	PROFILINE FINAL 1L  1/6	0	0	szt.	95,66	117,66	wycofany, zamiennik kod; 247.300 ,Politura polerska typu All In One Sonax Profiline OS 02-06, 1l (247300)	
 	towar	297.300	PROFILINE EXPRESS POLISH 02/06 1L	0	0	szt.	84,72	104,21		
 	towar	245.141	PROFILINE EXCUT 05/05 250 ML	0	0	szt.	59,9	73,68		
 	towar	245.300	PROFILINE EXCUT 05/05  1L	0	0	szt.	178	218,94	Innowacyjna pasta polerska ze specjalna substancja ścierną, przeznaczona do użycia z wykorzystaniem maszyn polerskich ORBITALNYCH/DUAL ACTION. Optymalnie usuwa zarysowania, nadając perfekcyjny, pozbawiony hologramów połysk. Pasta polerska typu ONE STEP, o	3405 30 00
 	towar	242.141	PROFILINE EX 04/06 250 ML	0	0	szt.	49,88	61,35		3405 30 00
 	towar	242.300	PROFILINE EX 04/ 06 1L	0	0	szt.	121	148,83		3405 30 00
 	towar	210.300	PROFILINE DO PLASTIKÓW ZEWNĘTRZNYCH 1L 	0	0	szt.	73,29	90,15		3405 30 00
 	towar	205.500	PROFILINE DO PIELĘGNACJI PLASTIKÓW 5L	0	0	szt.	298,6	367,28		
 	towar	205.405	PROFILINE DO PIELĘGNACJI PLASTIKÓW 1L	0	0	szt.	67,89	83,5		3405 30 00
 	towar	246.141 PROMOCJA	PROFILINE CUTMAX 06/04 250 ML	0	0	szt.	61	75,03	06/03	
 	towar	246.141	PROFILINE CUTMAX 06/04 250 ML	0	0	szt.	61	75,03	06/03	
 	towar	246.300	PROFILINE CUTMAX 06/ 04 1L	0	0	szt.	180,55	222,08	06/03	
 	towar	225.141	PROFILINE CUT & FINISH 250 ml - 5/5	0	0	szt.	66,55	81,86	car valet	
 	towar	225.300	PROFILINE CUT & FINISH 1L- 5/5	0	0	szt.	195,12	240		
 	towar	237.941	PROFILINE CERAMIC COATING EVO	0	0	szt.	444,33	546,53		3405 30 00
 	towar	236.841	PROFILINE CERAMIC COATING CC36 SERVICE PACK 2	0	0	szt.	71,64	88,12		3405 30 00
 	towar	236.241	PROFILINE CERAMIC COATING CC36 GLOSS COAT 2  210ML	0	0	szt.	126,15	155,16	Uzupełnienie dla zestawu powłoki CC36. Gloss coat to polimerowa, zewnetrzna warstwa powłoki. Dostepna dla Autoryzowanych Detailerów CC36	3405 30 00
 	towar	236.941	PROFILINE CERAMIC COATING CC36 210 ML	0	0	szt.	330,55	406,58		3405 30 00
 	towar	282.300	PROFILINE BALSAM DO PIELĘGNACJI SKÓRY 1 L	0	0	szt.	111,45	137,08		
 	towar	285.300	PROFILINE ABRASIVEPOLISH WITHOUT SILICONE 1L	0	0	szt.	61,03	75,07	wycofany, zamiennik 319.300	
 	towar	335.500	PROFIILINE GLASS CLEANER 5 L	0	0	szt.	103,75	127,61	WYCOFANY	3402 20 90
 	towar	483.341	PROFESSIONAL ZMYWACZ DO HAMULCÓW I CZĘŚCI 400 ML	0	0	szt.	13,57	16,69	WYCOFANY, NOWY PRODUKT 483.400 24.07.2024	3814 00 90
 	towar	477.300	PROFESSIONAL DO USUWANIA ETYKIET I KLEJU 400 ML	0	0	szt.	28,98	35,65	WYCOFANY	3814 00 90
 	towar	477.400	PROFESSIONAL DO USUWANIA ETYKIET I KLEJU 400 ML	0	0	szt.	28,98	35,65		3814 00 90
 	towar	M 142/20-P	PROFESSIONAL CLEANER 20 KG	0	0	szt.	0	0	TURBO TRUCK 	
 	towar	PRZYŁĄCZE 3/4	PROF.PRZYŁĄCZE Z GWINTEM WEWNĘTRZNYM 3/4	0	0	szt.	0	0		
 	towar	PRZYŁĄCZE 1	PROF. PRZYŁĄCZE Z GWINTEM WEWNĘTRZNYM 1	0	0	szt.	0	0		
 	towar	A101/005	PRIX 5L	0	0	szt.	182,18	224,08		3402 20 90
 	towar	A101/001S	PRIX 1L	0	0	szt.	43,96	54,07		3402 20 90
 	towar	PRIMA	PRIMA- KABEL 3,6x 200	0	0	szt.	4,15	5,1	K2, czarny-100szt.	
 	towar	PRIMA/1	PRIMA - KABEL3,6x150 	0	0	szt.	3,25	4	K2, czarny-100szt.	
 	towar	PRIMA/2	PRIMA - KABEL 4,8x200	0	0	szt.	5,61	6,9	K2, czarny-100szt.	
 	towar	625.600	PREWASH ULTRA POWER 10L	0	0	szt.	199,7	245,63	35%,WYCOFANY	3402 90 90
 	towar	PSCW525230/5	PRESTONE ZIMOWY PLYN DO SPRYSKIWACZY -20 C 4 L	0	0	szt.	20,69	25,45		
 	towar	PRESTONE	PRESTONE PŁYN DO WSPOMAGANIA KIEROWNICY 946ML	0	0	szt.	0	0		
 	towar	AS-260	PRESTONE PŁYN DO UKŁADU WSPOMAGANIA KIEROWNICY 	0	0	szt.	0	0	355ML	
 	towar	AF-2100P	PRESTONE PŁYN DO CHŁODNIC 4L.	0	0	szt.	31,19	38,36	gotowy do użycia na -37stC, mieszalny z każdym kolorem płynu do chłodnic, na 250 tys km lub na 5 lat.	
 	towar	AF-2100	PRESTONE PŁYN DO CHŁODNIC 1 L.	0	0	szt.	12,98	15,97	gotowy do użycia na -37stC, mieszalny z każdym kolorem płynu do chłodnic, na 250 tys km lub na 5 lat.	
 	towar	PAFI1420	PRESTON TESTER PŁYNU CHŁODNICZEGO	0	0	szt.	12,6	15,5		
 	towar	PRESTO	PRESTO ŚCIERECZKI UNIWERSALNE NAWILŻANE  A'72	0	0	szt.	0	0	do różnych powierzchni: meble plastik tw. sztuczne	
 	towar	PR	PRESOSTAT	0	0	szt.	0	0	kompletny, czarny czujnik ciś. z kablem	
 	towar	SCKT-PDS/400	PREPRAT DO USUWANIA SMOŁY 400ML	0	0	szt.	12	14,76	spray.TEERENTFERNER	
 	towar	18892F	PREPARAT ZAPOBIEGAJĄCY PISZCZENIU HAMULCÓW	0	0	szt.	0	0		
 	towar	PN	Preparat nabłyszczający 10L	0	0	szt.	0	0		
 	towar	390.300	PREPARAT DO USUWANIA ZABRUDZEŃ ORGANICZNYCH 400ML	0	0	szt.	33,48	41,18		3814 00 90
 	towar	334.200	PREPARAT DO USUWANIA SMOŁY 300 ml	0	0	szt.	19,98	24,58		2710 12 21
 	towar	BK98967	Preparat do usuwania owadów PIT STOP 750 ml	0	0	szt.	3,6	4,43	Bottari	
 	towar	BK98136	Preparat do usuwania owadów GP 500 ml GRAND PRIX	0	0	szt.	5	6,15	Bottari	
 	towar	253.500	PREPARAT DO USUWANIA ETYKIET I KLEJU 5 L	0	0	szt.	141,93	174,57		
 	towar	853.300	PREPARAT DO USUWANIA ETYKIET I KLEJU 400 ml	0	0	szt.	16,99	20,9	wycofany, professional	
 	towar	BETON/25	PREPARAT DO USUWANIA BETONU 25 KG	0	0	szt.	247,5	304,43	Kenochem, Trans Beton	
 	towar	BK98974	Preparat do tapicerki PIT STOP 750 ml	0	0	szt.	3,59	4,42	Bottari 	
 	towar	BK98134	Preparat do tapicerki 500 ml GP GRAND PRIX	0	0	szt.	4,9	6,03	Bottari	
 	towar	BK98135	Preparat do szyb 500 ml GP GRAND PRIX	0	0	szt.	5,14	6,32	Bottari	
 	towar	304.505	PREPARAT DO SMOŁY 5L	0	0	szt.	187	230,01	25%	2710 12 21
 	towar	BK98972	Preparat do silników PIT STOP 750ml	0	0	szt.	5,3	6,52	Bottari	
 	towar	PLAK/S	Preparat do pielęgnacji kokpitu	0	0	szt.	0	0		
 	towar	SC11930/250	PREPARAT DO PIELĘGNACJI COCPITU 250 ML	0	0	szt.	10	12,3	DF	
 	towar	SC11930/10	PREPARAT DO PIELĘGNACJI COCPITU 10L 	0	0	szt.	210	258,3	DF, COCPITPFLEGEPREPARAT DO PIELĘGNACJI COCPITU 10L 	
 	towar	SC11930/0,5	PREPARAT DO PIELĘGNACJI COCPITU 0,5L	0	0	szt.	15	18,45	SHOP, COCPITPFLEGE	
 	towar	BK98971	Preparat do nabłyszczania opon PIT STOP 750 ml.	0	0	szt.	6,37	7,84	Bottari	
 	towar	K08	PREPARAT DO KONSERWACJI USZCZELEK 400ML.	0	0	szt.	0	0	SJD	
 	towar	BK98970	Preparat do kokpitu PIT STOP 750 ml.	0	0	szt.	4,21	5,18	Bottari	
 	towar	FAN_TO-100110-0250	PREPARAT DO GWINTOWANIA TEREBOR 250 ML	0	0	szt.	0	0	ETRA	
 	towar	SC11630/250	PREPARAT DO GUMY I TWORZYW SZTUCZNYCH 250 ML	0	0	szt.	10	12,3	TP49.TIEFENPFLEGE	
 	towar	SC11630/1	PREPARAT DO GUMY I TWORZYW SZTUCZNYCH 1 L.	0	0	szt.	0	0		
 	towar	SC11630/10	PREPARAT DO GUMY I TWORZYW SZTUCZNYCH 	0	0	szt.	210	258,3	TP49, GUMMI KUNSTSTOFF	
 	towar	340.200	PREPARAT DO GUMY 300 ML  	0	0	szt.	19,98	24,58		3405 30 00
 	towar	340.100	PREPARAT DO GUMY 100 ML	0	0	szt.	16,42	20,2		3405 30 00
 	towar	340.505	PREPARAT DO GUMY  5 L	0	0	szt.	225,05	276,81		3405 30 00
 	towar	BK98130	Preparat do felg 500 ml GP GRAND PRIX	0	0	szt.	5,37	6,61	Bottari , PET	
 	towar	SC12902/0,5	PREPARAT DO CZYSZCZENIA WNĘTRZA 0,5L	0	0	szt.	12	14,76	INNENREINIGER, konc.	
 	towar	286.300	PREPARAT DO CZYSZCZENIA TWORZYW SZTUCZNYCH 1L	0	0	szt.	49,75	61,19	wnętrze	
 	towar	BK98973	Preparat do czyszczenia szyb  PIT STOP 750 ml. 	0	0	szt.	3,93	4,83	Bottari, wyprodukowano przez UNI-TARPIN Tarnów ul. Kwiatkowskiego 8	
 	towar	K200	PREPARAT DO CZYSZCZENIA SKÓRY LEATHER BALM	0	0	szt.	21,95	27		
 	towar	SC11620/05	PREPARAT DO CZYSZCZENIA HAMULCÓW 500 ml	0	0	szt.	0	0		
 	towar	SC11620/30	PREPARAT DO CZYSZCZENIA HAMULCÓW 30 L	0	0	szt.	0	0		
 	towar	BK98968	Preparat do czyszczenia felg PIT STOP 750 ml	0	0	szt.	3,81	4,69	Bottari	
 	towar	MD-1/1	PREPARAT DEZYNFEKCJI SOLARIUM/1KG	0	0	szt.	0	0		
 	towar	PW/1	Prep Wash 1L	0	0	szt.	31	38,13		
 	towar	211.200	PREMIUM CLASS WOSK CARNAUBA 200ML	0	0	szt.	309	380,07		3405 30 00
 	towar	212.100	PREMIUM CLASS REGENERATOR LAKIERU 250ML	0	0	szt.	84,88	104,4		
 	towar	W61/600	PREMIUM CERAMIC WAX 600 ML.	0	0	szt.	70,77	87,05		
 	towar	C-61	PREMIUM CERAMIC WAX 250 ML	0	0	szt.	0	0	wycofany	
 	towar	F54//025	PR 250 ML	0	0	szt.	40,95	50,37	zabezpieczenie plastiku i gumy	
 	towar	PPL-WOSK/500	PPL-WOSK DO NABŁYSZCZANIA I KONSERWACJI 500ML	0	0	szt.	10,47	12,88		3405 30 00
 	towar	WORKI/2	PPL-WORKI N/ŚM."GR" 35L 5X50szt.	0	0	op.	0	0		
 	towar	WORKI/9	PPL-WOR. N/ŚM "GR"LD 120L 5X10szt.	0	0	szt.	0	0		
 	towar	WORKI/8	PPL-WOR N/ŚM "GR"LD 60L 5X10szt.	0	0	szt.	0	0		
 	towar	PPL-SM/500 NIE	PPL-SUPER MAT 500ML	0	0	szt.	9,99	12,29	czyści i konserwuje	3405 30 00
 	towar	PPL-TAPICERKA/500	PPL-PIANKA DO TAPICERKI I DYWANÓW 500ML	0	0	szt.	12,32	15,15	ETRA	3405 30 00
 	towar	PPL-SZYBY/500	PPL-PIANKA DO SZYB I LUSTER 500ML	0	0	szt.	8,95	11,01		3402 90 10
 	towar	PPL-PS/500	PPL-PIANKA DO SKÓRY 500ML	0	0	szt.	11,58	14,24		3405 10 00
 	towar	PPL-OPONY/500	PPL-PIANKA DO OPON I GUMY 500ML	0	0	szt.	13,68	16,83		3402 20 20
 	towar	PPL-OM/500	PPL-ODTŁUSZCZA I MYJE SILNIK 500ML	0	0	szt.	13,31	16,37		3405 30 00
 	towar	PPL-O/500	PPL-ODRDZEWIA I PENETRUJE 500ML	0	0	szt.	15,8	19,43		3402 19 00
 	towar	PPL-PL/500	PPL-NABŁYSZCZANIE I KONSERWACJA 500ML	0	0	szt.	13,92	17,12		3405 30 00
 	towar	PPL-NZ/500	PPL-NABŁYSZCZA ZDERZAKI I SPOJLERY 500ML	0	0	szt.	15,2	18,7		3405 30 00
 	towar	PPL-NAWIEW/500	PPL-CZYŚCI I ODŚWIEŻA NAWIEWY   500ML	0	0	szt.	15,7	19,31		3405 30 00
 	towar	PPL-WOSK	PPL- WOSK DO NABŁYSZCZANIA I KONSERWACJI 500 ML	0	0	szt.	11,55	14,21		3405 30 00
 	towar	PPL-PN/500	PPL- PLAK NABŁYSZCZAJĄCY 500 ML	0	0	szt.	12,94	15,92		3405 30 00
 	towar	PPL-PLASTIKI/500	PPL- PIANKA DO PLASTIKI I TWORZYWA 500ML	0	0	szt.	9,25	11,38		3405 30 00
 	towar	SIN/5	POŻERACZ OLEJU 5L	0	0	szt.	65	79,95		
 	towar	SIN/20	POŻERACZ OLEJU 20L	0	0	szt.	0	0		
 	towar	SIN/10	POŻERACZ OLEJU 10L	0	0	szt.	125	153,75		
 	towar	POZ	POZIOMICA-TOP 2LIB.80CM "500"	0	0	szt.	0	0		
 	towar	436.300	POWŁOKA ZABEZPIECZAJĄCA DO FELG 400 ML	0	0	szt.	31,95	39,3	Wycofany	3405 30 00
 	towar	250.100	POWŁOKA ZABEZPIECZAJĄCA DO FELG 250ML	0	0	szt.	29,69	36,52		
 	towar	POWER WASH/5	POWER WASH 5 L	0	0	szt.	56,94	70,04	wycofany	
 	towar	POWER/25 NIE!!!	POWER WASH 25L	0	0	szt.	345,35	424,78		3402 90 90
 	towar	POWER/20	POWER WASH 20 L	0	0	szt.	283,6	348,83		3402 90 90
 	towar	CARAMBA/6610001	POWER ODRDZEWIACZ ZAMRAŻAJĄCY 500ML	0	0	szt.	0	0		
 	towar	PH-REGU 355	POWER HORSE ENERGY DRINK 355 ML PUSZKA	0	0	szt.	0	0		
 	towar	POWER CLEAN/ŻEL OCEA	POWER CLEAN Żel do toalet Ocean 750ml	0	0	szt.	4,73	5,82		
 	towar	POWER CLEAN/ŻEL FORE	POWER CLEAN Żel do toalet Forest 750ml	0	0	szt.	4,73	5,82		
 	towar	POWER CLEAN/UNIW OGR	POWER CLEAN Płyn Uniwersalny Tajemniczy Ogród 5L	0	0	szt.	17,87	21,98		
 	towar	POWER CLEAN/UNIW KWI	POWER CLEAN Płyn Uniwersalny Kwiat Lilii 5L	0	0	szt.	17,87	21,98		
 	towar	POWER CLEAN/UNIW KON	POWER CLEAN Płyn Uniwersalny Konwalia 5L	0	0	szt.	17,87	21,98		
 	towar	POWER CLEAN/MLECZKO	POWER CLEAN Mleczko do mebli 750ml	0	0	szt.	9,12	11,22		
 	towar	POWER CLEAN/ŻEL KAMI	POWER CLEAN Kamień i rdza 750ml	0	0	szt.	7,19	8,84		
 	towar	POWC/3	POWER CLEAN 33KG	0	0	szt.	0	0	Top clean	
 	towar	POWC/11	POWER CLEAN 11KG	0	0	szt.	0	0	Top clean	
 	towar	POW/25	POWER 25L	0	0	szt.	105	129,15		
 	towar	POW/20	POWER 20L	0	0	szt.	0	0		
 	towar	POW	POWER 1L	0	0	szt.	0	0		
 	usługa	PWS	POŚREDNICTWO W SPRZEDAŻY	0	0	szt.	0	0	dot. Kranzle Therm 1165/1, Odkurzacz Piorący M26	
 	towar	POPIELNICA/1	POPIELNICA 	0	0	szt.	0	0		
 	towar	TESTER PH	POOLMAN Tester pH, CL	0	0	szt.	0	0	Opakowanie zawiera 50 pasków testowych, paskowy tester do podstawowego badania wody w basenach i SPA	
 	towar	CHLOROSHOCK/1	POOLMAN Chloroshock 1kg	0	0	szt.	0	0	wydajność: 18 gram na 1m3 wody	2933 69 80
 	towar	PPT.0129	POMPKA VENUS SUPER SOLVENT LINE	0	0	szt.	62,85	77,31	CZARNA	
 	towar	PPT.0125	POMPKA VENUS SUPER ALKA LINE	0	0	szt.	52,95	65,13	NIEBIESKA CIEMNA 	
 	towar	POMPKA	POMPKA VENUS SUPER 360 PRO	0	0	szt.	41	50,43	PPT.0124 , JAGODA VENUS	
 	towar	PPT.0121	POMPKA VENUS HD SUPER ACID LINE	0	0	szt.	52,95	65,13	CZERWONA	
 	towar	R05D-H	POMPKA UNIWERSALNA - plastikowa	0	0	szt.	20,5	25,22	MAROLEX (5,7,9,12)	
 	towar	D03	Pompka ręczna dozująca	0	0	szt.	3,79	4,66	 biała, pompka 252	
 	towar	PP-5L	POMPKA PASTY NATURA 5L	0	0	szt.	0	0		
 	towar	POM	POMPKA PALIWA	0	0	szt.	0	0		
 	towar	WAT.0845	Pompka MERKURY SUPER PRO+360 niebieska- box	0	0	szt.	19,11	23,51		
 	towar	POMPKA/2-NIE	Pompka dwustronna Viton - czarna	0	0	szt.	7,49	9,21		
 	towar	POMPKA/1-NIE	Pompka dwustronna VITON	0	0	szt.	7,49	9,21	Mercury	
 	towar	POMKA /WO	Pompka dwustr. FPM 360 z zwężykiem i obciążnikiem	0	0	szt.	17,56	21,6	WAT.1510  niebieska i czarna ,zestaw 10 szt.- WAO.1616	
 	towar	T00002	POMPKA DOZUJĄCA DO KARNISTRÓW 5 L	0	0	szt.	38,03	46,78	TENZI	
 	towar	POMKA/DOZ	POMPKA DOZUJĄCA 25 ML.KAN.5-20 L	0	0	szt.	0	0	Royal	
 	towar	WAT.1618	POMPKA CANYON SOLVENT LINE BIAŁO CZARNA	0	0	szt.	20,13	24,76		
 	towar	WAT.1617	POMPKA CANYON ACID LINE BIAŁO CZERWONA	0	0	szt.	19,35	23,8		
 	towar	PWP	Pompa wodna puzzi	0	0	szt.	0	0		
 	towar	P/TPS	POMPA TPS 14000S	0	0	szt.	0	0	Combi	
 	towar	POMPA/OLEJU	POMPA RĘCZNA DO OLEJU WYD. 16 L/MIN	0	0	szt.	0	0		
 	towar	11214	POMPA RĘCZNA DO OLEJU	0	0	szt.	60,22	74,07	OPOLTRANS, do beczki 200 L	
 	towar	2198	POMPA PALIWA POLONEZ CARO	0	0	szt.	16,9	20,79		
 	towar	2144/5	POMPA PALIWA F-126	0	0	szt.	22,4	27,55		
 	towar	2197	POMPA PALIWA F-125	0	0	szt.	17,16	21,11		
 	towar	PP	Pompa paliwa	0	0	szt.	0	0		
 	towar	6.605.0188	POMPA LW CL5 200/21 1450 SX	0	0	szt.	0	0	LAVOR	
 	towar	0225599054	Pompa Interpump EL1714 V	0	0	szt.	0	0	14/min 170 bar1450 r.p m	
 	towar	P/HC	POMPA HC 506SI	0	0	szt.	0	0		
 	towar	4394597	POMPA HAMULCOWA F-126/FSO	0	0	szt.	0	0		
 	towar	PPB-1405	POMPA DO OLEJU 65CM	0	0	szt.	0	0		
 	towar	POMPA	POMPA	0	0	szt.	0	0		
 	towar	POMKA/SOLVENT-NIE	POMKA VENUS SUPER VITON SOLVENT-NIE	0	0	szt.	40,16	49,4	PPT.0129 , czrna z rurką 255mm i filtrem	
 	towar	POMKA/HD ACID	POMKA VENUS HD SUPER VITON ACID	0	0	szt.	49,47	60,85	PPT.0121 , czerwona z rurką 255 mm i filtrem	
 	towar	WAT.0863	POMKA ORION ALKA LINE blister	0	0	szt.	44,85	55,17		
 	towar	WAT.0848	Pomka MERCURY SUPER PRO+ 360 zielona - box	0	0	szt.	20,45	25,15		
 	towar	WAT.0846	Pomka MERCURY SUPER PRO+ 360 czerwona- box	0	0	szt.	20,45	25,15		
 	towar	PM-AKTYWNA PIANA/20	POLSKA MYJNIA AKTYWNA PIANA 20 L	0	0	szt.	150	184,5	KLT Group	
 	towar	K418	POLO PROTECTANT MAT 750ML SPRAY 	0	0	szt.	10,59	13,03		
 	towar	K412	POLO PROTECTANT MAT 250 ML	0	0	szt.	6,29	7,74	K2, mleczko do pilęgnacji kokpitu- mat	
 	towar	K417M	POLO PROTECTANT 700 ML -atomizer	0	0	szt.	7,87	9,68	mleczko do pielęgnacji deski rozdzielczej, elementów plastikowych i tapicerek skórzanych.	
 	towar	K412/M	POLO PROTECTANT 250 ML + MIKROFIBRA	0	0	szt.	5,45	6,7	K2	
 	towar	K407/750 -NIE	POLO COCPIT - 750 ML - NIE	0	0	szt.	8,45	10,39	K2, nabłyszczający	
 	towar	K403	POLO COCKPIT-300 ML	0	0	szt.	4,75	5,84		
 	towar	K407	POLO COCKPIT 750 ML.	0	0	szt.	12,93	15,9	K2	
 	towar	K404/400	POLO COCKPIT - 400ML	0	0	szt.	6,25	7,69	K2	
 	towar	K420	POLO - ściereczki nawilż. do kokpitu 25 szt.	0	0	szt.	4,45	5,47		
 	towar	201.200	POLITURA Z WOSKIEM XTREME BRILLANTWAX 1 500ML	0	0	szt.	29,98	36,88	wycofany	3405 30 00
 	towar	201.100	POLITURA Z WOSKIEM XTREME BRILLANTWAX 1 250ML	0	0	szt.	31,58	38,84	NanoPro	3405 30 00
 	towar	202.200	POLITURA Z WOSKIEM XTREME 3 250ML	0	0	szt.	30,88	37,98	wycofany, 500 ML	3405 30 00
 	towar	202.100	POLITURA Z WOSKIEM XTREME 3 250ML	0	0	szt.	31,58	38,84		3405 30 00
 	towar	207.200	POLITURA Z WOSKIEM XTREME 2 500ML	0	0	szt.	0	0	wycofany	3405 30 00
 	towar	207.100	POLITURA Z WOSKIEM XTREME 2 250ML	0	0	szt.	31,58	38,84		3405 30 00
 	towar	207.300	POLITURA Z WOSKIEM PROFILINE NANO 1L	0	0	szt.	0	0		
 	towar	000063	POLITURA RENOWACYJNA 400ML	0	0	szt.	6,17	7,59		
 	towar	000070	POLITURA NABŁYSZCZAJĄCA 400ML	0	0	szt.	6,17	7,59		
 	towar	273.141	POLITURA DO SZKŁA 250ML	0	0	szt.	79,88	98,25	Profiline	
 	towar	337.100	POLITURA DO SZKŁA 250ML	0	0	szt.	24,43	30,05		
 	towar	300.505	POLITURA DO LAKIERU 5L	0	0	szt.	178,97	220,13	wycofany	
 	towar	300.300	POLITURA DO LAKIERU 1L	0	0	szt.	55,04	67,7	HP 1/6	
 	towar	274.100	POLITURA DO CZYSZCZENIA SZYB 250ML	0	0	szt.	17,15	21,09	wycofany	3405 30 00
 	towar	219.141	POLITURA  MASZYNOWA  XTREME HYBRID NPT 250 ML	0	0	szt.	29,91	36,79	wycofany	3405 30 00
 	towar	POL/PE	POLERKA PE 12-175	0	0	szt.	0	0	z wyposażeniem	
 	towar	PO/K	POLERKA KĄTOWA OP/125VS	0	0	szt.	0	0	1010 W	
 	towar	POLERKA/ XC3401VRG	POLERKA FLEX XC3401 VRG	0	0	szt.	1625	1998,75	Fenix	
 	towar	POLERKA	POLERKA FLEX PE 14-2 150 (230V)	0	0	szt.	0	0	Fenix, Polerka rotacyjna	
 	towar	POL	POLAR	0	0	szt.	0	0		
 	towar	410202	POKRYWA NURNIKÓW 18 MM	0	0	szt.	257,55	316,79	K 115-155	
 	towar	40501	POKRYWA NURNIKA 	0	0	szt.	316,39	389,16	do K370-3270	
 	towar	POKRYWA	POKRYWA NURNIKA	0	0	szt.	0	0		
 	towar	POKRYWA/D	POKRYWA DOLNA	0	0	szt.	0	0	Kranzle	
 	towar	POB	Pokrowiec ochronny na błotnik	0	0	szt.	0	0		
 	towar	PNS	Pokrowiec na siedzenie	0	0	szt.	57,37	70,57	 imitacja	
 	towar	KIER/2	POKROWIEC NA KIEROWNICĘ Z UCHWYTEM	0	0	szt.	6,2	7,63		
 	towar	KIER	POKROWIEC NA KIEROWNICĘ (folia)	0	0	szt.	0	0		
 	towar	B16284	POKROWIEC NA KIEROWNICĘ	0	0	szt.	0	0	Auchan	
 	towar	0739	POKROWIEC NA DŻWIGNIĘ BIEGÓW SKÓRA	0	0	szt.	23,36	28,73		
 	towar	BIAŁE/500-NADRUK	POKROWCE NA SIEDZENIA JEDNORAZOWE 500 SZT.  NADRUK	0	0	szt.	0	0	MAZDA 	
 	towar	BIAŁE/500-1	POKROWCE NA SIEDZENIA JEDNORAZOWE 500 SZT.	0	0	rulon	0	0	LDPE uniwersalne bez nadruku, AKTUALNE	3920 10
 	towar	BIAŁE/500-NIE	POKROWCE NA SIEDZENIA JEDNORAZOWE 500 SZT.	0	0	rulon	198	243,54	PRENIUM,uniwersalne bez nadruku , 18  mikrońów	
 	towar	BIAŁE/500-NN	POKROWCE NA SIEDZENIA JEDNORAZOWE 500 SZT- NN	0	0	szt.	0	0	STANDARD, 12 mikronów	
 	towar	BIAŁE/50	POKROWCE NA SIEDZENIA JEDNORAZOWE 50 SZT.	0	0	rulon	0	0	LDPE uniwersalne bez nadruku, AKTUALNE, INSTYTUT	3920 10
 	towar	BIAŁE/250	POKROWCE NA SIEDZENIA JEDNORAZOWE 250 SZT.	0	0	rulon	114	140,22	uniwersalne bez nadruku	
 	towar	BIAŁE/100	POKROWCE NA SIEDZENIA JEDNORAZOWE 100 SZT.	0	0	rulon	59	72,57	uniwersalne bez nadruku	
 	towar	PON	POKROWCE NA OPONY LAKIERNIKA	0	0	szt.	0	0		
 	towar	0112	POKROWCE - DYWANIKI	0	0	szt.	3,65	4,49		
 	towar	5050/120	POJEMNIK Z POKRYWĄ 120L	0	0	szt.	180	221,4	zielony	
 	towar	0259	POJEMNIK NA RĘCZNIKI Z-Z 9008	0	0	szt.	44,64	54,91		
 	towar	9008	Pojemnik na ręczniki Z-Z 	0	0	szt.	0	0		
 	towar	9002	Pojemnik na ręczniki ZZ 	0	0	szt.	0	0		
 	towar	0205	POJEMNIK NA RĘCZNIKI MAXI URO/1-B	0	0	szt.	0	0		
 	towar	95310	Pojemnik na ręcznik Z-Z KATRIN	0	0	szt.	0	0		
 	towar	T-BOX	Pojemnik na papier toaletowy T-BOX/W	0	0	szt.	0	0		
 	towar	4033	Pojemnik na pap. toal. 4033 /ELB	0	0	szt.	44,73	55,02		
 	towar	POJ/0,55	POJEMNIK 0,55	0	0	szt.	0	0		
 	towar	PS/2T	PODSTAWKI SAMOCHODOWE 2 T	0	0	szt.	96	118,08		
 	towar	386.715 XC3401VRG 	PODSTAWA XC3401VRG 	0	0	szt.	0	0	Flex, 115 mm	
 	towar	PODSTAWA	PODSTAWA ODKURZACZA SZARA	0	0	szt.	0	0	SOLARIS	
 	towar	1102402907	PODSTAWA MOCOWANIA DYSZY WRAZ Z CZTEREMA DYSZAMI	0	0	szt.	0	0	DO PIANOWNICY INOX 50L.	
 	towar	0800105900	Podstawa mocowania dyszy	0	0	szt.	0	0	G1/KF - M18 x 1M	
 	towar	PODSTAWA DYSZ	PODSTAWA DYSZY Z OSŁONĄ	0	0	szt.	0	0		
 	towar	04-001	PODNOŚNIK HYDRAULICZNY 8 T	0	0	szt.	74,4	91,51		
 	towar	03-001	PODNOŚNIK HYDRAULICZNY 3,5 T	0	0	szt.	56	68,88		
 	towar	PH/ 2 T	PODNOŚNIK HYDRAULICZNY 2 T	0	0	szt.	59,2	72,82		
 	towar	04-002	PODNOŚNIK HYDRAULICZNY 10 T	0	0	szt.	80	98,4		
 	towar	01-001	PODNOŚNIK HYDRAULICZNY 1,6T	0	0	szt.	40	49,2		
 	towar	DT06/1	PODŁOGI DREWNIANE 1L	0	0	szt.	22,92	28,19	 	
 	towar	905	PODKŁADY PAPIEROWE	0	0	szt.	0	0		
 	towar	P/N	PODKŁADKI NAKRĘTKI 12	0	0	szt.	0	0	TYP F	
 	towar	PODKŁADKA	PODKŁADKA EPDM 19MM (500SZT/OP)	0	0	szt.	0	0		
 	towar	PA	Podkładka	0	0	szt.	0	0		
 	towar	L348	PODKŁAD SZARY 1 K Spray- 500 ml	0	0	szt.	12,6	15,5	K2, podkład jednoskładnikowy antykorozyjny	
 	towar	A2	PODGRZEWACZ OLEJU NAPĘDOWEGO A2-12V	0	0	szt.	0	0		
 	towar	A1	PODGRZEWACZ OLEJU NAPĘDOWEGO A1-12V	0	0	szt.	0	0		
 	usługa	740	PODATEK OD NIERUCHOMOŚCI	0	0	szt.	0	0		
 	usługa	740(1)	PODATEK OD NIERUCHOMOŚCI	0	0	szt.	0	0		
 	opłata	MBK	PODATEK	0	0	opł.	0	0		
 	towar	2.18.011	Podajnik ręcznikówEVO F928 stal/mat	0	0	szt.	0	0	FLESZ,STAL	
 	towar	2.18.072	PODAJNIK RĘCZNIKÓW SKŁADANYCH  EVO K.4	0	0	szt.	0	0	Flesz, biały	
 	towar	528B	Podajnik ręczników 528 biały	0	0	szt.	0	0		
 	towar	2.18.006	Podajnik ręczników	0	0	szt.	0	0		
 	towar	PODAJNIK/1	Podajnik na papier toaletowy	0	0	szt.	0	0	Jumbo	
 	towar	892288	PODAJNIK LUCART L-ONE MINI	0	0	szt.	0	0	Lucart	
 	towar	POCHŁANIACZ/ PING(1)	POCHŁANIACZ WILGOCI PINGI XL LV-A300	0	0	szt.	24,6	30,26		
 	towar	POCHŁANIACZ/ PINGI	POCHŁANIACZ WILGOCI PINGI XL LV-A300	0	0	szt.	28,98	35,65		
 	towar	POCHŁANIACZ	Pochłaniacz wilgoci do samochodu	0	0	szt.	0	0	AIR DRY, Thomar air dry	
 	towar	BP24254	POCHŁANIACZ WILGOCI 	0	0	szt.	0	0	CARDOS	
 	towar	292.241	POCHŁANIACZ NIEPRZYJEMNYCH ZAPACHÓW 500ML	0	0	szt.	15,98	19,66		3307 49 00
 	towar	SORB/20	POCHŁANIACZ 20KG	0	0	szt.	129,6	159,41	sorbent	
 	towar	PN/10	PNEUBELL MB 12KG	0	0	szt.	152,6	187,7		3402 13 00
 	towar	PN/750	PNEUBELL 750ML	0	0	szt.	10,81	13,3	czyste opony	3402 13 00
 	towar	H-10	PŁYTY INDUKCYJNE 600 ML	0	0	szt.	25,61	31,5		
 	towar	PST	Płyta sterująca	0	0	szt.	0	0		
 	usługa	PŁ/B	PŁYTA GAZOWA BOSCH	0	0	szt.	0	0	PCD655MEU	
 	towar	LENOR/5	PŁYN LENOR 5 L	0	0	szt.	0	0		
 	towar	DOT4	PŁYN HAMULCOWY DOT4 0,5L.	0	0	szt.	5,93	7,29		
 	towar	DOT/5	PŁYN HAMULCOWY DOT4  5 L	0	0	szt.	54,23	66,7	K2	
 	towar	T108	PŁYN HAMULCOWY DOT4  1 L	0	0	szt.	12,09	14,87	K2	
 	towar	DOT/TR	PŁYN HAMULCOWY DOT 4 TRAKER 0,5L.	0	0	szt.	0	0		
 	towar	T104	PŁYN HAMULCOWY DOT 4 0,5L	0	0	szt.	9,84	12,1	12k	
 	towar	DOT/05 NIE	PŁYN HAMULCOWY DOT 4 0,5 L	0	0	szt.	6,52	8,02		
 	towar	T103	PŁYN HAMULCOWY DOT 3 0,5L	0	0	szt.	8,49	10,44	K2	
 	towar	C713	PŁYN HAMULCOWY CARSO DOT3 - 0,5L	0	0	szt.	5,15	6,33	K2	
 	towar	240.141	PŁYN DO USUWANIA SILIKONU I WOSKU 250ML	0	0	szt.	11,5	14,15	wycofany	
 	towar	533.400	PŁYN DO USUWANIA OWADÓW 750 ML	0	0	szt.	13,47	16,57	wycofany	3402 20 90
 	towar	533.500	PŁYN DO USUWANIA OWADÓW 5 L	0	0	szt.	129,5	159,29	25%	3402 20 90
 	towar	533.200	PŁYN DO USUWANA OWADÓW 500ML.	0	0	szt.	16,98	20,89		3402 20 90
 	towar	PDS35/5	Płyn do spryskiwaczy zimowy -35`C 5L	0	0	szt.	9,6	11,81		
 	towar	PDS/4L	Płyn do spryskiwaczy 4L	0	0	szt.	0	0		
 	towar	379.141	PŁYN DO SPRYSKIWACZY 250ML-  ENERGY	0	0	szt.	9,79	12,04	wycofany	
 	towar	19-088	PŁYN DO SPRYSKIWACZY 250 ML- POMARAŃCZA	0	0	szt.	5,4	6,64	MOJE AUTO, Koncentrat	3402 90 90
 	towar	19-089	PŁYN DO SPRYSKIWACZY 250 ML- JABŁKO	0	0	szt.	5,4	6,64	MOJE AUTO, Koncentrat	3402 90 90
 	towar	19-087	PŁYN DO SPRYSKIWACZY 250 ML- CYTRYNA	0	0	szt.	5,4	6,64	MOJE AUTO, Koncentrat	3402 90 90
 	towar	19-030	PŁYN DO SPRYSKIWACZY 250 ML	0	0	szt.	0	0	MOJE AUTO, Koncentrat	3402 90 90
 	towar	263.541	PŁYN DO SPRYSKIWACZA O ZAPACHU MORSKIM 2L	0	0	szt.	10,35	12,73	wycofany	
 	towar	PDSL/5	Płyn do spryskiwacza letni 5L 	0	0	szt.	0	0		
 	towar	332.705	PŁYN DO SPRYSKIWACZA KONCENTRAT 25L	0	0	szt.	193,75	238,31	wycofany	
 	towar	261.541	PŁYN DO SPRYSKIWACZA KON. O ZAPACHU JABŁKOWYM 2L	0	0	szt.	0	0	wycofany	
 	towar	260.500	PŁYN DO SPRYSKIWACZA 5L CYTRYNA	0	0	szt.	11,56	14,22	wycofany	
 	towar	271.100	PŁYN DO SPRYSKIWACZA 25ML OCEAN FRESH	0	0	szt.	2,98	3,67		
 	towar	372.141	PŁYN DO SPRYSKIWACZA 250ML- ZIELONE JABŁKO	0	0	szt.	9,79	12,04	wycofany	
 	towar	385.141	PŁYN DO SPRYSKIWACZA 250ml POMARAŃCZA	0	0	szt.	15,02	18,47	wycofany	
 	towar	271.200	PŁYN DO SPRYSKIWACZA 250ml OCEAN FRESH	0	0	szt.	15,02	18,47	wycofany	3402 20 90
 	towar	271.141	PŁYN DO SPRYSKIWACZA 250ML OCEAN FRESH	0	0	szt.	17,98	22,12	koncentrat 1:100 NanoPro	3402 20 90
 	towar	271.141(1)NIE	PŁYN DO SPRYSKIWACZA 250ML OCEAN FRESH	0	0	szt.	17,98	22,12	koncentrat 1:100 NanoPro	3402 20 90
 	towar	376.141	PŁYN DO SPRYSKIWACZA 250ML- INSPIRATION	0	0	szt.	9,79	12,04	wycofany	
 	towar	391.141	PŁYN DO SPRYSKIWACZA 250ml BRZOSKWINIA	0	0	szt.	15,02	18,47	wycofany	
 	towar	373.141	PŁYN DO SPRYSKIWACZA 250ML - CYTRYNA	0	0	szt.	9,79	12,04	wycofany	
 	towar	378.141	PŁYN DO SPRYSKIWACZA 250 ml MIĘTA	0	0	szt.	15,02	18,47	wycofany	
 	towar	0138	Płyn do spryskiwacza -20`C 4L	0	0	szt.	0	0		
 	towar	260.300	PŁYN DO SPRYSKIWACZA 1L CYTRYNA	0	0	szt.	8,82	10,85	wycofany	
 	towar	P-ROZK/200	PŁYN DO ROZKONSERWOWYWANIA 200 L	0	0	szt.	0	0		
 	towar	RO-2PS/5	Płyn do naczyń ABS 5 L	0	0	szt.	56,75	69,8		
 	towar	RO-2PS/10	Płyn do naczyń ABS 10 L	0	0	szt.	81,6	100,37		
 	towar	PDN/5	Płyn do naczyń 5kg	0	0	szt.	0	0	Ludwik - BARTER	
 	towar	RO-PDN/5	Płyn do naczyń 5kg	0	0	szt.	28	34,44		
 	towar	RO-PDN/6	Płyn do naczyń 5+1kg	0	0	szt.	18,32	22,53		
 	towar	RO-PDN/30	Płyn do naczyń 30kg	0	0	szt.	33,9	41,7		
 	towar	RO-PDN/1	Płyn do naczyń 1L	0	0	szt.	8,44	10,38		
 	towar	LUDWIK	PŁYN DO NACZYŃ  LUDWIK 5 L	0	0	szt.	0	0		
 	towar	238.241	PŁYN DO MYCIA SZYB NANO PRO 500ML	0	0	szt.	20,04	24,65		
 	towar	338.400	PŁYN DO MYCIA SZYB 750 ML	0	0	szt.	8,48	10,43	wycofany	
 	towar	338.505	PŁYN DO MYCIA SZYB 5L	0	0	szt.	99,98	122,98	25%	3402 90 90
 	towar	338.241(1) -PROMOCJA	PŁYN DO MYCIA SZYB 500 ML	0	0	szt.	11,88	14,61	PROMOCJA	
 	towar	338.200	PŁYN DO MYCIA SZYB 300 ML 	0	0	szt.	11,36	13,97	wycofany	
 	towar	338.600	PŁYN DO MYCIA SZYB 10L	0	0	szt.	194	238,62		3402 90 90
 	towar	338.241	PŁYN DO MYCIA SZYB  500 ML	0	0	szt.	11,88	14,61		3402 20 90
 	towar	335.200	PŁYN DO MYCIA SILNIKA  400ML	0	0	szt.	11,6	14,27	wycofany	
 	towar	227.400	PŁYN DO FELG FELGENSTAR 750ML	0	0	szt.	18,53	22,79	wycofany	
 	towar	221.241	PŁYN DO CZYSZCZENIA WNĘTRZA XTREME 500ML	0	0	szt.	18,75	23,06		3402 20 90
 	towar	321.400	PŁYN DO CZYSZCZENIA WNĘTRZA 750 ML	0	0	szt.	8,99	11,06	wycofany	3402 90 90
 	towar	321.200	PŁYN DO CZYSZCZENIA WNĘTRZA 500ML	0	0	szt.	12,98	15,97		3402 90 90
 	towar	321.200(1)	PŁYN DO CZYSZCZENIA WNĘTRZA 500ML	0	0	szt.	12,98	15,97	PROMOCJA	3402 90 90
 	towar	321.605	PŁYN DO CZYSZCZENIA WNĘTRZA 10L 	0	0	szt.	196,11	241,22	wycofany	3402 90 90
 	towar	229.400	PŁYN DO CZYSZCZENIA FELG LEMON POWER 750ML	0	0	szt.	17,3	21,28	wycofany	
 	towar	370.200	PŁYN DO CZYSZCZ. TŁUSTYCH PLAM 500 ML	0	0	szt.	14,98	18,43	wycofany	
 	towar	61-109	PŁYN DO CHŁODNIC NIEBIESKI 5 L- KONCENTRAT	0	0	szt.	0	0	MA	
 	towar	P/CHŁ TR	PŁYN DO CHŁODNIC NIEBIESKI 5 L	0	0	szt.	0	0		
 	towar	CO/3	PŁYN DO CHŁODNIC KONC. -80C  214KG	0	0	szt.	0	0	214KG	
 	towar	61-104	PŁYN DO CHŁODNIC CZERWONY  G12 5 L	0	0	szt.	24,58	30,23	MA	
 	towar	61-105	PŁYN DO CHŁODNIC -35'C CZERWONY  G12 1 L	0	0	szt.	0	0	moje auto professional, -35stC, gotowy do użycia	
 	towar	PDC/5	PŁYN DO CHŁODNIC -35'C 5L	0	0	szt.	16,2	19,93		
 	towar	61-103	PŁYN DO CHŁODNIC -35'C  NIEBIESKI 1L	0	0	szt.	0	0	moje auto professional, -35stC, gotowy do użycia	
 	towar	K20006	PŁYN DO CHŁODNIC  K2 PRESTA-35C	0	0	szt.	0	0	200L	
 	towar	PŁYN	PŁYN 1 L	0	0	szt.	0	0	ETRA. Mydło w płynie 4 U 1 L	
 	towar	PDS/4	Płyn  do spryskiwaczy 1L	0	0	szt.	0	0		
 	towar	PLECAK	Plecak z logo SONAX	0	0	szt.	0	0		
 	towar	PAPIER/PŁÓTNO	PLASTIMEX/ PAPIER PŁÓTNO	0	0	szt.	0	0		
 	towar	PS100	PLASTIC SHINE- MAT 100 ML	0	0	szt.	4,88	6	KEMKO,Mleczko do kotpitu efekt matowy	
 	towar	EC541/1	Plastic Cleaner 1 l	0	0	szt.	0	0		
 	towar	RO-10/1	PLAST MOBIL 1L	0	0	szt.	24,44	30,06		
 	towar	SC12880/11	PLANENREINIGER 11KG	0	0	szt.	121	148,83	ciężarow,piana , zapach.	
 	towar	D04/1	PLAMA 1L	0	0	szt.	0	0		
 	towar	PL/ATA	PLAK UNIWERSALNY PŁYN CZYSZCZĄCY 4L	0	0	szt.	0	0	DEZYNFEKCJA, NOWOŚĆ	
 	towar	2099	PLAK ŚCIERECZKI SUCHE MAXI 25x21	0	0	szt.	4,99	6,14		
 	towar	PLM/200- NIE	PLAK SUPERMAT 200ML	0	0	szt.	6,23	7,66		3405 30 00
 	towar	PL/200M	PLAK SUPERMAT 200ML	0	0	szt.	7,74	9,52		3405 30 00
 	towar	PL/FELG	PLAK SMOCZA FELGA 750ML	0	0	szt.	19,9	24,48		3405 30 00
 	towar	RINPEL/750	PLAK RINPEL750 ML DO CZYSZCZENIA SKÓRY	0	0	szt.	13,32	16,38		
 	towar	ATA083017/5	PLAK PŁYN DO SPRYSK. LATO 5L Z POWŁOKĄ HYDROFOBOWĄ	0	0	szt.	6,98	8,59		
 	towar	ATA082948	PLAK PŁYN DO SPRYSK. LATO 5L PREMIUM	0	0	szt.	6,58	8,09		
 	towar	ATA087910	PLAK PŁYN DO SPRYSK. LATO 4L Z POWŁOKĄ HYDROFOBOWĄ	0	0	szt.	6,38	7,85		
 	towar	BASE ACQUA/MAT	PLAK PIANKA BASE ACQUA 750 ML	0	0	szt.	0	0	CZYŚCI I KONSERWUJE MATOWY	3402 13 00
 	towar	PLODMR/750	PLAK ODMRAŻACZ DO SZYB ATOMIZER 750ML	0	0	szt.	8,36	10,28		3820 00 00
 	towar	CB/PN	PLAK NABŁYSZCZAJĄCY	0	0	szt.	0	0		
 	towar	MLECZKO-MAT/750	PLAK MLECZKO DO KOKPITU MAT 750 ML	0	0	szt.	12,59	15,49	MATOWE	3402 13 00
 	towar	PIANKA MAT/750	PLAK MAT PIANKA CZYŚCI I KONSERWUJE 750 ML	0	0	szt.	12,85	15,81		3405 30 00
 	towar	SCPLPR-G	PLAK LETNI PŁYN DO SPRYSKIWACZY 5L	0	0	szt.	5,59	6,88	GREJFRUT	3402 20 90
 	towar	SCPLPR-G(PROMOCJA)	PLAK LETNI PŁYN DO SPRYSKIWACZY 5L	0	0	szt.	0	0		3402 20 90
 	towar	PL4R/750	PLAK KOKPIT PLAK 4R 	0	0	szt.	17,25	21,22	750ML NABŁYSZCZAJĄCY,różowe	3402 13 00
 	towar	PL2R/750	PLAK KOKPIT PLAK 2R	0	0	szt.	22,85	28,11	750ML NABŁYSZCZAJĄCY	3402 13 00
 	towar	BASE ACQUA/NABŁ	PLAK KOKPIT PIANKA BASE ACQUA 750 	0	0	szt.	12,72	15,65	750 ML nabłyszczający	3402 13 00
 	towar	PL-TRE-P/400	PLAK CZARNA OPONA TRE-P 400 ML.	0	0	szt.	16,78	20,64		
 	towar	ATA026097	PLAK CERAMICAR/ CERAMIC QUICK DETAILER 750 ML	0	0	szt.	18,86	23,2		
 	towar	ATA026097(1)	PLAK CERAMICAR/ CERAMIC QUICK DETAILER 750 ML	0	0	szt.	18,86	23,2	PROMOCJA	
 	towar	PLC/600	PLAK CAR  600 ML	0	0	szt.	14,48	17,81		3405 30 00
 	towar	PLN/750	PLAK 750ML - NANOTASS	0	0	szt.	18,22	22,41	ATAS	3405 30 00
 	towar	PL/750	PLAK 750 ML.	0	0	szt.	16,45	20,23		3405 30 00
 	towar	PLM/750	PLAK 750 ML MAT	0	0	szt.	17,44	21,45		3405 30 00
 	towar	PLM/600 MAT	PLAK 600 ML MAT	0	0	szt.	15,92	19,58		
 	towar	PL/600	PLAK 600 ML	0	0	szt.	14,37	17,68		3405 30 00
 	towar	PLM/500	PLAK 500ML MAT	0	0	szt.	13,57	16,69	PPL POD TĄ POZYCJĄ	
 	towar	PL/500 NIE	PLAK 500ML	0	0	szt.	9,98	12,28	NIE	3405 30 00
 	towar	PL/400 MAT	PLAK 400ML MAT	0	0	szt.	0	0		
 	towar	PL/400	PLAK 400ML	0	0	szt.	11,14	13,7		3405 30 00
 	towar	PL2R/10	PLAK 2R 10KG	0	0	szt.	193,23	237,67	do konserwacji plastików	3405 30 00
 	towar	PL/200	PLAK 200ML	0	0	szt.	7,57	9,31	nabłyszczający	3405 30 00
 	towar	SCPLAK-16KG	PLAK 16KG 	0	0	szt.	469	576,87		
 	towar	IRCHA/PLAK	PLAK-  IRCHA NATURALNA 13,9 DM	0	0	szt.	18,75	23,06		
 	towar	PLM/600	PLAK  600ML MAT	0	0	szt.	15,92	19,58		3405 30 00
 	towar	PLD	Pistolet, lanca z dyszą	0	0	szt.	0	0		
 	towar	PIST/Z OB	Pistolet ze złączem obrotowym	0	0	szt.	0	0	Aburus	
 	towar	PISTOLET/2	PISTOLET ZE ZŁĄCZEM OBR. LANCĄ I REDUKCJAMI	0	0	szt.	0	0	Aburus, komplet 	
 	towar	PZR	PISTOLET Z REGULACJĄ	0	0	szt.	0	0		
 	towar	PISTOLET	PISTOLET Z PRZEDŁ.	0	0	szt.	0	0		
 	towar	0702409927	PISTOLET Z LANCĄ DO OPRYSKIWACZA 600	0	0	szt.	0	0		
 	towar	0702405313	PISTOLET Z LANCĄ 1200 -PLASTIK	0	0	szt.	0	0	do ziornika natrysku chemii 030	
 	towar	IO/7	PISTOLET Z LANCĄ - INŻEKTOR OPRYSKU	0	0	szt.	0	0	WEGA, inżektor taki jak z Easy Wash	
 	towar	PZL	Pistolet z lancą	0	0	szt.	0	0		
 	towar	CUP3000	Pistolet wysokociśnieniowy CUP3000	0	0	szt.	0	0		
 	towar	PW/6726	PISTOLET WYDMUCHOWY Z LANCĄ 	0	0	szt.	0	0	BP 70	
 	towar	GW3/8-GW1/4	PISTOLET R+M ECOLINE  GW3/8-GW1/4	0	0	szt.	0	0		
 	towar	PIST	PISTOLET PRO S'10 3/8M TYP KEV	0	0	szt.	0	0	6.601.0001 , Lavor	
 	towar	6.605.0207	PISTOLET PRO S'10 3/8 TYP KEV type 2	0	0	szt.	254,3	312,79	Lavor	
 	towar	07022011689	PISTOLET MV925 M22M-1/4F INOX	0	0	szt.	0	0	310bar 30l/min	
 	towar	P/9200(2)	Pistolet MV9200 ze stałym obiegiem	0	0	szt.	0	0	3,/8'F - 1/4'F	
 	towar	0700199000	PISTOLET MV9200 MM22M - M22M	0	0	szt.	0	0	25l/min 280 bar.	
 	towar	0202105010	Pistolet MV9200 - M22M-M22M	0	0	szt.	0	0	M22-M22 280 bar 25 l/min. oryginał	
 	towar	0703409920	Pistolet MV9200  M22M-M22F	0	0	szt.	0	0	typ "Kr"	
 	towar	0202105011	Pistolet MV9200 - M22-1/4 F	0	0	szt.	0	0	M22-1/4 F, 25l/min, 280 bar,150C	
 	towar	P/M9200	Pistolet MV9200	0	0	szt.	0	0	M22M-M22F; z przedłużką MT2	
 	towar	0702201013	Pistolet MV2005 M22M-1/4" F	0	0	szt.	0	0	255 bar 30l/min 160 st.C	
 	towar	0702201015	PISTOLET MV2005 3/8 M- 1/4M 	0	0	szt.	0	0	255 bar. 30l/min 160 C	
 	towar	PISTOLET/MV	Pistolet MV 2005	0	0	szt.	0	0		
 	towar	P/2000	Pistolet MV 2000	0	0	szt.	0	0		
 	towar	LP/P	Pistolet lancy rozpylacza	0	0	szt.	0	0	pistolet zbiornika natrysku chemii 	
 	towar	PDP	PISTOLET DO POMPOWANIA	0	0	szt.	0	0		
 	towar	ST2300-1	PISTOLET DO OP. TYPU ST-2300	0	0	szt.	0	0	inżektor -Nerta	
 	towar	0702409905	Pistolet Astra  M22M-M22F z pezedłużką HW	0	0	szt.	0	0		
 	towar	4775-443	Pistolet 8mm	0	0	szt.	0	0		
 	towar	4775-270	Pistolet 60 mm	0	0	szt.	0	0		
 	towar	PIST/I	PISTOLET - POLY	0	0	szt.	0	0	do inżektora	
 	towar	AS7152	PIÓRO WYCIERACZKI 610/24" SPECIAL	0	0	szt.	0	0		
 	towar	600	PIÓRO WYCIERACZKI 600 MM 1 SZT.	0	0	szt.	0	0		
 	towar	AS7151	PIÓRO WYCIERACZKI 580/23" SPECIAL	0	0	szt.	0	0		
 	towar	AS7150	PIÓRO WYCIERACZKI 560/22"SPECIAL	0	0	szt.	0	0		
 	towar	560	PIÓRO WYCIERACZKI 560 MM 1 SZT.	0	0	szt.	0	0		
 	towar	530-P	PIÓRO WYCIERACZKI 530 MM PŁASKIE	0	0	szt.	0	0	Auchan	
 	towar	510-P	PIÓRO WYCIERACZKI 510 MM PŁASKIE	0	0	szt.	0	0	Auchan	
 	towar	510	PIÓRO WYCIERACZKI 510 MM 1 SZT.	0	0	szt.	0	0		
 	towar	480-P	PIÓRO WYCIERACZKI 480 MM PŁASKIE	0	0	szt.	0	0	Auchan	
 	towar	480	PIÓRO WYCIERACZKI 480 MM 1 SZT.	0	0	szt.	0	0		
 	towar	450-P	PIÓRO WYCIERACZKI 450 MM PŁASKIE	0	0	szt.	0	0	Auchan	
 	towar	450	PIÓRO WYCIERACZKI 450 MM 1 SZT.	0	0	szt.	0	0		
 	towar	350	PIÓRO WYCIERACZKI 350 MM 1 SZT.	0	0	szt.	0	0		
 	towar	330	PIÓRO WYCIERACZKI 330 MM 1 SZT.	0	0	szt.	0	0		
 	towar	AS7141	PIÓRO WYCIERACZKI 280/11" SPECIAL	0	0	szt.	0	0		
 	towar	280	PIÓRO WYCIERACZKI 280 MM 1 SZT.	0	0	szt.	0	0		
 	towar	530	PIÓRO WYCIERACZKI  530 MM	0	0	szt.	0	0		
 	towar	410-P	PIÓRO WYCCIERACZKI 410 MM PŁASKIE	0	0	szt.	0	0	Auchan	
 	towar	18604	PIÓRA WYCIERACZKA700 mm	0	0	szt.	0	0		
 	towar	18603	PIÓRA WYCIERACZKA	0	0	szt.	0	0		
 	towar	18606	PIÓRA 510mm	0	0	szt.	10,65	13,1		
 	towar	18605	PIÓRA 480mm	0	0	szt.	10,65	13,1		
 	towar	PIŁKA	PIŁKA SONAX	0	0	szt.	0	0		
 	towar	PILOT	PILOT CAME SPACE SP2	0	0	szt.	0	0		
 	towar	PILARKA	Pilarka spalinowa HQV 345E	0	0	szt.	0	0		
 	towar	D.9.5	Pierścień zabezpieczający D.9.5x14x1,5	0	0	szt.	0	0		
 	towar	PZ/D	Pierścień zabezpieczający D.22x25x1,5	0	0	szt.	0	0		
 	towar	PZ	Pierścień zabezpieczający	0	0	szt.	0	0		
 	towar	41035	PIERŚCIEŃ SPRĘŻYNY DO NURNIKA 	0	0	szt.	2,72	3,35	18MM	
 	towar	40048	PIERŚCIEŃ SPRĘŻYNY DO NURNIKA	0	0	szt.	0	0		
 	towar	40507	PIERŚCIEŃ MOSIĘŻNY PROWADNICY NURNIKA	0	0	szt.	0	0		
 	towar	410152	PIERŚCIEŃ MOSIĘŻNY PROWADNICY NURNIKA	0	0	szt.	26,25	32,29		
 	towar	41066	PIERŚCIEŃ MOSIĘŻNY	0	0	szt.	26,25	32,29		
 	towar	PD	Pierścień dystansowy	0	0	szt.	0	0		
 	towar	6365-052	Pierścień 20x28x6/8	0	0	szt.	0	0		
 	towar	P18286	Pierścień 18x28x6	0	0	szt.	0	0		
 	towar	P18266	Pierścień 18x26x5,4	0	0	szt.	0	0		
 	towar	P16244	Pierścień 16x24x4	0	0	szt.	0	0		
 	towar	P14227	Pierścień 14x22x7	0	0	szt.	0	0		
 	towar	PT/10	PIELUCHY TETRA 80cmX80cmX10+1	0	0	szt.	0	0		
 	usługa	P/B	PIEKARNIK BOSCH	0	0	szt.	0	0	HBA43S450E	
 	towar	PIASK	Piaskarka	0	0	kpl.	0	0		
 	towar	PIASEK/20	PIASEK 20 KG	0	0	szt.	0	0		
 	towar	WTV.1186	Pianownica Venus Super Foamer HD ALKA LINE 2 L-box	0	0	szt.	86,85	106,83		
 	towar	WTV.1185	Pianownica Venus Super Foamer HD ACID LINE 2 L-box	0	0	szt.	86,85	106,83		
 	towar	WTO.0336	Pianownica ORION SUPER ALKA LINE V - 6	0	0	szt.	297,4	365,8		
 	towar	WTO.1290	Pianownica ORION PRO+ V-6 ACID LINE	0	0	szt.	297,4	365,8		
 	towar	WTO.0772	PIANOWNICA- ORION PRO+ 6 L	0	0	szt.	308,95	380,01		
 	towar	VENUS 3/360	PIANOWNICA FOAMER CLEANING VENUS SUPER 2 L- BOX	0	0	szt.	86,85	106,83	WTV.1184	
 	towar	61809050	PIANKA OCHRONNA DO RĄK DERMA PLUS 150 ML 	0	0	szt.	0	0	forch Derma Plus	
 	towar	STP.TS	Pianka do tapicerki TUFF STUFF 500ML.	0	0	szt.	0	0	KOD 30-034	
 	towar	206.300	PIANKA DO TAPICERKI I ALCANTARY 400ML	0	0	szt.	26,98	33,19	Xtreme	3402 20 90
 	towar	374.200	PIANKA DO SZYB 300ML	0	0	szt.	10,99	13,52	wycofany	
 	towar	435.300	PIANKA DO OPON 400ML	0	0	szt.	27,98	34,42		3405 30 00
 	towar	870.300	PIANKA DO KONSERWACJI METALI NIELAKIEROWANYCH 400M	0	0	szt.	12,99	15,98	wycofany, professional	
 	towar	CARAMBA/PIANKA	PIANKA DO KOKPITU BEZ SILIKONU	0	0	szt.	27,9	34,32	CARAMBA, TOYOTA  KOD PRODUKTU:61310001	
 	towar	CARAMBA/PIANKA-REKL,	PIANKA DO KOKPITU BEZ SILIKONU	0	0	szt.	27,9	34,32	REKLAMACJA	
 	towar	PIANKA	PIANKA DO GOLENIA GILLETTE	0	0	szt.	0	0		
 	towar	306.200	PIANKA DO CZYSZCZENIA TAPICERKI 400ML	0	0	szt.	18,98	23,35		3402 20 90
 	towar	289.100	PIANKA DO CZYSZCZENIA SKÓRY XTREME 250ML.	0	0	szt.	32,98	40,57		3405 10 00
 	towar	289.300	PIANKA DO CZYSZCZENIA SKÓRY 400ml.	0	0	szt.	35,11	43,19	wycofany, Profiline	3405 10 00
 	towar	4147	PIANKA DO CZYSZCZENIA KLIMATYZACJI - 400ML	0	0	szt.	11,5	14,15	SJD	
 	towar	PSAP/25	PIANA SUPER AKTYWNA PERFUMOWANA 25L (26kg)	0	0	szt.	282,75	347,78		
 	towar	617.705	PIANA NABŁYSZCZAJĄCA 25L.  	0	0	szt.	986,73	1213,68	wycofany, koncentrat, seria Limit, aktualizacja ceny 29.07.2015 BS -dost 5 szt w Parysie	
 	towar	668.705	PIANA NABŁYSZCZAJĄCA 25L.	0	0	szt.	986,73	1213,68	DOSTĘPNY W PARYSIE..26.01.2017 BS	
 	towar	SC10820/30	PIANA MALINA 30KG	0	0	szt.	330	405,9	silnie pieniący, zapachowy, mycie ręczne i maszynowe	
 	towar	SC10820/10	PIANA MALINA 10KG	0	0	szt.	120	147,6	silnie pieniący, zapachowy, mycie ręczne i maszynowe	
 	towar	619.700	PIANA AKTYWNA O ZAPACHU JABŁKA 20L	0	0	szt.	232	285,36	koncentrat, seria Limit	
 	towar	641.700	PIANA AKTYWNA FORMUŁA PLUS - 641	0	0	szt.	241	296,43		
 	towar	608.705	PIANA AKTYWNA CYTRYNOWA 25L- 608	0	0	szt.	480,87	591,47	wycofany, koncentrat, seria Limit	3402 90 90
 	towar	608.700	PIANA AKTYWNA CYTRYNOWA 20L - 608	0	0	szt.	480,87	591,47	wycofany, koncentrat, seria Limit	3402 90 90
 	towar	BK24526	Piana aktywna BOTTARI 1L 	0	0	szt.	10,79	13,27	Bottari	
 	towar	648.705	PIANA AKTYWNA - BERRY 25 L -648	0	0	szt.	723,38	889,76		
 	towar	PA/5	Piana aktywna	0	0	szt.	0	0		
 	towar	2040	PH2040	0	0	szt.	0	0		
 	towar	P36	Pędzelki 15 szt.	0	0	szt.	0	0		
 	towar	491.500	PĘDZEL UNIWERSALNY	0	0	szt.	45,98	56,56	długi	
 	towar	491.600	PĘDZEL DO CZYSZCZENIA WNĘTRZA	0	0	szt.	33,41	41,09	krótki	
 	towar	215	Pędzel 	0	0	szt.	0	0		
 	towar	PERRONAC/30	PERRONAC 5 - 30L	0	0	szt.	499,2	539,14	do odkamieniania lini wodnych w kurnikach, -25% OD CENNIKA DLA KRYPNA (MARTYNY KUZYNKA)	
 	towar	PERRC/30 -NIE	PERRONAC 	0	0	szt.	465	571,95	kwaśny preparat czyszcząco- odkamieniający na bazie kwasu nadoctowego i nadtlenku wodoru; stężenie 2%. 	
 	towar	M106//005	PERLL 5L	0	0	szt.	36,48	44,87		
 	towar	M451	PERFEKTOR BLACK - pistolet do prania tapicerki	0	0	szt.	250	307,5	K2, pistolet z metalowym łożyskiem	
 	towar	M450	PERFEKTOR	0	0	szt.	155	190,65	K2,pistolet do czyszczenia wnętrza auta, pneumatyczny	
 	towar	G440/1	PERFEKT G440 1L	0	0	szt.	9,5	11,69		
 	towar	PP/1	PERFECT POLISH 1L	0	0	szt.	60,98	75,01		
 	towar	PP/05	PERFECT POLISH 0,5L	0	0	szt.	35,78	44,01		
 	towar	PP/1-N	PERFECT POL 1L - N	0	0	szt.	37	45,51	PERFEKT POLISH	
 	towar	RO-112/5	PER MOBIL 5 L	0	0	szt.	68,44	84,18		
 	towar	RO-112/1	Per Mobil 1L	0	0	szt.	19,66	24,18		
 	towar	RO-112/10	Per Mobil 10kg	0	0	szt.	131,83	162,15		
 	towar	PENETRUS/200ML	PENETRUS -  200ML	0	0	szt.	9,36	11,51		
 	towar	239.200	PENETRATOR WIELOFUNKCYJNY 300ML	0	0	szt.	14,05	17,28	wycofany 	
 	towar	329.200	PENETRATOR DO ŚRUB 300 ML	0	0	szt.	7,3	8,98	wycofany	
 	towar	PENETRATOR/0,5	PENETRATOR 0,5 KG	0	0	szt.	24,47	30,1	Tenzi, granulki do udrażniania rur	
 	towar	4610	PENETRANT Z MOS2 400ml	0	0	szt.	0	0		
 	towar	PN200	PENETRANT Z MOS2 -  400 ML	0	0	szt.	0	0	ENYRUN	
 	towar	37525	PELEC	0	0	szt.	4	4,92		
 	towar	AP622	PC-1000 Usuwanie grzybów, pleśni i mchów 1 l	0	0	szt.	25,27	31,08		
 	towar	DP26/700	PC-1 700 ML	0	0	szt.	57,29	70,47		
 	towar	PATELNIA	PATELNIA	0	0	szt.	0	0		
 	towar	HI-6	PASTA ŻELOWA 5L	0	0	szt.	0	0		
 	towar	316.200	PASTA WOSKOWA 250ML	0	0	szt.	19,98	24,58	wycofany	
 	towar	320.141	PASTA ŚCIERNA DO LAKIERU 250ML SP06-02	0	0	szt.	38,88	47,82		3405 30 00
 	towar	319.141	PASTA ŚCIERNA 250ML FS 05-04	0	0	szt.	52,9	65,07	PROFILINE  05/04	3405 30 00
 	towar	319.500	PASTA ŚCIERNA  5L	0	0	szt.	220,6	271,34	ścierna 5 / poł. 3	3405 30 00
 	towar	P/10	Pasta SANDEXON EXTRA 10L	0	0	szt.	0	0		
 	towar	SAM	PASTA SAM 250 ml	0	0	szt.	0	0		
 	towar	553.100	PASTA NAPRAWCZA DO TŁUMIKÓW 200G	0	0	szt.	14,98	18,43		
 	towar	TURBO	PASTA NANO TURBO 120G.	0	0	szt.	0	0		
 	towar	PASTA	PASTA MYJĄCA DO RĄK 5 L	0	0	szt.	0	0	Konrys	
 	towar	SC10500/3	PASTA MYJĄCA DO RĄK 3KG	0	0	szt.	37	45,51	gruboziarnista, PROMOCJA	
 	towar	SC10500/10	PASTA MYJĄCA DO RĄK 10KG	0	0	szt.	0	0	Dimar, gruboziarnista,trocinowa, zmywa smar, olej i farbę drukarską	
 	towar	1018949	PASTA MYJĄCA DO RĄK 10KG	0	0	szt.	97,4	119,8	Motorcraft	
 	towar	SC10500/0,5	PASTA MYJACA DO RĄK 0,5 KG	0	0	szt.	10,18	12,52	GRUBOZIARNISTA	
 	towar	552.000	PASTA MONTERSKA  DO TŁUMIKÓW 170 G	0	0	szt.	14,98	18,43		3214 90 00
 	towar	6580 5952	PASTA MONT.OPON CZARNA PO (5 KG)	0	0	szt.	0	0	Forch Polska S432	
 	towar	PASTA/MIODOWA	PASTA MIODOWA DO PODŁOG	0	0	szt.	0	0	Chemdom	
 	towar	6519 5000	PASTA MIEDŹ.SPRAY 300 ML S425	0	0	szt.	0	0	Forch	
 	towar	800.200	PASTA MIEDZIOWA 300ML	0	0	szt.	26,55	32,66	wycofany, professional	
 	towar	CARAMBA/60268176	PASTA MIEDZIANA 200G	0	0	szt.	0	0		3403 19 80
 	towar	PM/4	Pasta Majster 4L	0	0	szt.	40	49,2		
 	towar	PM/120	Pasta Majster 120KG	0	0	szt.	897	1103,31		
 	towar	PM/10	Pasta Majster 10L	0	0	szt.	95	116,85		
 	towar	PM/05	Pasta Majster 0,5L	0	0	szt.	5,8	7,13		
 	towar	320.100	PASTA LEKKOŚCIERNA 75ML	0	0	szt.	15,98	19,66		3405 30 00
 	towar	320.300	PASTA LEKKOŚCIERNA 1L	0	0	szt.	106,88	131,46	25%	
 	towar	GP24457	Pasta lekkościerna 190 ml GRAND PRIX	0	0	szt.	10,2	12,55	Botari	
 	towar	HI-9	PASTA EILFIX 10L	0	0	szt.	0	0	Flesz ,pasta do mycia rąk	
 	towar	ELFIX /0,5 - NIE	PASTA EILFIX 0,5L	0	0	szt.	0	0		
 	towar	HI-0,5	PASTA EILFIX 0,5 L	0	0	szt.	0	0	Flesz	
 	towar	COLGATE	PASTA DO ZĘBÓW COLGATE 100ML	0	0	szt.	0	0		
 	towar	SHINE	PASTA DO RĄK HANDPASTE	0	0	szt.	0	0		
 	towar	KR0901011	PASTA DO RĄK HAND CLEANER 750 ML /KRYPTON/	0	0	szt.	19,6	24,11	KRYPTON	
 	towar	KR0901013	PASTA DO RĄK HAND CLEANER 3 L /KRYPTON/	0	0	szt.	97	119,31	KRYPTON z DOZOWNIKIEM	
 	towar	CARAMBA/693405	PASTA DO MYCIA RĄK 500ML	0	0	szt.	18,48	22,73		
 	towar	6980510	PASTA DO MYCIA RĄK 10L	0	0	szt.	0	0	CARAMBA	
 	towar	308.000	PASTA DO CZĘŚCI CHROMOWYCH 75ML.	0	0	szt.	12,97	15,95		3405 90 10
 	towar	820.300	PASTA CYNKOWO-ALUMINIOWA 400 ml	0	0	szt.	23,9	29,4	wycofany, professional	
 	towar	803.200	PASTA CERAMICZNA 300ML	0	0	szt.	26,55	32,66	wycofany,professional	
 	towar	6519 5100	PASTA CERAM. SPRAY 400 ML S428	0	0	szt.	0	0	Forch Polska	
 	towar	BHP/S 	PASTA BHP 500G.	0	0	szt.	0	0	CHemdom, piasek Maniek	
 	towar	BHP	PASTA BHP 500G - mydlana	0	0	szt.	0	0	Chemdom	
 	towar	PASTA/ARA	PASTA ARA LUKSUSOWA DO PODŁÓG	0	0	szt.	0	0	Chemdom	
 	towar	801.200	PASTA ALUMINIOWA 300ML	0	0	szt.	26,55	32,66	wycofany, professional	
 	towar	0031	PASEK ANTYSTATYCZNY	0	0	szt.	3,91	4,81		
 	towar	PK3	PAS TRANSPORTOWY + NAPINACZ 5t 8m.	0	0	szt.	0	0		
 	towar	PK3(1)	PAS TRANSPORTOWY + NAPINACZ 5t 10m.	0	0	szt.	0	0		
 	towar	301(1)	PAS ŚCIĄGAJĄCY 3m	0	0	szt.	0	0		
 	usługa	301  NIE	PAS ŚCIĄGAJĄCY 3m	0	0	szt.	0	0		
 	towar	PK2	PAS ŚCIĄGAJĄCY 0,5T 5m/0,25	0	0	szt.	0	0		
 	towar	PK1	PAS ŚCIĄGAJĄCY 0,5T 4m/0,25	0	0	szt.	0	0		
 	usługa	60	PAS ŚCIĄGAJĄCY + NAPINACZ 5 t  6 m	0	0	szt.	0	0		
 	towar	PAROWAR	PAROWAR 800 W	0	0	szt.	0	0	Lidl	
 	towar	PB	PARBAKS 16mm	0	0	szt.	0	0		
 	towar	14123	PARBAKS 	0	0	szt.	11,32	13,92	8 mm do K155	
 	towar	PB/4	PARABAKS 4	0	0	szt.	0	0		
 	towar	BIS/ZZ	PAPIER TOALETOWY ZZ 9000	0	0	szt.	0	0	2w, 250x 36,biały	
 	towar	BIS/MB	Papier toaletowy szary bielona  2w	0	0	szt.	0	0	jumbo,bielona  75 %	
 	towar	BIS/ LUCART	PAPIER TOALETOWY STRONG 10	0	0	op.	0	0	LUCART, 811766 , worek -12 op.	
 	towar	812169	PAPIER TOALETOWY STRONG  L-ONE MINI 180	0	0	szt.	0	0	Lucart biały ,2 warst., 180 m,900 list. (812169)	
 	towar	CON2	Papier toaletowy STANDARD a'64	0	0	wor.	0	0		
 	towar	ZZ/MEDIX	PAPIER TOALETOWY SKŁADANY DO DOZOWNIKÓW 	0	0	szt.	0	0	MEDIX, 9000tys listków, V ELLIS składany do doz. A'225/40 , 12x21cm	
 	towar	BIS/OLEE	Papier toaletowy OLEE - 64 szt	0	0	szt.	0	0	makulatura szara ,  8 * 8 szt	
 	towar	BIS/MAX	Papier toaletowy MAX  1w - 48 szt	0	0	szt.	0	0	szara makulatura ,worek, 4 * 12 szt	
 	towar	10470	Papier toaletowy KATRIN	0	0	worek	0	0		
 	towar	CON10	PAPIER TOALETOWY JUMBO 	0	0	szt.	0	0	szary makulatura	
 	towar	812170	PAPIER TOALETOWY ECONATURAL  L-ONE MINI 180	0	0	szt.	0	0	Lucart, latte, 2 warst., 180 m, 900 list. (812506)	
 	towar	BIS/M2-ZGRZEWKA	PAPIER TOALETOWY CELULOZA 2wA'64	0	0	op.	0	0	409742, paparnet,180 lis.(413395)	
 	towar	BIS/M2 - NIE	PAPIER TOALETOWY CELULOZA 2w A'64	0	0	szt.	0	0	409742, paparnet,180 lis.(413395)	
 	towar	BIS/K	PAPIER TOALETOWY CELULOZA 2w - 80szt.	0	0	szt.	0	0	kolor,(4 szt. * 20 opak)	
 	towar	BIS/K1	PAPIER TOALETOWY CELULOZA 2w - 80szt.	0	0	szt.	0	0	ELFI, kolor( 8 szt * 20 opak)celuloza ZGRZEWKA - 6,50 ZŁ BRUTTO	
 	towar	BIS /2CEL	PAPIER TOALETOWY CELULOZA 2w	0	0	szt.	0	0	Jumbo-biały, Higiena Katrin Plus  NL/16358	
 	towar	CL/P	PAPIER TOALETOWY celuloza 2w	0	0	szt.	0	0	Grite, 56 szt.,BARTER	
 	towar	BIS/3CEL	PAPIER TOALETOWY CELULOZA 2w	0	0	szt.	0	0	CELTEX	
 	towar	BIS/2CEL- S	PAPIER TOALETOWY CELULOZA 2 w	0	0	szt.	0	0	Higiena ,Jumbo (dla Spectrum)	
 	towar	KATR/2W	Papier toaletowy BIS-2w	0	0	szt.	0	0		
 	towar	BIS 2	PAPIER TOALETOWY BIS/2x17	0	0	szt.	0	0		
 	towar	BIS-1A	PAPIER TOALETOWY BIS /1W	0	0	szt.	0	0	KOMA, Jumbo- szary,(D) A*1/12/rls	
 	towar	BIS/MB1	PAPIER TOALETOWY BIELONY 2w	0	0	szt.	0	0	celuloza + makul.	
 	towar	BIS/C3-ZGRZEWKA	PAPIER TOALETOWY 3W CELULOZA  A*8	0	0	op.	0	0	(ZEFIR) (8szt.* 8opak.) celuloza 30 mb 	
 	towar	BIS/2CEL-C	PAPIER TOALETOWY 2w PROFIT	0	0	szt.	0	0	Flesz,Jumbo Indeks: 1.02.016 (dla Ciszewskich) Dafi jumbo 2w klej B75% 130MB 	5907 76 00
 	towar	BIS/404521	PAPIER TOALETOWY 2W 250	0	0	szt.	0	0		
 	towar	CL/PT	PAPIER TOALETOWY 2w	0	0	szt.	0	0	cel.- mak, big-roll ,BARTER	
 	towar	BIS/2B	PAPIER TOALETOWY 2W 	0	0	szt.	0	0	makulatura bielona 75%,	
 	towar	BIS/M4	PAPIER TOALETOWY 2 w KATRIN	0	0	szt.	0	0	Higiena ,op. 40 szt., KATRIN, 2w, 200 list., 23,4 m x9,4 cm	
 	towar	11296	Papier toaletowy  KATRIN Celuloza	0	0	szt.	0	0	40 szt.	
 	towar	BIS-B/3W FAMILY	Papier toaletowy  Grite Family op.A'8. 	0	0	szt.	0	0	,makulatura biała ,  8 * 7szt , 3-warst.	
 	towar	BISSZ/3W(1)	Papier toaletowy  Grite Ecological-op.- 72 szt.	0	0	szt.	0	0	Energoutil ,makulatura szara , A. 24/3  , 3-warst.	
 	towar	BISSZ/3W	Papier toaletowy  Grite Ecological-op.- 54 szt.	0	0	szt.	0	0	Energoutil ,makulatura szara ,  8 * 7szt , 3-warst.	
 	towar	BISSZ/ ZGRZEWKA	Papier toaletowy  Bunny Soft-op.- 8 szt.	0	0	szt.	0	0	Energoutil ,makulatura szara ,  8 * 8 szt	
 	towar	BISSZ/1W	Papier toaletowy  Bunny Soft-op.- 64 szt.	0	0	szt.	0	0	Energoutil ,makulatura szara ,  8 * 8 szt	
 	towar	BIS/M3	PAPIER TOALETOWY - 3w/72szt	0	0	szt.	0	0	404901;(8 szt. *9 opak), mak.250,  WEPA 037060 3 w mak.	
 	towar	BIS/S	PAPIER TOALETOWY  2W MAK. A'24	0	0	szt.	0	0	ELFI , 66M A24 ASKO .BIAŁY	
 	towar	 BIS/FINESSE MAŁA	PAPIER TOALET.FINESSE MAŁA CELUL. 3W A'10	0	0	szt.	0	0	Multichem	
 	towar	 BIS/ FINESSE FAMILY	PAPIER TOALET.FINESSE FAMILY CELUL 3W A"16	0	0	szt.	0	0	Multichem	
 	towar	BIS-1	PAPIER TOALET.BIS/1x32/K	0	0	szt.	0	0	ROK 2010 CENA: 2,29; nowa cena na dzień 01.06.2008 cennikowa 2,00 netto, zakup 1,56 netto	
 	towar	BIS/ BASIC	PAPIER TOALET. BASIC CELULOZA 2W A'8	0	0	szt.	0	0	Multichem, Bunny Soft, BASIC	
 	towar	PNW	Panewka 	0	0	szt.	0	0		
 	towar	DT07/5	PANELE LAMINOWANE 5 L	0	0	szt.	62,88	77,34		3402 20 90
 	towar	DT07/1	PANELE LAMINOWANE 1L	0	0	szt.	18,86	23,2	 	3402 20 90
 	towar	PANEL	PANEL,ZS	0	0	szt.	0	0	M801545z01	
 	towar	PSZ/5	PAN SAMOCHODZIK 5L -  Zima -22 C	0	0	szt.	6,85	8,43	gotowy do użytku	
 	towar	PS/5	PAN SAMOCHODZIK 5L -  Zima -20`C	0	0	szt.	8,49	10,44	gotowy do użytku	
 	towar	PS80/5	PAN SAMOCHODZIK 5L -  Zima - 80C - Koncentrat	0	0	szt.	16,02	19,7	koncentrat -80`C	
 	towar	PSL/5	PAN SAMOCHODZIK 5L -  Letni 	0	0	szt.	0	0	gotowy do użytku	
 	towar	PSA/1	PAN SAMOCHODZIK 1L - Zima  - 22 C	0	0	szt.	2,38	2,93	gotowy do użytku	
 	towar	PALETOPOJEMNIK	PALETOPOJEMNIK 1000 L	0	0	szt.	0	0		
 	towar	38256	PALEC UNO	0	0	szt.	2,1	2,58		
 	towar	38716	PALEC ROZDZIELACZA ŁADA SAMARA	0	0	szt.	4	4,92		
 	towar	38714	PALEC ROZDZIELACZA ŁADA	0	0	szt.	4	4,92		
 	towar	38233	PALEC F-125/POLONEZ	0	0	szt.	3,5	4,31		
 	towar	38255	PALEC	0	0	szt.	4,1	5,04		
 	towar	37694	PALEC	0	0	szt.	2,3	2,83		
 	towar	37555	PALEC	0	0	szt.	4	4,92		
 	towar	37526	PALEC	0	0	szt.	4	4,92		
 	towar	PC/1	PAINT-CONTROL 1kg	0	0	szt.	65	79,95		
 	towar	PC/04	PAINT CONTROL 0,4kg	0	0	szt.	0	0		
 	towar	PB/8	PAEBAKS 8	0	0	szt.	0	0		
 	towar	PB/7	PAEBAKS 7	0	0	szt.	0	0		
 	towar	PB/16	PAEBAKS 16	0	0	szt.	0	0		
 	towar	L-00030	PAD13* CZERWONY	0	0	szt.	0	0	LAVOR	
 	towar	P/14	PAD ZIELONY 14''	0	0	szt.	0	0		
 	towar	493.800	PAD DO MASZYN ORBITALNYCH 143 DA	0	0	szt.	121,8	149,81		
 	towar	P/20	PAD CZERWONY 20""	0	0	szt.	0	0		
 	towar	PAD 19''CZE	PAD CZERWONY 19''	0	0	szt.	0	0	Lavor	
 	towar	PCZ14	PAD CZERWONY 	0	0	szt.	0	0		
 	towar	P/18	PAD CZARNY 18"	0	0	szt.	0	0		
 	towar	P/15	PAD BIAŁY 15"	0	0	szt.	0	0		
 	towar	B16274	Pad anytypośligowy STICKY 9x14,5x3 cm	0	0	szt.	5,26	6,47	Bottari	
 	towar	PAD AM13"CZARNY	PAD AM13"/325mm-CZARNY	0	0	szt.	0	0	Lavor	
 	towar	L-00043	PAD AM 14"/355mm- CZERWONY	0	0	szt.	0	0	Lavor	
 	towar	WORKI/22	PAC-WORKI 240L	0	0	szt.	0	0		
 	towar	WOR/7	PAC-WORK/ŚM. MAGNETIC 35L 3x15szt.	0	0	szt.	0	0	Jan	
 	towar	WORKI/6	PAC-WOR. ŚMIE.60L 3x26szt. MULTI	0	0	opak.	0	0		
 	towar	WORKI/5	PAC-WOR. ŚMIE.35L 4X30szt. 	0	0	szt.	0	0	Jan	
 	towar	WORKI/14	PAC-WOR. N/ŚM BIG&ST LD120Lx25 szt.	0	0	szt.	0	0		
 	towar	OZONATOR	Ozonator 3500 mg zyh 135	0	0	szt.	0	0		
 	towar	OZI/5	OZI 5L	0	0	szt.	72,5	89,18		
 	towar	OZI/20	OZI 20L	0	0	szt.	254	312,42	podłogi, do mycia maszynowego lub ręcznego	
 	towar	PL59180	Oświadczenie sprawcy wypadku - gotowy druk	0	0	szt.	1,91	2,35	Bottari	
 	towar	OS/05	Ossan	0	0	szt.	0	0		
 	towar	OSRAM ULTRA LIFE C5W	OSRAM ULTRA LIFE C5W 12V-5W -2 SZT. BLISTER	0	0	szt.	0	0	Groszek, zast: oświetlenie tablicy rejestracyjnejkabiny,bagażnika	
 	towar	OSRAM ORGINAL W5W	OSRAM ORGINAL W5W 12V-5W- 2 SZT. BLISTER	0	0	szt.	0	0	Groszek, zast: oświetlenie tablicy rejestracyjnejkabiny,światła postojowe	
 	towar	ORAM/H4	OSRAM COOL BLUE INTENSE NEXT GEN H4	0	0	szt.	0	0	Groszek,12V -60/55W - 5000K - 2szt - plastikowe opakowanie 	
 	towar	450.500	OSŁONY NA WYCIERACZKI 500 szt.	0	0	opak.	0,3	0,37		3923 21 00
 	towar	OSŁONA	OSŁONA WYŁĄCZNIKA	0	0	szt.	0	0	do Kranzle	
 	towar	B18835	OSŁONA TERMICZNA LETNIO-ZIMOWA BOREL	0	0	szt.	8,63	10,61	150x70 CM	
 	towar	OSŁONA FI8	OSŁONA FI8	0	0	szt.	0	0		
 	towar	OSŁONA/P	OSŁONA ALUMINIOWA NA SZYBĘ 70x200 CM	0	0	szt.	0	0		
 	towar	B22136	OSŁONA ALUMINIOWA NA SZYBĘ  60x130 CM	0	0	szt.	5,16	6,35	Bottari	
 	towar	OSCAR/700	OSCAR 770 ML	0	0	szt.	7,03	8,65	K2, czyste plastyki	
 	towar	OLEJ/KOSIARKI	ORLEN TrawolSae30 1 L -Olej do kosiarki	0	0	szt.	0	0	spalinowej	
 	towar	OLEJ ORLEN	ORLEN TRAWOL 10W30 1L	0	0	szt.	0	0	GROSZEK, Olej do kosiarek	
 	towar	SMAR LITEN/800	ORLEN SMAR LITEN ŁT-43 800 G	0	0	szt.	0	0		
 	towar	SMAR LITEN/400	ORLEN SMAR LITEN ŁT-43 400 G	0	0	szt.	0	0		
 	towar	ORION FORMOL/20	ORION FORM0L 20 L	0	0	szt.	327,27	402,54	 Kenochem .Środek do andy	
 	towar	20X2,5	ORING TŁOKA - 20	0	0	szt.	5,51	6,78	(tłoka Venus) WAT.1762	
 	towar	18,3X2,4	Oring tłoka - 18,3	0	0	szt.	0	0	FPM	
 	towar	46X5	Oring NBR - 46x5	0	0	szt.	6,42	7,9	(pompy Orion)WAO.1107	
 	towar	6362-365	O-Ring Kpl./1St-R	0	0	szt.	0	0		
 	towar	26X2	Oring korpusu pompy - 26	0	0	szt.	1,79	2,2		
 	towar	28X2	ORING KORPUSU  POMPY - 28	0	0	szt.	2	2,46	VENUS SUPER	
 	towar	01610	Oring do ssawy	0	0	szt.	0	0	do pistoletu SPT	
 	towar	D.9	Oring D.9.92x2.62	0	0	szt.	0	0		
 	towar	D.9.13	Oring D.9.13x2.62	0	0	szt.	0	0		
 	towar	D.6	Oring D.6.75x1,78	0	0	szt.	0	0		
 	towar	D.23	Oring D.23.81x2.62	0	0	szt.	0	0		
 	towar	D.21	Oring D.21.91x1,78	0	0	szt.	0	0		
 	towar	80X5	ORING 80x5 NBR	0	0	szt.	0	0		
 	towar	8.3*2.4	ORING 8.3*2.4	0	0	szt.	0	0		
 	towar	8*3	ORING 8*3	0	0	szt.	0	0		
 	towar	8*2	ORING 8*2	0	0	szt.	0	0		
 	towar	65X3,5	Oring 65x3,5 Viton Venus Super	0	0	szt.	8,14	10,01		
 	towar	6.362-422	ORING 6.362-422 (17)	0	0	szt.	0	0	uszczelka	
 	towar	WAT.1102	ORING 46X5 FPM	0	0	szt.	0	0	NOWY-ZASADA	
 	towar	21*2	ORING 21*2	0	0	szt.	0	0		
 	towar	18*2	ORING 18*2	0	0	szt.	0	0		
 	towar	16.3*2.4	ORING 16.3*2.4	0	0	szt.	0	0		
 	towar	16*3	ORING 16*3	0	0	szt.	0	0		
 	towar	16*2	ORING 16*2	0	0	szt.	0	0		
 	towar	14*2	ORING 14*2	0	0	szt.	0	0		
 	towar	O/13,3	ORING 13,3X2,4	0	0	szt.	0	0		
 	towar	6362-575	O-Ring 12,42	0	0	szt.	0	0		
 	towar	12,3*2,4	ORING 12,3*2,4	0	0	szt.	0	0		
 	towar	12*2	ORING 12*2	0	0	szt.	0	0		
 	towar	11.3*2.4	ORING 11.3*2.4	0	0	szt.	0	0		
 	towar	31X3	Oring  Viton - 31	0	0	szt.	5,16	6,35	(tłoczka Orion)WAT.1030,FPM	
 	towar	55X3,5	ORING  - 55	0	0	szt.	2,03	2,5		
 	towar	O-RING	O-RING	0	0	szt.	0	0		
 	towar	ORING	O-RING	0	0	szt.	0	0		
 	towar	250.000	Oring 	0	0	szt.	0	0	do węży, rozmiar: 9,30x2,40	
 	towar	6363-116	Oring	0	0	szt.	0	0		
 	towar	ORG/1	ORGANIZER NA SIEDZENIE	0	0	szt.	0	0		
 	towar	ORG/2	ORGANIZER DO BAGAŻNIKA	0	0	szt.	0	0		
 	towar	6709.0026	ORDZEW.SUPER RAPID 300 ML S410	0	0	szt.	0	0	Forch Polska	
 	towar	6709 0048	ORDZEW.BLACK MAGIC 400 ML S411	0	0	szt.	0	0	Forch Polska	
 	towar	6709 0055	ORDZEW. TURBO 300 ML S409	0	0	szt.	0	0	Forch Polska	
 	towar	OTN25802J1/5	ORANGE CREME+  - 5 L	0	0	szt.	69,5	85,49	TRANSNET,pasta pomarańczowa	
 	towar	G 477	OPTIFLOR-EX G 477	0	0	szt.	0	0		
 	towar	60000954	OPRYSKIWACZ Z POMPKĄ DO ROZPUSZCZALNIKÓW 1 L	0	0	szt.	0	0	FORCH 	
 	towar	OPRYSKIWACZ ORION SU	Opryskiwacz Xi6 Cleaning PRO+6 LFPM box	0	0	szt.	129,1	158,79	WTR.1245	
 	towar	XI/6 -NIE	Opryskiwacz XI VITON 6L	0	0	szt.	64,9	79,83	BIAŁY	
 	towar	VENUS-HD SOLVENT/1,5	OPRYSKIWACZ VENUS-HD SOLVENT/1,5 -BOX	0	0	szt.	97,22	119,58	do rozpuszczalników,  WTV.1197	
 	towar	VENUS2 NIE	Opryskiwacz Venus Super Pro+ 2L	0	0	szt.	46,58	57,29	WTV.0282	
 	towar	VENUS1-NIE	Opryskiwacz Venus Super Pro+ 1L	0	0	szt.	34,54	42,48		
 	towar	VENUS1,5/360	Opryskiwacz Venus Super Pro+ 1,5L	0	0	szt.	67,07	82,5	WTV.0224	
 	towar	WTV.1195	Opryskiwacz Venus Super HD Alka line 1,5L-BOX	0	0	szt.	79,95	98,34		
 	towar	VENUS HD- ACID V/1,5	OPRYSKIWACZ VENUS SUPER HD  ACID LINE V 1,5L-BOX	0	0	szt.	79,95	98,34	WTV,1196,do preparatów mocno kwasowych	
 	towar	VENUS2/360 NBR	OPRYSKIWACZ VENUS SUPER 360 V-2 NBR	0	0	szt.	0	0	pomarańczowy	
 	towar	VENUS 2/360	OPRYSKIWACZ VENUS SUPER 360 PRO+  2 L	0	0	szt.	68,2	83,89	WTV.0282	
 	towar	VENUS 1,5/360  NIE	OPRYSKIWACZ VENUS SUPER 360 PRO 1,5L	0	0	szt.	44,44	54,66	WTV.0224	
 	towar	VENUS 1 /360	OPRYSKIWACZ VENUS SUPER 360 1L	0	0	szt.	63,82	78,5	WTV.0190	
 	towar	VENUS F/1,5	OPRYSKIWACZ VENUS FOOD V 1,5L	0	0	szt.	47,49	58,41	WTV.0409	
 	towar	VENUS F/2	Opryskiwacz Venus Food  2L	0	0	szt.	59,33	72,98	spożywczy. WTR.0409	
 	towar	19720080	OPRYSKIWACZ PULVE LASER 8 5L	0	0	szt.	0	0	mały	
 	towar	19720080/P	OPRYSKIWACZ PULVE LASER 8 5L	0	0	szt.	0	0	promocja	
 	towar	3237P	OPRYSKIWACZ PRIMER 5L.	0	0	szt.	0	0	Transnet, producent: maesto.de	
 	towar	ORIONV-6/P	OPRYSKIWACZ ORIONV-6 pomarańczowy	0	0	szt.	0	0		
 	towar	ORION V-12/P	OPRYSKIWACZ ORION V-12 pomarańczowy	0	0	szt.	0	0		
 	towar	ORION-V6	Opryskiwacz Orion V 6L	0	0	szt.	104,98	129,13	 NIE, WTR. 1245	
 	towar	WTO.1289	Opryskiwacz ORION SUPER HD ACID LINE 6 L FPM	0	0	szt.	196,35	241,51		
 	towar	WOO.0348	OPRYSKIWACZ ORION SUPER GARDEN 6L	0	0	szt.	0	0		
 	towar	WTO.0335	Opryskiwacz ORION SUPER ALKA  LINE V-6	0	0	szt.	196,35	241,51		
 	towar	WTI.2225	OPRYSKIWACZ ORION SUPER AIR CLEANING PRO+ 6 L FPM	0	0	szt.	210,65	259,1	PRZYŁĄCZEM DO KOMPRESORA	
 	towar	ORION9	Opryskiwacz Orion Pro+ 9L	0	0	szt.	196,35	241,51	WTO.0362	
 	towar	ORION6	Opryskiwacz Orion Pro+ 6L	0	0	szt.	188,15	231,42	WTO.0332	
 	towar	ORION12	Opryskiwacz Orion Pro+ 12L	0	0	szt.	204,5	251,54	WTO.0387	
 	towar	ORION 3	Opryskiwacz Orion Pro +3	0	0	szt.	178,35	219,37	WTO.0309	
 	towar	WTR.0579	Opryskiwacz NIX HD SOLVENT V - 0,5 L	0	0	szt.	31,95	39,3		
 	towar	WTR.0578	Opryskiwacz NIX HD ACID V - 0,5 L	0	0	szt.	30,8	37,88		
 	towar	NEPTUN15	Opryskiwacz Neptun EL Pro+ 15L	0	0	szt.	0	0		
 	towar	S1000/1	OPRYSKIWACZ MINI - 1 L	0	0	szt.	6,6	8,12	MAROLEX, żółty	
 	towar	S500/0,5	OPRYSKIWACZ MINI - 0,5 L	0	0	szt.	5,6	6,89	MAROLEX, żółty	
 	towar	WTM.0132	OPRYSKIWACZ MERKURY360 1 L PRO CZERWONY	0	0	szt.	25,5	31,37	FPM podstawa i pompka czerwona	
 	towar	WTM.0046	OPRYSKIWACZ MERKURY360 0,5 L PRO CZERWONY	0	0	szt.	22,2	27,31	FPM podstawa i pompka czerwona	
 	towar	MERKURY1/GARDEN	OPRYSKIWACZ MERKURY SUPER360 1L GARDEN PRO	0	0	szt.	17,76	21,84	pomarańczowy,WOM.0151	
 	towar	WTM.0131	OPRYSKIWACZ MERKURY SUPER PRO ŻÓŁTY 1L	0	0	szt.	25,5	31,37		
 	towar	WTM.0045	OPRYSKIWACZ MERKURY SUPER PRO ŻÓŁTY 0,5 L	0	0	szt.	22,2	27,31		
 	towar	WTM.0133	OPRYSKIWACZ MERKURY SUPER PRO 1L ZIELONY 	0	0	szt.	25,5	31,37		
 	towar	WTM.0047	OPRYSKIWACZ MERKURY SUPER PRO 0,5L ZIELONY 	0	0	szt.	22,2	27,31		
 	towar	WTM.0138	Opryskiwacz Merkury Super Alka line V-1	0	0	szt.	27,1	33,33		
 	towar	WTM.0063	Opryskiwacz Merkury Super Alka line V-0,5	0	0	szt.	24,75	30,44		
 	towar	MERCURY0,5/360	Opryskiwacz Mercury Pro+ SUPER 360 0,5L 	0	0	szt.	22,2	27,31	 WTM.0030  360 ST	
 	towar	MERCURY1-NIE	Opryskiwacz Mercury Pro+ SUPER 1L	0	0	szt.	12,98	15,97		
 	towar	MERCURY0,5/NIE	Opryskiwacz Mercury Pro+ SUPER 0,5L	0	0	szt.	10,34	12,72		
 	towar	MERCURY360/1	OPRYSKIWACZ MERCURY 360 1L	0	0	szt.	26,52	32,62	WTM.0113	
 	towar	PM2000	Opryskiwacz MASTER 2000	0	0	szt.	0	0		
 	towar	MALWA	OPRYSKIWACZ MALWA GF V-1	0	0	szt.	7,41	9,11	promocja ,WOK.0476	
 	towar	WTN.0415	OPRYSKIWACZ KWAZAR15 L NEPTUNE SUPER CLEANING PRO+	0	0	szt.	0	0		
 	towar	P9MVTS/9	OPRYSKIWACZ INDUSTRY - 9 L	0	0	szt.	114	140,22	MAROLEX	
 	towar	P7MVTS/7	OPRYSKIWACZ INDUSTRY - 7 L	0	0	szt.	109	134,07	MAROLEX	
 	towar	P5MVTS/5	OPRYSKIWACZ INDUSTRY - 5 L	0	0	szt.	104	127,92	MAROLEX	
 	towar	P1000IN/1	OPRYSKIWACZ INDUSTRY - 1 L	0	0	szt.	35,5	43,67	MAROLEX, ciśnieniowy	
 	towar	OPONA225/50R17	OPONA  KRISALP HP3 98H XL CB69 KLEBER	0	0	szt.	0	0		
 	usługa	PGE-VAT5	OPŁATA ZA ENERGIĘ ELEKTRYCZNĄ	0	0	szt.	0	0	Kwieciweń 2019 r	
 	usługa	PGE	OPŁATA ZA ENERGIĘ ELEKTRYCZNĄ	0	0	szt.	0	0	Kwieciweń 2019 r	
 	usługa	PGE(1)	OPŁATA ZA ENERGIĘ ELEKTRYCZNĄ	0	0	szt.	0	0	Kwieciweń 2019 r	
 	usługa	PGE-R	Opłata za en.elekt.poza umową za m-c lipiec 25 r	0	0	szt.	0	0	Kwieciweń 2019 r	
 	towar	OP2	OPASKI ZACISKOWE PLASTIKOWE 300/3,6 BIAŁE 100SZT	0	0	szt.	0	0		
 	towar	OP250X7,6/50	OPASKI ZACISKOWE PLASTIKOWE 250/7,6 CZARNA 50SZT.	0	0	szt.	0	0		
 	towar	OP4	OPASKI ZACISKOWE PLASTIKOWE 200/4,8 CZARNE 100SZT.	0	0	szt.	0	0		
 	towar	OP250/3.6	OPASKI ZACISKOWE PLASTIKOWE 200/3.6 CZARNA 100SZT.	0	0	szt.	0	0		
 	towar	OP180/4.8	OPASKI ZACISKOWE PLASTIKOWE 180/4.8 CZARNA 100SZT.	0	0	szt.	0	0		
 	towar	OP3	OPASKI ZACISKOWE PLASTIKOWE 150/3,6 ZIEL. 100SZT.	0	0	szt.	0	0		
 	towar	B24038	Opaski zaciskowe INOX	0	0	szt.	4,79	5,89	Bottari	
 	towar	B24035	Opaski zaciskowe CLAMP 40-60 cm stalowe,4 szt	0	0	szt.	4,48	5,51	Bottari	
 	towar	OP	OPASKI ZACISKOWE	0	0	szt.	0	0		
 	towar	PK48200	OPASKI KABLOWE PRIMA KABEL 4,8 X2	0	0	szt.	5,61	6,9	K2, PRIMA, czarny	
 	towar	PK48500	OPASKI KABLOWE PRIMA  KABEL 4,8X5	0	0	szt.	16,49	20,28	K2,PRIMA, czarne	
 	towar	32-50 C7	OPASKA ZACISKOWA GEMI 32-50 C7	0	0	szt.	0	0		
 	towar	16-25 C7	OPASKA ZACISKOWA GEMI 16-25 C7	0	0	szt.	0	0		
 	towar	20-32	OPASKA ZACISKOWA 20-32 PRIMA	0	0	szt.	0	0		
 	towar	16-27	OPASKA ZACISKOWA 16-27 PRIMA	0	0	szt.	0	0		
 	towar	12-22	OPASKA ZACISKOWA 12-22 PRIMA	0	0	szt.	0	0		
 	towar	000	OPASKA ZACISKOWA	0	0	szt.	0	0	LIDL  7-16 mm,10-23 mm, 2,00 zł brutto	
 	towar	OPASKA ZACISKOWA	OPASKA ZACISKOWA	0	0	szt.	0	0	LIDL, 27-44 mm,3,00 zł. brutto	
 	towar	OP1	OPASKA ŚLIMAKOWA	0	0	szt.	0	0	20-32	
 	towar	OPASKA 	OPASKA SPORTOWA	0	0	szt.	0	0		
 	towar	AB-03008761	OPASKA ASFA-L 12x22mm,szer. 9mm	0	0	szt.	0	0	Tubes	
 	towar	AB-03008753	OPASKA ASDFAL8X16mmmm,szer 9mmm	0	0	szt.	0	0	Tubes	
 	towar	BN90814	Opaska 2LED na rzep EN13356	0	0	szt.	11,47	14,11	Bottari, bateria w zestawie	
 	towar	G410	OMEGA 500 ml	0	0	szt.	41,88	51,51	K2, żel do deski rozdzielczej + mikrofibra + aplikator	
 	towar	339.400	OLEJ Z MOS2 400ML	0	0	szt.	21,98	27,04		3403 19 80
 	towar	339.200	OLEJ Z MOS2 300 ML	0	0	szt.	12,95	15,93	wycofany	3403 19 80
 	towar	339.100	OLEJ Z MOS2 100ML	0	0	szt.	7,49	9,21	wycofany 	3403 19 80
 	towar	808.300	OLEJ WIELOFUNKCYJNY 400ML	0	0	szt.	14,76	18,15	wycofany	
 	towar	VALVOLINE	OLEJ VALVOLINE SYNPOWER XL III 5w30 1L	0	0	szt.	0	0	Diesel	
 	towar	VALVOLINE(1)	OLEJ VALVOLINE SYNPOWER 5w30 1L	0	0	szt.	0	0	Benzyna	
 	towar	07813198401	OLEJ STIHL 100ML.	0	0	szt.	0	0	do kosiarek, pilarek	
 	towar	6529 5750	OLEJ SP. MECH.PRECYZ.300ML S407	0	0	szt.	0	0	Forch Polska	
 	towar	OLEJ SILNIKOWY/1	OLEJ SILNIKOWY VENOL 15W-40 1L	0	0	szt.	0	0		
 	towar	OLEJ  K2/1	OLEJ SILNIKOWY SEMISYNTHETIC MOTOR OIL 10W-40 1L	0	0	szt.	0	0		
 	towar	OLEJ DIESEL/1	OLEJ SILNIKOWY DIESL SEMISYNTHETIC VENOL 10W-40 1L	0	0	szt.	0	0		
 	towar	5907439961306	OLEJ SAE 5W30 0,6L STIGA DO ODŚNIEZAREK	0	0	szt.	0	0		
 	towar	PLATINUM	OLEJ PLATINUM CLA DISEL 10W/40 1 L	0	0	szt.	0	0		
 	towar	LOTOS/1	OLEJ LOTOS MINERALNY 1L 15W-40	0	0	szt.	0	0		
 	towar	OLEJ/1	Olej Husqvarna 12x1L	0	0	szt.	0	0		
 	towar	469.200	OLEJ GRAFITOWY M200 400ML	0	0	szt.	11,98	14,74	wycofany	
 	towar	OLEJ	Olej do łańcucha 200 l GREEN	0	0	szt.	0	0		
 	towar	OLEJ CASTROL(1)	OLEJ CASTROL MAGNATEC DIESEL 5w40 4L 	0	0	szt.	0	0		
 	towar	OLEJ CASTROL	OLEJ CASTROL MAGNATEC C3 5w40 4L 	0	0	szt.	0	0		
 	towar	OLEJ/2	Olej	0	0	szt.	0	0		
 	towar	OLEJ/3	Olej 	0	0	szt.	0	0		
 	towar	47245	OL SYSTEM REINIGER 325 ML	0	0	szt.	5,64	6,94		
 	towar	OKULARY	OKULARY OCHRONNE	0	0	szt.	0	0		
 	towar	OIL SEAL D.	OIL SEAL D.25x62x10	0	0	szt.	0	0		
 	usługa	OGR	OGRZEWANIE WG UMOWY NAJMU	0	0	szt.	0	0	Listop 2018 r.	
 	towar	521552	OGRZEWACZ PRZEPŁYWOWY	0	0	szt.	0	0		
 	towar	B03/10K	OFFICE CLEAN kwiatowy 10L	0	0	szt.	89,8	110,45		
 	towar	W05/600	OFFICE CLEAN GT 600 ML	0	0	szt.	12,14	14,93		
 	towar	B03/5K	OFFICE CLEAN 5L	0	0	szt.	44,47	54,7	kwiatowy, B12-Madame	
 	towar	B03/20	OFFICE CLEAN 20L	0	0	szt.	176,4	216,97	wycofany	
 	towar	B03/1S	OFFICE CLEAN 1L spray	0	0	szt.	17,75	21,83	zielony	
 	towar	B03/1	OFFICE CLEAN 1L	0	0	szt.	18,75	23,06	do pielęgnacji mebli, urządzeń biurowych, kwiatowy  	
 	towar	Q/05AM	OFFICE CLEAN 0,5L spray amore czerwony	0	0	szt.	9,94	12,23	wycofany, wiatowy	
 	towar	AP551	OE-15 Zmywanie owadów 1 l	0	0	szt.	13,02	16,01		
 	towar	650-1	OE F. OLEJU	0	0	szt.	0	0		
 	towar	DAK115	Odurzacz Dakota 115	0	0	szt.	0	0	sucho-mokro, 27 L	
 	towar	GP24524	Odtłuszczacz uniwersalny 750 ml GRAND PRIX	0	0	szt.	7,57	9,31	Bottari	
 	towar	ODTŁ/UNIWERSALNY	ODTŁUSZCZACZ  UNIWERSALNY 1 L	0	0	szt.	17,15	21,09		
 	towar	AIR WICK	ODŚWIEŻACZ-AIR WICK FRESHMATIC URZĄDZENIE	0	0	szt.	0	0		
 	towar	7632	ODŚWIEŻACZ SENSO- NEW TECHNOLOGY 	0	0	szt.	0	0	wycofany,4,5 ML	
 	towar	113	ODŚWIEŻACZ SENSO - WOOD 8 ML.	0	0	szt.	5,66	6,96	ETRA	
 	towar	950	ODŚWIEŻACZ SENSO - SPRAY	0	0	szt.	6,05	7,44	 50 ML	
 	towar	7623	ODŚWIEŻACZ SENSO - REGULACJA- WKŁAD 	0	0	szt.	4,9	6,03	10 ml	
 	towar	762	ODŚWIEŻACZ SENSO - REGULACJA 	0	0	szt.	8,65	10,64	10 ml	
 	towar	120	ODŚWIEŻACZ SENSO - REED DIFFUSER 50  ML	0	0	szt.	0	0	patyczki, exotic place. magic garden, orientalspa, sensual, water blossom,white	
 	towar	121	ODŚWIEŻACZ SENSO - REED DIFFUSER 100  ML	0	0	szt.	0	0	patyczki, exotic place. magic garden, orientalspa, sensual, water blossom,white gardena	
 	towar	763	ODŚWIEŻACZ SENSO - PATYCZKI	0	0	szt.	0	0	wycofany, 90 ml	
 	towar	289	ODŚWIEŻACZ SENSO - LUXURY 	0	0	szt.	7,2	8,86	ETRA, 10 ml	
 	towar	122	ODŚWIEŻACZ SENSO - HOME SPRAY 300 ML	0	0	szt.	9,94	12,23	Exotic Place, White Gardenia ,Sensual Citrus, Oriental Spa, Water Blossm, Magic Garden	
 	towar	117	ODŚWIEŻACZ SENSO - ELITE	0	0	szt.	0	0	zawieszka celulozowa	
 	towar	26/50	ODŚWIEŻACZ SENSO - DELUXE 	0	0	szt.	0	0	50 ml (wiśnia nowość, wanilia nowość, citrus dream, green apple, herbata wycofana, 	
 	towar	4009	ODŚWIEŻACZ SENSO -  PASSION 	0	0	szt.	0	0	wycofany,10 ml	
 	towar	295	ODŚWIEŻACZ SENSO -  LUXURY- WKŁAD 	0	0	szt.	5,5	6,77	10 ml	
 	towar	ODSWIEŻCZ /PGE	ODŚWIEŻACZ POWIETRZA Z  WKŁADAMI	0	0	szt.	0	0		3402 20 90
 	towar	M58303	ODŚWIEŻACZ POWIETRZA N-GINE	0	0	szt.	0	0	Bottari	
 	towar	729	ODŚWIEŻACZ POWIETRZA DR. MARCUS	0	0	szt.	0	0		
 	towar	ODŚWIEŻACZ/FRESHTEK	ODŚWIEŻACZ POWIETRZA 600 ML ONE SHOT	0	0	szt.	0	0	KASHMIR, BEAUTY,BAD MAN, ORIENTAL  FLOWER, JARZĘBINA,SCANDAL, AGARWOOD,BAT MAN,  BERGAMO	3307 90 00
 	towar	V425	ODŚWIEŻACZ POWIETRZA  CARO 4 ML	0	0	szt.	3,05	3,75	K2 ; kula	
 	towar	7TIN	ODŚWIEŻACZ POWIETRZA - 7TIN	0	0	szt.	0	0	GALON, (cherry,coffee, crystal wave, green aple, ice, jasmine, new car, wanilia, wild berry)	
 	towar	0763	ODŚWIEŻACZ- GALAXY ELEGANCE	0	0	szt.	5,35	6,58	8 ML	
 	towar	V031	ODŚWIEŻACZ -EVOS - zawieszka drewniana	0	0	szt.	10,99	13,52	K2, SAMURAI, SPARTA, UNICORN	
 	towar	725	ODŚWIEŻACZ- ELIPSE	0	0	szt.	0	0		
 	towar	ODŚ/DYNIA	ODŚWIEŻACZ DYNIA  W ŻELU 150 ML	0	0	szt.	0	0	Chemdom	3307 49 00
 	towar	DO/500	ODŚWIEŻACZ DOLPHIN 750 ML	0	0	szt.	0	0	CHEMDOM	
 	towar	V757	ODŚWIEŻACZ- DEOCAR 100 ml	0	0	szt.	0	0	K2, 	
 	towar	125	ODŚWIEŻACZ- CRYSTAL PASSION 8 ML	0	0	szt.	3,99	4,91	PLAK	
 	towar	V304	ODŚWIEŻACZ CREO 8 ML. 	0	0	szt.	5,95	7,32	 K2, w kartoniku	
 	towar	V338	ODŚWIEŻACZ CREO 8 ML - BLISTER	0	0	szt.	5,45	6,7		
 	towar	V423	ODŚWIEŻACZ CARO 4ML	0	0	szt.	3,05	3,75	 K2	
 	towar	BRISE	ODŚWIEŻACZ BRISE 300ML	0	0	szt.	0	0	aerozol	
 	towar	AP/J-DUO	ODŚWIEŻACZ- AMBI PUR JAGUAR DUO	0	0	szt.	24,39	30	wycofany	3307 49 00
 	towar	AP/J	ODŚWIEŻACZ- AMBI PUR JAGUAR 2x2 ML	0	0	szt.	17,99	22,13	PROMOCJA ,wycofany	3307 49 00
 	towar	AP/J PGE NIE 	ODŚWIEŻACZ- AMBI PUR JAGUAR 2 ML.	0	0	szt.	0	0	PGE, wycofany	3307 49 00
 	towar	K/100	ODŚWIEŻACZ 100ML.	0	0	szt.	7	8,61	KEMKO	
 	towar	2933	ODŚWIEŻACZ - ZAWIESZKA DR MARCUS	0	0	szt.	1,75	2,15	celuloza	
 	towar	2720	ODŚWIEŻACZ - Wunder Baum	0	0	szt.	3,42	4,21	TOM-AUTO,choinka	
 	towar	7602	ODŚWIEŻACZ - WIND 	0	0	szt.	5,35	6,58	wycofany 8 ml	
 	towar	V406	ODŚWIEŻACZ - VENTO SOLO 8ml.	0	0	szt.	4,45	5,47	k2	
 	towar	V459/V452	ODŚWIEŻACZ - VENTO 8ML	0	0	szt.	4,35	5,35	K2, zawieszak drewienko	
 	towar	277	ODŚWIEŻACZ - VENT- GEL	0	0	szt.	3,83	4,71	ŻEL 	
 	towar	230	ODŚWIEŻACZ - UFO 	0	0	szt.	5,9	7,26	wycofany,7 ml	
 	towar	304	ODŚWIEŻACZ - SPORT 	0	0	szt.	5,35	6,58	wycofany,8 ML	
 	towar	0760	ODŚWIEŻACZ - SPEAKER 	0	0	szt.	5,35	6,58	wycofany,8 ML	
 	towar	363	ODŚWIEŻACZ - SONIC	0	0	szt.	1,48	1,82		
 	towar	279	ODŚWIEŻACZ - SLIM	0	0	szt.	6,55	8,06		
 	towar	4007	ODŚWIEŻACZ - SENSO - WKŁAD	0	0	szt.	0	0	10ML	
 	towar	305	ODŚWIEŻACZ  RECHANGER - wkład	0	0	szt.	3,86	4,75	8ML	
 	towar	MS/80	ODŚWIEŻACZ - MY SHALDAN  	0	0	szt.	0	0	TOM-AUTO,80g      kod: 90-007 Amtra	
 	towar	V609	ODŚWIEŻACZ - MAXIMA 50ML	0	0	szt.	8,95	11,01	K2, ŻEL 	
 	towar	119	ODŚWIEŻACZ - LUCKY TOP	0	0	szt.	6,94	8,54	ludzik do nawiewu lub na lusterko	
 	towar	K/5	ODŚWIEŻACZ - KEMKO 5 L	0	0	szt.	0	0	KEMKO	
 	towar	334	ODŚWIEŻACZ - HARMONY	0	0	szt.	6,56	8,07	8 ML	
 	towar	0014	ODŚWIEŻACZ - GŁOŚNIK 	0	0	szt.	2,95	3,63		
 	towar	07628-9	ODŚWIEŻACZ - GALAXY	0	0	szt.	0	0	wycofany,8 ML	
 	towar	112	ODŚWIEŻACZ - FUNKY CAR ZAWIESZKA	0	0	szt.	0	0		
 	towar	V709	ODŚWIEŻACZ - FRISS 	0	0	szt.	2,75	3,38	K2, wsuwki	
 	towar	FR80882	ODŚWIEŻACZ-  FRESHCAR - WOMEN	0	0	szt.	3,36	4,13	BOTTARI	
 	towar	FR80881	ODŚWIEŻACZ - FRESHCAR - MAN	0	0	szt.	3,36	4,13	BOTTARI,	
 	towar	114	ODŚWIEŻACZ - FRESH POINT	0	0	szt.	4,76	5,85		
 	towar	116	ODŚWIEŻACZ - FRESH BAG - ECO / DENIM	0	0	szt.	4,91	6,04	ECO/ DENIM GOLD	
 	towar	111	ODŚWIEŻACZ - FRESH BAG	0	0	szt.	5,66	6,96		
 	towar	728	ODŚWIEŻACZ - ECOLO 	0	0	szt.	4,35	5,35	4,5 ML	
 	towar	278	ODŚWIEŻACZ - EASY CLIP	0	0	szt.	4,32	5,31	wsuwki,	
 	towar	100	ODŚWIEŻACZ  DRY-LUX SPORT AREON	0	0	szt.	0	0	Gres	
 	towar	DELFIN	ODŚWIEŻACZ - DELFIN	0	0	szt.	5,49	6,75	PARYS	
 	towar	V111	ODŚWIEŻACZ - CARSO	0	0	szt.	1,55	1,91	K2,zawieszka, wesoła buźka	
 	towar	V422	ODŚWIEŻACZ - CARO 4 ML	0	0	szt.	3,06	3,76	K2, zawieszak drewienko	
 	towar	V540	ODŚWIEŻACZ - CARAT 	0	0	szt.	3,15	3,87	K2, zawieszka membranowa	
 	towar	284	ODŚWIEŻACZ - CAR - GEL - PERFUME	0	0	szt.	3,73	4,59	ŻEL	
 	towar	283	ODŚWIEŻACZ - CAR - GEL	0	0	szt.	3,73	4,59	żel	
 	towar	CALIFORNIA	ODŚWIEŻACZ - CALIFORNIA SCENTS	0	0	szt.	0	0		3307 49 00
 	towar	0045	ODŚWIEŻACZ-  ATOMIZER 	0	0	szt.	6,05	7,44	PUMP SPRAY 50M	
 	towar	6311	ODŚWIEŻACZ - ARTE	0	0	szt.	0	0		
 	towar	AP/UW	ODŚWIEŻACZ - AMBI PUR ( urządzenie + wkład )	0	0	szt.	20,99	25,82	WYCOFANE	3307 49 00
 	towar	AP/W	ODŚWIEŻACZ - AMBI PUR - wkład	0	0	szt.	17,99	22,13	WYCOFANE	3307 49 00
 	towar	412	ODŚWIEŻACZ - AIRCAN	0	0	szt.	0	0	c. zakupu 3,19 ...27/03/15	
 	towar	123	ODŚWIEŻACZ - AIRBOX	0	0	szt.	0	0		
 	towar	AF	ODŚWIEŻACZ - AIR FRESHNER	0	0	szt.	0	0	FLESZ	
 	towar	0083	ODŚWIEŻACZ -  FLOWER 	0	0	szt.	5,35	6,58	wycofany 8 ML	
 	towar	42405	ODŚWIEŻACZ -  COMFORT FRESH	0	0	szt.	2,69	3,31	PARYS	
 	towar	115	ODŚWIEŻACZ	0	0	szt.	0	0	AUCHAN	
 	towar	11	ODŚWIEZACZ POWIETRZA	0	0	szt.	0	0	PROMOCJA-Comfort Fresh	
 	towar	4007/1	ODŚWIEZACZ -  SENSO PASSION- WKŁAD	0	0	szt.	0	0	10ML	
 	towar	112934	ODŚNIEŻARKA AL-KO 560 II SNOWLINE 6KM 56CM	0	0	szt.	0	0		
 	towar	311.200	ODRDZEWIACZ Z POWŁOKĄ GRUNTUJĄCĄ125ML  	0	0	szt.	26,94	33,14	wycofany	
 	towar	KR0602002	ODRDZEWIACZ Z MOS2 - 500ML- KRYPTON	0	0	szt.	0	0	KRYPTON	
 	towar	829.400	ODRDZEWIACZ 500ML	0	0	szt.	14,09	17,33	wycofany, professional	
 	towar	472.200	ODRDZEWIACZ 300ML	0	0	szt.	8,98	11,05	wycofany	
 	towar	653.200	ODPLAMIACZ DO TKANIN 300ML 	0	0	szt.	19,98	24,58	wycofany 	3814 00 90
 	towar	252.200	ODPLAMIACZ DO TAPICERKI I ALCANTARY 300ML	0	0	szt.	23,1	28,41		
 	towar	653.500	ODPLAMIACZ 5 L	0	0	szt.	126,72	155,87		3814 00 90
 	towar	ODOR STOP/650	ODOR STOP 650 ML	0	0	szt.	17,07	21	Agachem	
 	towar	W86/600	ODOR OFF NANO 600 ML	0	0	szt.	54,76	67,35	Usuwanie przykrych zapachów.	
 	towar	NE02/0,5	ODOR OFF NANO 500 ML	0	0	szt.	0	0	wycofany, usuwanie przykrych zapachów, gotowy do użycia.	
 	towar	W120/600	ODOR ELIMINATOR 600 ML	0	0	szt.	61,74	75,94		
 	towar	331.541(1) ETRA	ODMRAŻACZ ZAMKA 50 ML	0	0	szt.	7,07	8,7	ETRA- PRZETARG	3820 00 00
 	towar	331.541	ODMRAŻACZ ZAMKA 50 ML	0	0	szt.	7,07	8,7		3820 00 00
 	towar	331.400	ODMRAŻACZ ZAMKA 15 ML	0	0	szt.	4,38	5,39	wycofany	3820 00 00
 	towar	830702087	ODMRAŻACZ UKŁADÓW PNEUMA.	0	0	szt.	0	0	Inter Cars	
 	towar	331.200	ODMRAŻACZ SZYB 300 ML	0	0	szt.	9,68	11,91	wycofany	3820 00 00
 	towar	331.341	ODMRAŻACZ SZYB 1L	0	0	szt.	13,99	17,21	wycofany	3820 00 00
 	towar	ATA026017(P)	ODMRAŻACZ ICE BREAKER 550ML	0	0	szt.	8,58	10,55	PROMOCJA	
 	towar	ATA026017	ODMRAŻACZ ICE BREAKER 500ML	0	0	szt.	8,58	10,55		
 	towar	25-013	ODMRAŻACZ DO ZAMKÓW 50 ML	0	0	szt.	0	0	MOJE AUTO	
 	towar	ODMRAŻACZ/ZAM	ODMRAŻACZ DO ZAMKÓW  60 ML	0	0	szt.	0	0	Auchan	
 	towar	000247	ODMRAŻACZ DO SZYB SPRAY 300ML	0	0	szt.	3,91	4,81		
 	towar	000308	ODMRAŻACZ DO SZYB ATOMIZER 500ML	0	0	szt.	4,42	5,44		
 	towar	331.241	ODMRAŻACZ DO SZYB 500 ML	0	0	szt.	12,32	15,15		3820 00 00
 	towar	331.241(1) ETRA	ODMRAŻACZ DO SZYB 500 ML	0	0	szt.	12,32	15,15	ETRA -PRZETARG	3820 00 00
 	towar	BK98111	ODMRAŻACZ DO SZYB 500 ML 	0	0	szt.	6,53	8,03	Bottari	
 	towar	331.300	ODMRAŻACZ DO SZYB 400ML	0	0	szt.	9,98	12,28	wycofany	3820 00 00
 	towar	GP24613	ODMRAŻACZ DO SZYB 400 ML GRAND PRIX	0	0	szt.	6,78	8,34	Bottari	
 	towar	EI500/05	ODMRAŻACZ DO SZYB  -70C   500 ML	0	0	szt.	5,9	7,26	KEMKO	
 	towar	GP24615	ODMRAŻACZ  DO ZAMKÓW 30 ML GRAND PRIX	0	0	szt.	0	0	Bottari	
 	towar	607.600	ODŁUSZCZACZ SILNIKA10L - SERIA LIMIT	0	0	szt.	302,87	372,53	wycofany	
 	towar	429586	ODKURZACZ WD 6 P PREMIUM	0	0	szt.	0	0	EFEKT	
 	towar	8.214.0501	ODKURZACZ SUCHO-WHISPER V8	0	0	szt.	699	859,77	Lavor	
 	towar	8.236.0004	ODKURZACZ SUCHO/MOKRO-STN18 ASH	0	0	szt.	0	0	Lavor, do kominka	
 	towar	8.239.0001	ODKURZACZ SUCHO/MOKRO- WINDY 265 IF	0	0	szt.	1450	1783,5	Lavor	
 	towar	8.249.0001	ODKURZACZ SUCHO/MOKRO- WINDY 120 IF	0	0	szt.	650	799,5	Lavor	
 	towar	8.212.0501	ODKURZACZ SUCHO/MOKRO TAURUS IR	0	0	szt.	2300	2829	Lavor	
 	towar	8.225.0002	ODKURZACZ SUCHO/MOKRO- ARES IW 05	0	0	szt.	699	859,77	Lavor	
 	towar	8.220.0501	ODKURZACZ PIORĄCY-APOLLO IF	0	0	szt.	0	0	Lavor	
 	towar	8.221.0508	ODKURZACZ PIORĄCY- SOLARIS IF	0	0	szt.	2999	3688,77	Lavor	
 	towar	LAVOR	Odkurzacz piorąco - parowy LAVOR ETNA	0	0	szt.	0	0	Eco - -Myjnie	
 	towar	8.244.0001	ODKURZACZ NA SUCHO - BOOSTER	0	0	szt.	499	613,77	Lavor	
 	towar	275310	ODKURZACZ KOMINKOWY	0	0	szt.	0	0	LIDL	
 	towar	ODKURZACZ	ODKURZACZ ELEK. FAFORYT	0	0	szt.	0	0	GT03000	
 	towar	HARDER	Odkurzacz- EL HARDER QT6250  2800W	0	0	szt.	0	0		
 	towar	ODK/DMUCHAWA	ODKURZACZ DMUCHAWA	0	0	szt.	0	0		
 	towar	WHISPER V8	ODKURZACZ - WHISPER V8	0	0	szt.	699	859,77		
 	towar	VENTI SII	Odkurzacz - VENTI S II	0	0	szt.	0	0	sucho-mokro	
 	towar	STANLEY	ODKURZACZ  STANLEY	0	0	szt.	0	0		
 	towar	OPS	Odkurzacz - SOLARIS IF	0	0	szt.	0	0	piorący	
 	towar	RAM300	Odkurzacz - RAMBO	0	0	szt.	2175	2675,25	piorący, z filtrem wodnym	
 	towar	503	Odkurzacz - PANDA 503	0	0	szt.	0	0		
 	towar	ON	Odkurzacz - NUMATIC	0	0	szt.	0	0	NVH180-1	
 	towar	OPC	Odkurzacz - NUMATIC	0	0	szt.	0	0	pioracy,CTD900-2	
 	towar	NEV633	Odkurzacz - NEVADA 633W	0	0	szt.	0	0		
 	towar	HIP300	Odkurzacz - HIPPO 300	0	0	szt.	1366	1680,18	piorący z filtrem wodnym, już wycofany,wzamian jest Lawa 2l mniejszy zbiornik	
 	towar	2182	Odkurzacz - FLORIDA 2182	0	0	szt.	0	0		
 	towar	2050	Odkurzacz - FLORIDA 2050	0	0	szt.	1020	1254,6		
 	towar	DAK423W	Odkurzacz - DAKOTA 423W	0	0	szt.	0	0	sucho-mokro	
 	towar	COST	Odkurzacz - COSTELLATION	0	0	szt.	2550	3136,5	piorący	
 	komplet	Z-2	ODKURZACZ - APOLLO + ZESTAW ŚRODKÓW	0	0	szt.	0	0	piorący	
 	towar	OPA	Odkurzacz - APOLLO	0	0	szt.	1990	2447,7	piorący	
 	towar	NEV503	Odkurzacz -  NEVADA 503	0	0	szt.	0	0	sucho-mokro, 1200W, zbiornik 32L stal	
 	towar	OP/M26	Odkurzacz -  M26	0	0	szt.	0	0	piorący	
 	towar	LEO	Odkurzacz   LEO	0	0	szt.	0	0	sucho, 10L	
 	towar	2183A	Odkurzacz -  FLORIDA 2183	0	0	szt.	0	0		
 	towar	ODKURZACZ/1	ODKURZACZ 	0	0	szt.	0	0	Lidl, 0314894	
 	towar	ODBOJE	ODBOJE NA ZDERZAKI	0	0	szt.	0	0		
 	towar	BP24390	Odblaskowa zawieszka 	0	0	szt.	7,26	8,93	Bottari , mix wzorów i kolorów	
 	usługa	OU	Odbiór urządzenia do przeglądu serwisowego	0	0	szt.	0	0		
 	towar	OCZKO	OCZKO OLEJOWE	0	0	szt.	0	0		
 	towar	6719 0870	OCHR. BIEGUNÓW AKU.CZER.150 ML	0	0	szt.	0	0	Forch Polska	
 	towar	OBUDOWA TST	OBUDOWA PRZEDNIA 	0	0	szt.	0	0	Kranzle	
 	towar	4.513.0375	OBUDOWA GŁOWICY- QUICK 36 B/E	0	0	szt.	0	0	Lavor	
 	towar	OBUDOWA	OBUDOWA FILTRA	0	0	szt.	0	0		
 	towar	ODO	Obudowa dolna odkurzacza	0	0	szt.	0	0		
 	towar	OB/SI	OBUDOWA  WŁĄCZNIKA 	0	0	szt.	0	0		
 	towar	PN/400	O7 PENETRUS 400ML	0	0	szt.	10,75	13,22		
 	towar	3.100.0018	NYPEL-GAZ3/8 NA GZ QUICK - LAVOR	0	0	szt.	0	0	Lavor	
 	towar	NYPEL	NYPEL ZŁĄCZA	0	0	szt.	0	0		
 	towar	NYP/1	NYPEL WEWNĘTRZNY NA QUICK	0	0	szt.	0	0	Lavor	
 	towar	MW-2102004	NYPEL GZ BSPT1/4''/GZ BSPT 1/4"	0	0	szt.	0	0	Odpowiednik  Hydroflex 1/4 M-1/4 M KOD: 050010202	
 	towar	3.100.0042	NYPEL- GW3/8 NA GW QUICK - LAVOR	0	0	szt.	0	0	Lavor	
 	towar	3.100.0023	NYPEL 3/8" - 3/8"	0	0	szt.	0	0	Lavor	
 	towar	3.100.0043	NYPEL 3/8' GZ NA QUICK LAVOR 	0	0	szt.	0	0	Lavor	
 	towar	4302	NYPEL 1/4	0	0	szt.	0	0		
 	towar	K500	NUTA -Ściereczki do szyb 25 szt.	0	0	szt.	4,95	6,09		
 	towar	M114	NUTA MAX 5 L	0	0	szt.	17,56	21,6	uniwersalny preparat do czyszczenia szyb szmochodowych i refrektorów	
 	towar	K117M	NUTA ANTI-INSEKT 700 ML	0	0	szt.	7,83	9,63		
 	towar	K507M	NUTA -750 ML	0	0	szt.	5,23	6,43	K2 ,płyn do szyb	
 	towar	K506	NUTA- 600ML - PIANKA DO MYCIA SZYB 	0	0	szt.	7,23	8,89		
 	towar	NUR	NURNIKI	0	0	szt.	0	0		
 	towar	NUR/P	NURNIK PORCELANOWY	0	0	szt.	0	0	DN 15X37,5 INTERPUMP	
 	towar	40505	NURNIK CERAMICZNY	0	0	szt.	0	0	20 MM	
 	towar	NUR/1	NURNIK 	0	0	szt.	0	0	DN18X32,5X11 Speck SP 15	
 	towar	410321	NURNIK	0	0	szt.	100,94	124,16	18 MM	
 	towar	RL/  NITRYL NTS	NTS RĘKAWICE - NITRYL a'100 	0	0	szt.	0	0	Inter Cars, niebieskie, BIACOMEX	
 	towar	NOX/5	NOX 5L	0	0	szt.	56,36	69,32		
 	towar	NOX/25	NOX 25L	0	0	szt.	247,5	304,43		
 	towar	NOVO WASH/5	NOVO WASH 5L	0	0	szt.	62,82	77,27		3402 90 90
 	towar	NOVOWH/25 NIE!!!	NOVO WASH 25L	0	0	szt.	298,15	366,72	26,75kg - piana aktywna do  mycia wszelkiego typu pojazdów	3402 90 90
 	towar	NOVOWH/20	NOVO WASH 20 L	0	0	szt.	244,84	301,15	kg- piana aktywna do  mycia wszelkiego typu pojazdów	3402 90 90
 	towar	NOVOWH/200	NOVO WASH - BECZKA 	0	0	szt.	2236,15	2750,46	200 L=220 KG ; aktywna piana do mycia wszelkiego typu pojazdów	3402 90 90
 	towar	NOT AS3694	NOTEBOK AS3694 ACER	0	0	szt.	0	0		
 	towar	NT1101	NORMATEK ONE SHOT 600 ML- MELON	0	0	szt.	0	0		
 	towar	NT1103	NORMATEK ONE SHOT 600 ML -HALK	0	0	szt.	0	0		
 	towar	NT1094	NORMATEK ONE SHOT 600 ML -ENIGMA	0	0	szt.	0	0		
 	towar	NT1030	NORMATEK ONE SHOT 600 ML -CYTRYNA	0	0	szt.	0	0		
 	towar	NT11102	NORMATEK ONE SHOT 600 ML -CORLEONE	0	0	szt.	0	0		
 	towar	NT1096	NORMATEK ONE SHOT 600 ML -BLACK GRAPE	0	0	szt.	0	0		
 	towar	NT1032	NORMATEK ONE SHOT 600 ML - ORIENTAL	0	0	szt.	0	0		
 	towar	NT1095	NORMATEK ONE SHOT 600 ML - ONE MILION	0	0	szt.	0	0		
 	towar	NT1099	NORMATEK ONE SHOT 600 ML - MORNING FRESH	0	0	szt.	0	0		
 	towar	NT1093	NORMATEK ONE SHOT 600 ML - KAWA CAPUCCINO	0	0	szt.	0	0		
 	towar	NT1092	NORMATEK ONE SHOT 600 ML - KAWA ARABICA	0	0	szt.	0	0		
 	towar	ROZCIĘŃCZALNIK	NOBILES ROZCIEŃCZALNIK CHLOROKAUCZUKOWY I POL 0,5L	0	0	szt.	0	0	OP25 SZT	
 	towar	RL/NITRYLEX	NITRYLEX PF BLACK	0	0	szt.	0	0	PL TRADE, rękawice nitrylowe	4015 19 00
 	towar	RL/NITRYLEX/1 PARA	NITRYLEX PF BLACK	0	0	szt.	0	0	PARA, PL TRADE, rękawice nitrylowe (1,50brutto za parę)	4015 19 00
 	towar	NIPPLE	NIPPLE BLACK 15L/MIN IP	0	0	szt.	0	0		
 	towar	332.905	NIEZAMARZAJĄCY PŁYN DO SPRYSKIWACZA 1L	0	0	litr	1525,95	1876,92	wycofany 	
 	towar	K511	NIEWIDZIALNA WYCIERACZKA 200ML SPRAY	0	0	szt.	8,61	10,59	VIZIO PLUS, INVISIBLE WIPER BLADE	
 	towar	K510	NIEWIDZIALNA WYCIERACZKA 150 ML	0	0	szt.	7,49	9,21	K2, INVISIBLE WIPER BLADE, VIZIO	
 	towar	1031/NOR NT(PROMOCJA	NEUTRALIZATOR ZAPACHÓW ONE SHOT 600 ML.	0	0	szt.	0	0	PROMOCJA	3307 90 00
 	towar	1031/NOR NT	NEUTRALIZATOR ZAPACHÓW ONE SHOT 600 ML.	0	0	szt.	21,14	26		3307 90 00
 	towar	1031/NOR NT-DOZOW(1)	NEUTRALIZATOR ZAPACHÓW ONE SHOT 250ML-DOZOWNIK	0	0	szt.	0	0	BAWEŁNA	3307 90 00
 	towar	1031/NOR NT-DOZOW/2	NEUTRALIZATOR ZAPACHÓW ONE SHOT 250ML-DOZOWNIK	0	0	szt.	0	0	BAD MAN	3307 90 00
 	towar	1031/NOR NT-DOZOWNIK	NEUTRALIZATOR ZAPACHÓW ONE SHOT 250ML-DOZOWNIK	0	0	szt.	0	0	PACZULI	3307 90 00
 	towar	1/1 NIE	NEUTRALIZATOR ZAPACHÓW 500 ML FRESHDAY	0	0	szt.	0	0	Freshtek, świeże pranie	
 	towar	F57/5	NEUTRAL MAGIC FOAM PINK 5 L	0	0	szt.	121,3	149,2		3402 20 90
 	towar	F57/1	NEUTRAL MAGIC FOAM PINK 1L	0	0	szt.	31,38	38,6		3402 20 90
 	towar	F56/5	NEUTRAL MAGIC FOAM CLEAR 5 L	0	0	szt.	106,11	130,52		3402 20 90
 	towar	F56/1	NEUTRAL MAGIC FOAM CLEAR 1 L	0	0	szt.	27,46	33,78		3402 20 90
 	towar	NTS/750	NETINS 750ML	0	0	szt.	9,25	11,38	usuwa owady	3402 13 00
 	towar	NTS/500	NETINS 500ML	0	0	szt.	5,99	7,37	usuwa owady z szyb,reflektorów i nadwozia	3402 13 00
 	towar	15W40/1	Neste Trubo 15W/40 1L	0	0	szt.	0	0		
 	towar	NEODISHER/1	NEODISHER KMR 1 KG	0	0	szt.	36,9	45,39	proszek do czyszczenia kawiarek	
 	towar	IN621/1	Neo FLOOR TF20 1l. Neutralny prep. pielęg.- myjący	0	0	szt.	0	0	panele podłogowe, parkiet, wykładzna pcv. roztwór 1:100	
 	towar	IN 663	Neo Floor Basic 5 l	0	0	szt.	0	0		
 	towar	0625	NASADKA NAWIERTAKOWA 3,0 X 16MM	0	0	szt.	0	0		
 	usługa	NP/ZZ	Naprawa zaworu zwrotnego	0	0	szt.	0	0		
 	usługa	US(1)	Naprawa urządzenia - myjka WEMA	0	0	szt.	0	0		
 	usługa	NU	NAPRAWA URZĄDZENIA	0	0	szt.	0	0		
 	usługa	U/N	Naprawa układu inżektora dozującego chemię	0	0	szt.	0	0		
 	usługa	NP3	NAPRAWA PRZEWODU	0	0	szt.	0	0	zakucie złączki	
 	usługa	NP	NAPRAWA PRZEWODU	0	0	szt.	0	0	zakucie + robocizna	
 	usługa	NP1	NAPRAWA PRZEWODU	0	0	szt.	0	0		
 	usługa	NAPR1	Naprawa przewodu	0	0	szt.	0	0	przewód ciśnieniowy do Karcher.	
 	usługa	NAP2	Naprawa Opryskiwacza IDRO M 24	0	0	szt.	0	0		
 	usługa	NAPR	Naprawa opryskiwacza 24L	0	0	szt.	0	0		
 	towar	NO	Naprawa odkurzacza	0	0	szt.	0	0		
 	usługa	NN	NAPRAWA NAGRZEWNICY	0	0	szt.	0	0	BLP30M	
 	usługa	PMC(4)	Naprawa myjki TX- 300	0	0	szt.	0	0		
 	usługa	NU/1	NAPRAWA MYJKI LAVOR HP HW- HYPER L 2021 LP	0	0	szt.	0	0		
 	usługa	NM	NAPRAWA MYJKI CIŚNIENIOWEJ KRANZLE THERM 1165-1	0	0	szt.	0	0		
 	usługa	NM1	NAPRAWA MYJKI CIŚNIENIOWEJ KRANZLE QUADRO 1200 TS 	0	0	szt.	0	0	180 bar	
 	usługa	NAPRAWA	Naprawa myjki ciśnieniowej KRANZLE 	0	0	szt.	0	0	Naprawa oraz części do myjki 	
 	usługa	NAPRAWA MYJKI	NAPRAWA MYJKI CIŚNIENIOWEJ HD 1090	0	0	szt.	0	0		
 	usługa	NL	Naprawa lancy, wymiana filtra	0	0	szt.	0	0		
 	usługa	NP/LANCA	NAPRAWA LANCY	0	0	szt.	0	0		
 	usługa	NI	NAPRAWA INŻEKTORA	0	0	szt.	0	0		
 	usługa	U/4	Naprawa inżektora	0	0	szt.	0	0		
 	usługa	U162	Naprawa i czyszczenie myjki HKY162	0	0	szt.	0	0		
 	usługa	U/N(1)	Naprawa i czyszczenie dozownika chemii SEKO	0	0	szt.	0	0		
 	usługa	N/O	NAPRAWA  ODKURZACZA	0	0	szt.	0	0		
 	towar	21184	NANOPOWŁOKA DO TKANIN	0	0	szt.	95	116,85		
 	towar	21187	NANOPOWŁOKA DO SZYB SAMOCHODOWYCH	0	0	szt.	55	67,65		
 	towar	21203	NANOPOWŁOKA DO SZYB NA ZEWNĄTRZ	0	0	szt.	140	172,2		
 	towar	21185	NANOPOWŁOKA DO SZKŁA I CERAMIKA	0	0	szt.	85	104,55		
 	towar	21188	NANOPOWŁOKA DO MOTORU	0	0	szt.	138	169,74		
 	towar	21183	NANOPOWŁOKA DO FELG	0	0	szt.	100	123		
 	towar	21186	NANOPOWŁOKA DO  DREWNA I KAMIENIA	0	0	szt.	95	116,85		
 	towar	NT/27	NANO TEC 27KG	0	0	szt.	0	0	preparat do mycia bezdotykowego, posadzki	
 	towar	GR.61/AL-1	NALEPKI GR.61 PODGR.AL-1	0	0	szt.	4,5	5,54		
 	towar	GR.6/D-4	NALEPKI GR.6 PODGR.D-4	0	0	szt.	3,61	4,44		
 	towar	GR.5/D-2	NALEPKI GR.5 PODGR.D-2	0	0	szt.	2,93	3,6		
 	towar	GR.5/D	NALEPKI GR.5 PODGR.D	0	0	szt.	2,93	3,6		
 	towar	GR.4/D	NALEPKI GR.4 PODGR.D	0	0	szt.	2,55	3,14		
 	towar	GR.4/C-3	NALEPKI GR.4 PODGR.C-3	0	0	szt.	2,55	3,14		
 	towar	GR.3/D	NALEPKI GR.3 PODGR.D	0	0	szt.	1,66	2,04		
 	towar	C-2	NALEPKI GR.3 PODGR.C-5,7	0	0	szt.	0	0		
 	towar	GR.3/C-1	NALEPKI GR.3 PODGR.C-1	0	0	szt.	1,66	2,04		
 	towar	C-4	NALEPKI GR.3 PODGR. C-5,7	0	0	szt.	0	0		
 	towar	GR.2/C-4	NALEPKI GR.2 PODGR.C-4	0	0	szt.	1,17	1,44		
 	towar	C-5	NALEPKI GR.2 PODGR.C-1	0	0	szt.	0	0		
 	towar	GR.2/C-1	NALEPKI GR.2 PODGR.C-1	0	0	szt.	1,17	1,44		
 	towar	GR.2/A	NALEPKI GR.2 PODGR.A	0	0	szt.	1,17	1,44		
 	towar	GR.1/C-3	NALEPKI GR.1 PODGR.C-3	0	0	szt.	0,76	0,93		
 	towar	GR.1/A	NALEPKI GR.1 PODGR.A	0	0	szt.	0,76	0,93		
 	towar	C-3	NALEPKI 	0	0	szt.	0	0	omak	
 	towar	71700	Nakrętki Fi 38 niebieskie z uszczelką	0	0	szt.	0	0		
 	towar	NAKRĘTKA	Nakrętka na dyszę regulowaną	0	0	szt.	1,22	1,5		
 	towar	NMDG	Nakrętka mocowania dyszy gumowa	0	0	szt.	0	0	1/4"F	
 	towar	0700105900	Nakrętka mocowania dyszy	0	0	szt.	0	0	M18M- typ " K "	
 	towar	NLR	NAKRĘTKA LANCY ROZPYLACZA 	0	0	szt.	9	11,07	25%,PARYS	
 	towar	NKL	Nakrętka końcówki lancy	0	0	szt.	1,22	1,5	niebieska	
 	towar	N/38	NAKRĘTKA	0	0	szt.	0	0		
 	towar	NAKRĘTKA-6321-133	NAKRĘTKA	0	0	szt.	0	0	do lancy pianowej	
 	towar	0009	NAKŁADKI NA WYCIERACZKI	0	0	szt.	0	0		
 	towar	0053	NAKŁADKA NA PAS BEZPIECZEŃSTWA	0	0	szt.	3,69	4,54		
 	towar	BN90812	Naklejka odblaskowa SMILE okrągła EN13356	0	0	szt.	2,86	3,52	Bottari	
 	towar	NAGROBKI/KONSERWACJA	NAGROBKI KONSERWACJA 0,6L 	0	0	szt.	28,79	35,41		
 	towar	NAGROBKI/CZYSZCZENIE	NAGROBKI CZYSZCZENIE 0,6 L	0	0	szt.	28,79	35,41		
 	towar	1059	Nadm. poduszka na szyję	0	0	szt.	0	0		
 	towar	61124	NABULIZATOR 24L	0	0	szt.	0	0		
 	towar	664.705	NABŁYSZCZAJĄCY ŚRODEK WSPOMAGAJĄCY SUSZENIE 25L.  	0	0	szt.	816,65	1004,48	koncentrat, seria Limit, aktualizacja ceny 29.07.2021	
 	towar	HDS	Myjka wysokociśnieniowa gorącowodna HDS	0	0	szt.	0	0		
 	towar	WEMAA AS150	MYJKA WEMAA AS 150	0	0	szt.	0	0		
 	towar	WEMAA	Myjka WEMAA 200	0	0	szt.	0	0		
 	towar	12/150	Myjka QUADRO 12/150 TS T	0	0	szt.	0	0		
 	towar	MO/175T	Myjka OPTIMA 175T	0	0	szt.	0	0	gorącowodna 	
 	towar	KT	Myjka KRANZLE THERM	0	0	szt.	0	0	gorącowodna	
 	towar	160TST	Myjka KRANZLE 160TST	0	0	szt.	0	0		
 	towar	K/155	MYJKA KRANZLE 155	0	0	szt.	0	0		
 	towar	KRANZLE	MYJKA KRANZLE 1152 TS	0	0	szt.	3109,76	3825		
 	towar	K1151	Myjka KRANZLE  1151	0	0	szt.	0	0		
 	towar	HDS698C	Myjka KARCHER HDS 698C	0	0	szt.	0	0		
 	towar	HYPER L2021 PROMO	MYJKA HP HW-HYPER L2021 Z PIANOWNICĄ I TURBO	0	0	szt.	0	0	CENA PROMOCYJNA,  gorącowodna, Turbo lanca, lanca pianowa, 200 bar-2900 psi, 9700W - 400V~50Hz 3 ph	
 	towar	8.621.0928	MYJKA HP HW- HYPER L 2021 LP	0	0	szt.	11760	14464,8		
 	towar	HYPER C 2021	MYJKA HP CW-HYPER C 2021 LP	0	0	szt.	9990	12287,7	LAVOR	
 	towar	8.659.0001	MYJKA HP CW-DANUBIO 121 1 LP	0	0	szt.	0	0	Lavor	
 	towar	8.669.0006	MYJKA HP CW- HYPER KA 1409 XP	0	0	szt.	0	0	Lavor	
 	towar	HP CW-BEST 28	MYJKA HP CW- BEST 28	0	0	szt.	0	0	LAVOR	
 	towar	HKY210	Myjka HKY 210 KXRT	0	0	szt.	0	0		
 	towar	MYJKA EHRLE KD 1140	MYJKA EHRLE KD1140	0	0	szt.	0	0		
 	towar	MDS/45	MYJKA DO SZYB 45CM	0	0	szt.	0	0		
 	towar	2015	MYJKA COLUMBIA 2015	0	0	szt.	0	0	210 bar 7000W	
 	towar	MC	MYJKA CIŚNIENIOWA UŻYWANA	0	0	szt.	0	0		
 	towar	MWP/5	MYDŁO W PŁYNIE DLA WARSZTATÓW 5L	0	0	szt.	0	0	/ŻEL/	
 	towar	RO-3PS	Mydło w płynie antybakteryjne,bezbarwne, 5 L	0	0	szt.	0	0	antybakteryjne, bezbarwne, bezzapachowe JBB - 13,08netto	3401 19 00
 	towar	MB/500	MYDŁO W PŁYNIE 500ML. 	0	0	szt.	0	0	Lilien premium, ROSA, KREMOWE	
 	towar	MYDŁO /5-ROSA	MYDŁO W PŁYNIE 5 L	0	0	szt.	0	0	ROSA	
 	towar	ATTIS/5	MYDŁO W PŁYNIE 5 L	0	0	szt.	0	0	ATTIS,BIAŁE	
 	towar	RO-3/5	Mydło w płynie 5 L	0	0	szt.	33,9	41,7	JEST TYLKO BIAŁE	3401 19 00
 	towar	MM/1	MYDŁO W PŁYNIE - 1L.	0	0	szt.	0	0	4 U	
 	towar	HR672	MYDŁO KREMOWE W PŁYNIE 5 L	0	0	szt.	11,76	14,46	SHINE, tańsze	
 	towar	HR784	MYDŁO KREMOWE W PŁYNIE 5 L	0	0	szt.	24	29,52	SHINE, pomarańczowe	
 	towar	MYDŁO/5	MYDŁO GARCHEM GRAND 5 L	0	0	szt.	0	0	Chemdom	
 	towar	M/FA	MYDŁO'' FA''  -Kostka 100G 	0	0	szt.	0	0		
 	towar	MD(1)	MYDŁO DAMLA KREMOWE 100 G	0	0	szt.	0	0		
 	towar	RO-3/6	MYDŁO - PŁYN  5+1 kg.	0	0	szt.	19,11	23,51		
 	towar	MD	MYDŁO - Kostka 100 G 	0	0	szt.	0	0	BARWA,ATTIS , DAMLA	
 	towar	M5	MYDŁO  5L	0	0	szt.	0	0	ANTYBAKTERYJNE	
 	towar	MD/500	MYDŁO -  PŁYN 500 ML	0	0	szt.	0	0	LUKSJA	
 	usługa	MW	Mycie wężownicy	0	0	szt.	0	0		
 	usługa	MM	Mycie maszyny	0	0	szt.	0	0		
 	towar	W82/600	MYCIE EKRANÓW LCD 600 ML	0	0	szt.	13,04	16,04		3402 20 90
 	towar	 DT03/75S- NIE	MYCIE EKRANÓW LCD  750 ML	0	0	szt.	11,05	13,59	wycofany	3402 20 90
 	towar	627.400(P)	MULTISTAR 750 ML	0	0	szt.	16,75	20,6	PROMOCJA	3402 90 90
 	towar	627.400	MULTISTAR 750 ML	0	0	szt.	16,75	20,6		3402 90 90
 	towar	627.505	MULTISTAR 5 L.	0	0	szt.	96,77	119,03	koncentrat	3402 90 90
 	towar	627.405	MULTISTAR 1 L.	0	0	szt.	40,68	50,04	gotowy do u życia	3402 90 90
 	towar	627.705	MULTI STAR 25 L.	0	0	szt.	544	669,12	25%	3402 90 90
 	towar	627.600	MULTI STAR 10L	0	0	szt.	231	284,13	35%	3402 90 90
 	towar	RO-96/1	MULTI NF 1L	0	0	szt.	23,49	28,89	do naklejek, maszyna	
 	towar	MUF	MUFKA	0	0	szt.	0	0		
 	towar	5930	MUFA 1/4" MOS	0	0	szt.	0	0	Leroy Merlin	
 	towar	MUFA1/2	MUFA 1/2 MOSIĘŻNA	0	0	szt.	0	0	Leroy Merlin	
 	towar	A123/1	MUD OFF 1 L	0	0	szt.	26,04	32,03		
 	towar	MEX	MUCH-EX OKS 1KG	0	0	szt.	0	0		
 	towar	MOSW	M-P Z OBROTOWYM SYSTEMEM WYKRĘCANIA	0	0	szt.	0	0		
 	towar	SLC-30 R48	Mounting bezel 48x24mm	0	0	szt.	0	0	Simex, ramka do licznika czsu pracy	
 	towar	NAR/88	MOTYCZKO-WIDEŁKI 3-ZĘB	0	0	szt.	0	0	do ogrodu, trzonek 110 cm	
 	towar	420862	MOT-WYCIER.GRAFIT SPOILER 55CM	0	0	szt.	8,99	11,06		
 	towar	420831	MOT-WYCIER.GRAFIT SPOILER 48CM	0	0	kpl.	8,49	10,44		
 	towar	420824	MOT-WYCIER.GRAFIT SPOILER 45CM	0	0	kpl.	7,49	9,21		
 	towar	OLEJ MOTORCRAFT/5	MOTORCRAFT XR Olej syntn.5W30 913c 5 L	0	0	szt.	0	0	Galon Oleje ,olej do sam.	
 	towar	EC 192/5	MotorCleaner 5 l.Alkaiczny prep. do mycia silników	0	0	szt.	0	0	1:20 1:30	
 	towar	EC 191/1	MotorCleaner 1l. Alkaiczny prep. do mycia silników	0	0	szt.	0	0		
 	towar	MF/5	MOTOR FRESH 5L	0	0	szt.	135,77	167	preparat do konserwacji silnika	
 	towar	MF/1	MOTOR FRESH 1L	0	0	szt.	39,84	49		
 	towar	51269	MOTOR CLEANER 325 ML	0	0	szt.	4,8	5,9		
 	towar	A15/20	MOSQUITOS 20 L	0	0	szt.	193,66	238,2	wycofany, usuwanie owadów	3402 20 90
 	towar	A15/1S	MOSQUITOS 1 L 	0	0	szt.	23,69	29,14	uwsuwanie owadów	3402 20 90
 	towar	11626	MOPY- QUADRI	0	0	szt.	2,9	3,57	kratka, wiskoza 80 %	
 	towar	MMLEW 4	MOP-MIKROFAZA R2 40 CM	0	0	szt.	15,99	19,67	kieszeń, linia ekonomiczna	
 	towar	MP/50	MOP-MIKROFAZA 50 CM	0	0	szt.	0	0	Firma handlowa Morawski, 2- oczka	
 	towar	MM/40	MOP-MIKROFAZA 40 CM	0	0	szt.	0	0	Morawski	
 	towar	MM40	MOP Z MIKROFIBRY - SPEEDY	0	0	szt.	0	0		
 	towar	YORK/RUBI	MOP YORK RUBI MIKROFIBRA - KOŃCÓWKA	0	0	szt.	0	0	YORK RUBI MIKROFIBRA, ZAPAS KOŃCÓWKA	
 	towar	M/TOP/Z	MOP TOP - Zapas	0	0	szt.	0	0		
 	towar	M/TOP	MOP TOP 	0	0	szt.	0	0	Mop na kiju piankowy do podłogi z wyciskaczem	
 	towar	MMGLET520	MOP TES MIKRO-GRUNT 40 CM	0	0	szt.	30,68	37,74	linia standart	
 	towar	MOP/3	MOP SZNURKOWY - ZAPAS	0	0	szt.	0	0		
 	towar	MS	Mop sznurkowy	0	0	szt.	0	0		
 	towar	7704	MOP SALSA	0	0	szt.	0	0	Jack, mikrofibra-spódnica	
 	towar	11596	MOP- RITORTO 180 G	0	0	szt.	0	0	180 gram, biały	
 	towar	MR140	MOP- RITORTO 140G	0	0	szt.	0	0	Kod: 11601	
 	towar	11599	MOP- RITORTO 	0	0	szt.	0	0	200 gram 	
 	towar	M/R	MOP- RICAMBIO 200G	0	0	szt.	0	0	BARWA,bawełna; kolor	
 	towar	8122	MOP PŁASKI ZE SPRYSKIWACZEM	0	0	szt.	0	0	JACK	
 	towar	11356	MOP PŁASKI- ZAPAS NIEBIESKI	0	0	szt.	3	3,69		
 	towar	MP/S	MOP PŁASKI SPRAY	0	0	szt.	0	0	LIDL	
 	towar	11355	MOP PŁASKI NIEBIESKI	0	0	szt.	9,3	11,44	4003	
 	towar	MK/50	MOP PŁASKI KIESZEŃ 50CM	0	0	szt.	0	0	bawełna	
 	towar	MP/50M	MOP PŁASKI 50 CM MIKROFAZA	0	0	szt.	0	0	Multichem , uniwersalny	
 	towar	MP/50K	MOP PŁASKI 50 CM 	0	0	szt.	0	0	bwełna , uniwersalny- cięta pętelka, kieszeń	
 	towar	MP/40	MOP PŁASKI 40 CM BAWEŁNA - UNIWERSALNY	0	0	szt.	0	0	Multichem	
 	towar	11358	MOP PŁASKI - ZAPAS CZERWONY	0	0	szt.	4	4,92		
 	towar	MOP/MASTER VIGOR	MOP PASKI MIKROFIBRA MASTER VIGOR	0	0	szt.	0	0		
 	towar	MOP PAROWY	MOP PAROWY	0	0	szt.	0	0	Lidl	
 	towar	MOP/SUKIENKA	MOP mikrofibra żółta SUKIENKA	0	0	szt.	0	0	mikrofibra -sukienka	
 	towar	MOP/GOSIA	MOP mikrofibra żółta GOSIA	0	0	szt.	0	0	mikrofibra -spódnica	
 	towar	MMLET420	MOP MIKROFAZA TES 40 CM	0	0	szt.	17,83	21,93	2 oczka ,linia ekonomiczna mikrofaza R2 TES	
 	towar	MM/50	MOP- MIKROFAZA 50 CM	0	0	szt.	0	0	Morawski	
 	towar	11660	MOP KOLOR - EDEL BLUE	0	0	kpl.	12,5	15,38	190gr x 3 szt, kratka	
 	towar	7800	MOP BIANCO XXL	0	0	szt.	0	0	Jack ; 170g	
 	towar	MB/300	MOP BIAŁY	0	0	szt.	5,25	6,46	300 gr., bawełna	
 	towar	11658	MOP BAWEŁNA 250 KOLOR	0	0	szt.	4,7	5,78		
 	towar	MOP K/200 BAWEŁNA	MOP BAWEŁNA 200 G	0	0	szt.	0	0	CEHMDOM, sznurkowy(magnum)	
 	towar	11659	MOP BAWEŁNA - BLUE	0	0	szt.	5,3	6,52	300 gr	
 	towar	MK/450	MOP - SZNURKOWY 450G	0	0	szt.	25,46	31,32	bawełna	
 	towar	MK/350	MOP - SZNURKOWY 350G	0	0	szt.	21,9	26,94	bawełna, niebieska	
 	towar	1552/450	MOP - SZNURKOWY - 450 G	0	0	szt.	22,48	27,65	zszyty	
 	towar	M/R300	MOP - RICAMBIO 300G 	0	0	szt.	0	0	ENERGOUTIL,zakup 7,29 zł. netto -MULTICHEM,KOLOR EDEL BLUE KOD: 11659 ANEKS	
 	towar	M/R250	MOP - RICAMBIO 250G	0	0	szt.	1,97	2,42	bawełna kolor	
 	towar	MOP	MOP  PODŁOGOWY Z WIADREM 	0	0	szt.	0	0		
 	towar	MT5P20	MOP - PŁASKI 50CM	0	0	szt.	35,41	43,55	Bawełna,2-oczka,cięta/ pętelka	
 	towar	MT5PC	MOP - PŁASKI 50 cm	0	0	szt.	33,91	41,71	cięty/pętelka,	
 	towar	MT4P20	MOP - PŁASKI 40 cm	0	0	szt.	29,21	35,93	2-OCZKA,pętelka , uniwersalny	
 	towar	MT1420	MOP - PŁASKI  S14  40CM	0	0	szt.	19,95	24,54	2-OCZKA,ciety/pętelka,Bawełna	
 	towar	MT4PC	MOP - PŁASKI  40 cm	0	0	szt.	28,53	35,09	pętelka,bawełna	
 	towar	MYMG3N	MOP - MIKRO-GRUNT 30 CM	0	0	szt.	29,2	35,92	PASKI, nieobszyty	
 	towar	MMLST520	MOP - MIKROFAZA TES 2 OCZKA 50CM 	0	0	szt.	36,73	45,18		
 	towar	MMLST420	MOP - MIKROFAZA TES 2 OCZKA 40CM 	0	0	szt.	35,48	43,64	mop linia stoandard mikrof. TES 2 ocZka 40 cm POPRAWNY KOD TO:MMK40 	
 	towar	MMT520	MOP - MIKROFAZA 50 CM	0	0	szt.	42,29	52,02	2 - OCZKA	
 	towar	MMT40	MOP - MIKROFAZA 40 cm	0	0	szt.	32,05	39,42	BIAŁA, 	
 	towar	MMK40	MOP-  MIKROFAZA 40 CM	0	0	szt.	35,48	43,64	KOMBI,biała,z tasiemką,PREMIUM  	
 	towar	MMT420	MOP-  MIKROFAZA 40 CM 	0	0	szt.	33,86	41,65	2-OCZKA	
 	towar	MYM3N	MOP - MIKROFAZA 30 CM	0	0	szt.	21,32	26,22	BIAŁY, nieobszyty	
 	towar	MMGT40	MOP - MIKROFAZA - GRUNT 40 CM	0	0	szt.	40,79	50,17		
 	towar	MT1520	MOP - BAWEŁNA TES 50 CM	0	0	szt.	24,95	30,69	2-oczka, linia ekonomiczna włóknina przędza ecru(aktualny kod:  MLET520)	
 	towar	MLET520	MOP - BAWEŁNA TES 50 CM	0	0	szt.	21,04	25,88	2-oczka, linia ekonomiczna włóknina przędza ecru(aktualny kod:  MLET520)	
 	towar	MK14	MOP -  KOMBI S14  40 CM	0	0	szt.	19,7	24,23	KOMBI,pętelka, z tasiemką	
 	towar	MK4PCE	MOP -  KOMBI ESTETIC 40 cm	0	0	szt.	29,84	36,7	KOMBI,cięty/pętelka,z tasiemką- SZARY	
 	usługa	MONTAŻ	Montaż pojemników i dozowników 	0	0	szt.	0	0		
 	towar	MONO TRUCK/5	MONO TRUCK 5 L	0	0	szt.	0	0	wycofany	
 	towar	F06/20	MONO TRUCK 20 L 	0	0	szt.	465,37	572,41	aktywna piana - mycie każdego rodzaju karoserii.	3402 20 90
 	towar	F06/1	MONO TRUCK 1L	0	0	szt.	22,89	28,15		3402 20 90
 	usługa	MSA	MONITOROWANIE SYGNAŁÓW ALARMOWYCH	0	0	szt.	0	0	Grudzień  2011r.	
 	towar	MON LI92WS	MONITOR LCD LI92WS LG	0	0	szt.	0	0		
 	towar	19-108	MOJE AUTO SMOŁA I ŻYWICA 200 ML	0	0	szt.	0	0	MOJE AUTO	
 	towar	MAPSPRĘŻ	MOJE AUTO PROFESSIONAL SPRĘŻONE POWIETRZE 600ML	0	0	szt.	0	0	ZAMRAŻACZ	
 	towar	MAPSMARSIL	MOJE AUTO PROFESSIONAL SMAR SILIKINOWY W TUBCE 50G	0	0	szt.	0	0		
 	towar	20-A32	MOJE AUTO PROFESSIONAL ENGINE CLEANER 1L	0	0	szt.	0	0		
 	towar	20-A22	MOJE AUTO PROFESSIONAL CZYSZCZENIE EGR TURBO 400ML	0	0	szt.	0	0		
 	towar	19-002/750ML	MOJE AUTO KOKPIT PROTECTANT MAT 750ML	0	0	szt.	0	0	NOWA POJEMNOŚĆ 750ML MOJE AUTO	
 	towar	19-002	MOJE AUTO KOKPIT PROTECTANT MAT 650ML	0	0	szt.	0	0	MOJE AUTO	
 	towar	19-035	MOJE AUTO KLIMATYZACJA 300 ML	0	0	szt.	0	0	MOJE AUTO	
 	towar	MOJE AUTO/ DEPRESATO	MOJE AUTO DEPRESATOR DIESLA -40 500ml	0	0	szt.	0	0		
 	towar	6.508.0050	MOCOWANIE PADA Z BLOKADĄ N/D	0	0	szt.	109	134,07	Lavor	
 	towar	MOCCA CREM/5	MOCCA CREM DO MYCIA RĄK 5L	0	0	szt.	0	0	Ecochem	
 	towar	MSO	Mobilny System Oprysku wg projektu dla klienta ind	0	0	szt.	0	0		
 	towar	MOBILE TOILET/5	MOBILE TOILET 5 L	0	0	szt.	0	0	Agachem	
 	towar	MOBIL T	MOBILE TOILET 2 L.	0	0	szt.	0	0		
 	towar	MOBIL SUPER(1)	MOBIL SUPER 3000 XI5W40 1 L	0	0	szt.	0	0	Groszek	
 	towar	MOBIL SUPER	MOBIL SUPER 3000 XI5W30 1 L	0	0	szt.	0	0	Groszek	
 	towar	MOBIL SUPER/2000	MOBIL SUPER 2000 XI10W40 1 L	0	0	szt.	0	0	Groszek, Diesel	
 	towar	ANTY KUNA	Mobil medic ANTY KUNA 300 ml	0	0	szt.	0	0		
 	towar	5716	MLECZKO POLERSKIE DELIKATNE M-02	0	0	szt.	20,16	24,8		
 	towar	GP24388	Mleczko do tapicerki skórzanej GRAND PRIX	0	0	szt.	6,87	8,45	Bottari	
 	towar	291.141 (PROMOCJA)	MLECZKO DO SKÓRY 250ML	0	0	szt.	19,98	24,58	PRMOCJA	
 	towar	291.141	MLECZKO DO SKÓRY 250ML	0	0	szt.	19,98	24,58		3405 10 00
 	towar	BOLL	MLECZKO DO NABŁYSZCZANIA B300- 250 ML	0	0	szt.	10	12,3	K2	
 	towar	BK98131	Mleczko do kokpitu 500 ml GP GRAND PRIX 	0	0	szt.	5,54	6,81	Bottari , PET	
 	towar	MCZ/750	MLECZKO DO CZYSZCZENIA 750ML	0	0	szt.	0	0	FINE DREAM	
 	towar	FILIP	MLECZKO DO CZYSZCZENIA 700ML.	0	0	szt.	0	0	FILIP	
 	towar	MLECZKO	MLECZKO DO CZYSZCZENIA 700ML	0	0	szt.	0	0	GIGUŚ	
 	towar	MDC/500	MLECZKO DO CZYSZCZENIA - 500ML	0	0	szt.	0	0	BARWA,CIF, MORS	
 	towar	MISKA	MISKA OKRĄGŁA 46 CM	0	0	szt.	0	0	Jack	
 	towar	MM500	MIRACLE MIST 500ML	0	0	szt.	6	7,38	KEMKO,Plyn do czyszczenia kokpitu	
 	towar	MU/120	MIOTŁA UNIWERSALNA + TRZONEK 120CM	0	0	szt.	0	0		
 	towar	MIOT	MIOTŁA TURBOPROFI 	0	0	szt.	0	0		
 	towar	0025	MIOTŁA TURBO PROFI Z KIJEM	0	0	szt.	0	0		
 	towar	A 09-322	MIOTŁA NYLON "SUPPER" KPL.	0	0	szt.	0	0	Crawtico 	
 	towar	A 09-222	MIOTŁA NYLON "MAXI" KPL.	0	0	szt.	0	0	Crawtico	
 	towar	14226	MIOTŁA MAGAZYNOWA 60CM	0	0	szt.	0	0	OMAK	
 	towar	4097	MIOTŁA MAGAZYNOWA 60CM	0	0	szt.	0	0	Jack	
 	towar	4067	MIOTŁA MAGAZYNOWA 40CM	0	0	szt.	0	0		
 	towar	 MIOTŁA	MIOTŁA LAURA	0	0	szt.	0	0	Jack	
 	towar	5130	MIOTŁA GUMOWA Z TRZONKIEM TELESKOPOWYM	0	0	szt.	0	0	Jack	
 	towar	11264	MIOTŁA EUROPA BLAK ULICZNA	0	0	szt.	0	0	ART.023	
 	towar	MD/100	MIOTŁA DREWNIANA 100CM	0	0	szt.	0	0	Multichem	
 	towar	MB	MIOTŁA BRZOZOWA	0	0	szt.	0	0		
 	towar	64040	MIOTŁA - ZUZA	0	0	szt.	3,53	4,34	25 cm, biało-czarna	
 	towar	11333	MIOTŁA - VICTORIA	0	0	szt.	0	0	drewno, ciemne włosie	
 	towar	MU/40	MIOTŁA - ULICOWA 40CM	0	0	szt.	0	0	JACK,zielona	
 	towar	54150	MIOTŁA - SORGO 	0	0	szt.	15,3	18,82	EURO SYSTEM	
 	towar	11320	MIOTŁA - SAETLA	0	0	szt.	7,35	9,04	czerwono/żółta	
 	towar	SABRINA	MIOTŁA - SABRINA	0	0	szt.	0	0	BARWA	
 	towar	M/K	Miotła - NYLON + Kij	0	0	szt.	0	0	komplet, Omak	
 	towar	NYLON	MIOTŁA - NYLON 	0	0	szt.	24	29,52	Kwazar	
 	towar	53215	MIOTŁA - NOWA EUROPA	0	0	szt.	8,5	10,46		
 	towar	64030	MIOTŁA - NOVA	0	0	szt.	2,99	3,68	25 cm,plastikowa   	
 	towar	MN/40	MIOTŁA - NATURA 	0	0	szt.	0	0	BARWA,drewniana, 40 CM	
 	towar	11313	MIOTŁA - MIRELLA	0	0	szt.	0	0	drewnopodobna,	
 	towar	11261	MIOTŁA - MINA	0	0	szt.	0	0	ART.007	
 	towar	11336	MIOTŁA-  LOLITA	0	0	szt.	0	0	żółta	
 	towar	11240	MIOTŁA - BRUNITO	0	0	szt.	0	0	drewno, jasne włosie	
 	towar	11257	MIOTŁA -  MARY 	0	0	szt.	0	0	chodnikowa, długie włosie	
 	towar	11332	MIOTŁA -  GALAXI	0	0	szt.	7,35	9,04	srebrna	
 	towar	11253	MIOTŁA -  CARLA	0	0	szt.	5	6,15	czarne włosie	
 	towar	S201	Mini zawór 1/4"	0	0	szt.	0	0		
 	towar	KOMPRESOR	MINI KOMPRESOR 12V	0	0	szt.	0	0		
 	towar	B28042	Mini alkomat z diodami SAFE	0	0	szt.	12,32	15,15	Bottari	
 	towar	P3	MILES DIESEL- 14,99 LITRY	0	0	szt.	0	0		
 	towar	MST	MIKSER STOŻKOWY	0	0	szt.	0	0		
 	towar	MIKSER	MIKSER	0	0	szt.	0	0		
 	towar	MIW	Mikrowyłącznik	0	0	szt.	0	0		
 	towar	M/VS	MIKROPRZEŁĄCZNIK VS15N00-1C	0	0	szt.	0	0		
 	towar	MIK/ULTRA SOFT	MIKROFIBRA ULTRA -SOFT 	0	0	szt.	12,38	15,23	Cartec, 40x40 cm, kolor- biały ,żółty,zielony fioletowy, szary ZAKUP 8,66zł netto	
 	towar	MIK/ POLISHING BLUE	MIKROFIBRA POLISHING BLUE	0	0	szt.	11,02	13,55	Cartec -niebieska 40x40 5pcs	
 	towar	451.200	MIKROFIBRA PLUS DO OSUSZANIA 80X50 CM	0	0	szt.	64,5	79,34		
 	towar	451.200(P)	MIKROFIBRA PLUS DO OSUSZANIA 80X50 CM	0	0	szt.	64,5	79,34	PROMOCJA	
 	towar	MIK/ FLUFFY DRYER	MIKROFIBRA FLUFFY DRYER 90x60cm	0	0	szt.	0	0	GALON, ADBL	
 	towar	D0220	MIKROFIBRA FLOSSY PRO 90x60/800	0	0	szt.	26,8	32,96	K2, FLOSSY	
 	towar	416.800	MIKROFIBRA DO TKANIN I SKÓRY 	0	0	szt.	18,12	22,29	40x40	6307 10 90
 	towar	450.941	MIKROFIBRA DO SZYB I WNĘTRZA - ZIELONA- 3 szt.	0	0	szt.	38,44	47,28	WYCOFANA INFO 15.02.2024 50x60 	
 	towar	416.541	MIKROFIBRA DO SZYB I WNĘTRZA - ZIELONA- 2 szt.	0	0	szt.	16,48	20,27	WYCOFANA 24.07.2024	6307 10 90
 	towar	498.441	MIKROFIBRA DO SZYB I WNĘTRZA - ZIELONA - 2 szt.	0	0	szt.	19,99	24,59	38x38cm	6307 10 90
 	towar	416.500	MIKROFIBRA DO SZYB -  1szt  	0	0	szt.	8,99	11,06	ZIELONA 	6307 10 90
 	towar	MIK/BLUE -YOLLOW	MIKROFIBRA BLUE-YELLOW  80X50	0	0	szt.	32,44	39,9	Cartec, wycofane	
 	towar	MIKROFIBRA/N	MIKROFIBRA - NERTA	0	0	szt.	0	0	Maxi Dry Towel 60x90 cm	6307 10 90
 	towar	M435	MIKROFIBRA - MOLI	0	0	szt.	16,95	20,85	K2,XXL, 60*60 cm	
 	towar	M433	MIKROFIBRA - MOLI	0	0	szt.	7,2	8,86	40x40	
 	towar	M434	MIKROFIBRA - KING	0	0	szt.	14,45	17,77	K2,40*60CM, 500g/m , gruba	
 	towar	L430	MIKROFIBRA - BONA	0	0	szt.	7,89	9,7	K2, Mikrowłókno rozm 40x40cm, do czyszczenia, polerowania i osuszania, idealnie usuwa resztki materiałów polerskich i brud 	
 	towar	414.000	Mikrofaza z woskiem	0	0	szt.	8,89	10,93		
 	towar	1061	Miedź w sprayu 400ml	0	0	szt.	0	0	odporność -35`C do +1100`C	
 	towar	W122	MIEDŹ SPRAY 400ML	0	0	szt.	11,75	14,45	K2, 12k	
 	towar	AP632	MH-045 Mycie elewacji 5 l	0	0	szt.	113,55	139,67		
 	towar	AP631	MH-045 Mycie elewacji 1 l	0	0	szt.	21,21	26,09		
 	towar	327.200	METALICZNY LAKIER DO FELG 400ML	0	0	szt.	12,5	15,38	wycofany	
 	towar	G7014	MEGUIARS GOLD CLASS CARNAUBA WAX 311 G 	0	0	szt.	0	0	Galon Oleje	
 	towar	MEGUIARS -NIE	MEGUIARS GOLD CLASS CARNAUBA 473ml WOSK W MLECZKU	0	0	szt.	90,9	111,81		
 	towar	MEGA WASH 5L	MEGA WASH 5l	0	0	szt.	0	0		
 	towar	B167	MEGA TANK 28G	0	0	szt.	8,95	11,01		
 	towar	B110N	MEGA MIRROR - KLEJ DO LUSTEREK 6ML	0	0	szt.	5,65	6,95		
 	towar	MEGA FOAM CLEANER	MEGA FOAM  CLEANER 5 L	0	0	szt.	95	116,85	silnie alkaiczny, pianowy produkt do mycia budynków inwentarskich	3402 90 90
 	towar	MEGA FOAM CLEANER(1)	MEGA FOAM  CLEANER 1 l	0	0	szt.	95	116,85	silnie alkaiczny, pianowy produkt do mycia budynków inwentarskich	3402 90 90
 	towar	SCMG/10	MEGA CLEANER 10KG	0	0	szt.	80	98,4	Truck Clean Intensiv	
 	towar	B320	MEGA BOND 70G 	0	0	szt.	8,95	11,01	K2; stalowa plastelina	
 	towar	AP542	MC-600 Mycie silników 5 l	0	0	szt.	0	0		
 	towar	AP541	MC-600 Mycie silników 1 l	0	0	szt.	12,05	14,82		
 	towar	SH522	MAXI CLEANER 5 L	0	0	szt.	0	0		
 	towar	SH 523	Maxi Cleaner 10 l	0	0	szt.	0	0		
 	towar	A-40 MP	MAX POWDER Z- 25KG	0	0	szt.	363,3	446,86	wycofany, proszek; bieżące mycie samochodów -mycie ciśnieniowe	
 	towar	08809001	MATIC 80W90 GL-4 1L	0	0	szt.	10,9	13,41	K2,mineralny olej przekładniowy 	
 	towar	08759001	MATIC 75W90 GL-5 1L	0	0	szt.	17,95	22,08	K2,syntetyczny olej przekładniowy 	
 	towar	MATERAC	MATERAC ALL RIDE	0	0	szt.	0	0		
 	towar	117 P	MATA UNIWERSALNA	0	0	szt.	2,77	3,41		
 	towar	S/MATA	MATA NA PRZEDNIĄ SZYBĘ	0	0	szt.	0	0		
 	towar	0696	MATA ANTYPOŚLIZGOWA SL.	0	0	szt.	0	0		
 	towar	MASZYNKA 	MASZYNKA DO MIĘSA	0	0	szt.	0	0		
 	towar	MASTER1	MASTER BLP 30 M	0	0	szt.	0	0	gazowa nagrzewnica powietrza	
 	towar	MASTER/35	MASTER B 35 CED	0	0	szt.	0	0	olejowa nagrzewnica powietrza	
 	towar	MASTER	MASTER B 3,3 EPA 	0	0	szt.	0	0		
 	towar	MASTER/150	MASTER B 150 CED	0	0	szt.	0	0	olejowa nagrzewnica powietrza	
 	towar	MASTER B	MASTER B 100 CED	0	0	szt.	0	0	olejowa nagrzewnica powietrza	
 	towar	MASKA	MASKA HIGIENICZNA	0	0	szt.	0	0	kom. 10 szt.	
 	towar	MASECZKA/3W	MASECZKA MEDYCZNA OCHRONNA  -3 WARSTWOWA	0	0	szt.	0	0		
 	towar	6619 6001	MASA ZAB. KAROS. CZAR. 500ML L260	0	0	szt.	0	0	Forch Polska	
 	towar	KENT/34502	MASA USZCZELNIAJĄCA QUICK SEAL SZARA 290ML	0	0	szt.	0	0		3214 10 10
 	towar	KR0605015	MASA USZCZELNIAJĄCA NEUTRALNA CZERWONA 200ML	0	0	szt.	0	0	KRYPTON	3214 10 10
 	towar	6610 6001	MASA OCHR.ZAB. KAROS. CZAR. L260 500 ML	0	0	szt.	0	0	Forch	
 	towar	450.205	MASA CZYSZCZĄCA 200g.	0	0	szt.	81	99,63	35% ; niebieska                                 35%; niebieska  	
 	towar	MR/200	MARRIS 200ML	0	0	szt.	7,95	9,78	odplamiacz	3402 13 00
 	towar	SOKR410131	MANSZETA 18*26*5,5/3	0	0	szt.	0	0		
 	towar	SOKR41013	MANSZETA 18*26*4/2	0	0	szt.	0	0		
 	towar	MDR	MANOMETR DO ROZPYLACZA	0	0	szt.	30,3	37,27		
 	towar	0202407020	Manometr D.50 0-315 bar 1/4" M Back	0	0	szt.	0	0		
 	towar	0202407019	Manometr D.50 0-250 bar 1/4" M Back	0	0	szt.	0	0		
 	towar	MR	Manometr	0	0	szt.	0	0		
 	towar	MR/1	Manometr	0	0	szt.	0	0		
 	towar	HR801/5	Manhatan 5 l. Mycie elewacji 	0	0	szt.	0	0	kon. 1 l płynu na 5 l wody, Mycie tynków mineralnychsilikatowych, elewacji z tworzyw sztucznych	
 	towar	MAKSOR	MAGNETYZER SAMOCHODOWY MAKSOR SPORT	0	0	szt.	153,08	188,29		
 	towar	MI-O	MAGNETYZER MI-O	0	0	szt.	128,3	138,56		
 	towar	6CN	MAGNETYZER MAP 6CN	0	0	szt.	86,25	106,09		
 	towar	12G	MAGNETYZER MAP 12G	0	0	szt.	160,25	197,11		
 	towar	CAR 50	MAGNETYZER CAR 50	0	0	szt.	112,81	138,76		
 	towar	L-2	MAC.tutto color ZŁOTY-SREBRNY	0	0	szt.	7,28	8,95		
 	towar	L-1	MAC.tutto color AKRYL UNIWERSALNY	0	0	szt.	6,46	7,95		
 	towar	L-3	MAC.OXIFER-ef.starego żelaza	0	0	szt.	15,35	18,88		
 	towar	ŁOŻYSKO S	ŁOŻYSKO STOŻKOWE 30x72x20,7 (14)	0	0	szt.	0	0	kraenzle quadro przód silnika	
 	towar	ŁOŻYSKO S 1	ŁOŻYSKO STOŻKOWE 20X52X16,2(13)	0	0	szt.	0	0	KRANZLE K105-155	
 	towar	ŁOŻYSKO K	ŁOŻYSKO KULKOWE 30x62x16	0	0	szt.	0	0	KRAENZLE QUADRO TYŁ SILNIKA	
 	towar	ŁOŻ/K	ŁOŻYSKO KRZYWKI	0	0	szt.	0	0	Q 800-1200	
 	towar	46543	ŁOŻYSKO KRZYWKI	0	0	szt.	277,92	341,84	kpl.	
 	towar	ŁO	Łożysko	0	0	szt.	0	0		
 	towar	ŁOŻYSKA WAŁU KOR.	ŁOŻYSKA WAŁU KORBOWEGO	0	0	szt.	0	0	6305.2RSR	
 	towar	W1	Łoże zaworu  W1	0	0	szt.	0	0		
 	towar	ŁOREG	ŁOPATKA REG. (22)	0	0	szt.	0	0		
 	towar	ŁDŚ	ŁOPATA DO ŚNIEGU KWAZAR	0	0	szt.	57,65	70,91	pomarańczowa ,WGS.0908, ZAKUP NASZ NA 2024 R. - 44,96 NETTO	
 	towar	ŁOŚD/NIE	ŁOPATA DO ŚNIEGU DŁUGA	0	0	szt.	0	0	CENA ZA 1 SZT 66,70 NETTO	
 	towar	ŁDŚG	ŁOPATA DO ŚNIEGU ALUMINIOWA KWAZAR	0	0	szt.	74	91,02	głęboka	
 	towar	ŁDŚP	ŁOPATA DO ŚNIEGU ALUMINIOWA KWAZAR	0	0	szt.	62	76,26	płytka	
 	towar	B32325	ŁOPATA DO ŚNIEGU - ROZKŁADANA - czerwona	0	0	szt.	0	0	BOTTARI	
 	towar	B32326	ŁOPATA DO ŚNIEGU - ROZKŁADANA - czarna	0	0	szt.	0	0	BOTTARI	
 	towar	ŁOŚ	ŁOPATA DO ŚNIEGU	0	0	szt.	0	0	plastikowa	
 	towar	ŁOD	ŁOPATA DO ŚNIEGU	0	0	szt.	0	0	drewniana	
 	towar	WA-12PW	ŁĄCZNIK	0	0	szt.	0	0		
 	towar	B30089	Ładowarka ze złącz Lightning do iphone5USB-BULLET 	0	0	szt.	13,47	16,57	Bottari,12v/24v	
 	towar	ŁADOWARKA SIECIOWA	ŁADOWARKA SIECIOWA	0	0	szt.	0	0	USBX1  2,4 Amax(szybkie ładowanie)	
 	towar	B30101	Ładowarka samochodowa USB 1A tel. kom. ,MP3/MP4	0	0	szt.	7,84	9,64	Bottari	
 	towar	AMIO2	ŁADOWARKA SAMOCHODOWA USB 	0	0	szt.	0	0	2.1A 01027 AMINO	
 	towar	ŁADOWARKA/1	ŁADOWARKA SAMOCHODOWA 2 X USB	0	0	szt.	0	0	PEPCO	
 	towar	B30106	Ładowarka samochodowa  USB.	0	0	szt.	10,69	13,15	Bottari, Auto Play -MICRO 1265	
 	towar	ŁADOWARKA	ŁADOWARKA DO OPRYSKIWACZA ZEUS/NEPTUN	0	0	szt.	0	0	230V 12V/1,5A	
 	towar	002650	LUSTERKO SZER. KĄT MOCO. ŻABKA 21065	0	0	szt.	0	0		
 	towar	LUDWIK/900 ML	LUDWIK 900 ML- Plyndo naczyń	0	0	szt.	0	0		
 	towar	LUDWIK/450 ML	LUDWIK 450 ML- Plyndo naczyń	0	0	szt.	0	0		
 	towar	SC15200/10	LOTUSCARE BRILLANT T-SPEZIAL 10KG	0	0	szt.	220	270,6	wosk osuszająco-nabłyszczający	
 	towar	SC15200/20	LOTUSCARE  20 KG	0	0	szt.	0	0	wosk osuszająco-nabłyszcząjacy	
 	towar	LOKÓWKA	LOKÓWKA REMINGTON	0	0	szt.	0	0		
 	towar	FARBA/DACH	LODZ/LOWICYN SX CZERWONY TLENOWY 5 L RAL 3009	0	0	szt.	0	0	Farba na dach- połysk	
 	towar	31983	Loctitle 3463 Metal-Magic 114g	0	0	szt.	0	0		
 	towar	LOCTITE 7063/400ML	LOCTITE 7063 - 400ML	0	0	szt.	0	0	zmywacz 	
 	towar	LOCTITE 406/20ML	LOCTITE 406 - 20ML	0	0	szt.	0	0		
 	towar	LOCTITE 401/20GR	LOCTITE 401 - 20GR	0	0	szt.	0	0		
 	towar	LOCTITE 3450/25ML	LOCTITE 3450 - 25ML	0	0	szt.	0	0	klej ekopsydowy	
 	towar	LOCTITE 243/10ML	LOCTITE 243 - 10ML	0	0	szt.	0	0	zabezpieczenie gwintów	
 	towar	3334	LM NIEWIDZIALNA RĘKAWICZKA 650 G	0	0	szt.	0	0		
 	towar	42809	LIQUID HARD WAX 500 ML	0	0	szt.	8	9,84		
 	towar	1014/20456	LIQUI MOLY VENTIL SAUBER 150 ML	0	0	szt.	0	0	Dodatek do benzyny, oczyszczacz zaworów, usuwa nagromadzony na zaworach osad, zmniejsza zużycie benzyny, chroni silnik i zawory przed korozją, dodawać przy każdym tankowaniu paliwa	
 	towar	2185	LIQUI MOLY SYSTEMPFLEGE-DIESEL 250 ML	0	0	szt.	29,19	35,9	Środek do ochrony systemu paliwowego. Chroni cały układ paliwowy Common Rail oraz pompowtryskiwacze przed korozją i zużyciem. Podwyższa niezawodność i zapewnia lepsze smarowanie.	
 	towar	2665	LIQUI MOLY SPRAY SILIKONOWY 300ML	0	0	szt.	0	0	ALCAR	
 	towar	5168	LIQUI MOLY PROLINE CZYSZCZ. KOLEKT. DOLOT.400 ML	0	0	szt.	0	0	Preparat do czyszczenia kolektorów dolotowych silników Diesla	
 	towar	5153	LIQUI MOLY PRO-LINE BENZIN REINIGER 500ml.	0	0	szt.	0	0	czyści wtryskiwacze benzyny	
 	towar	2653	LIQUI MOLY MOS2 RESTROSER 600ML	0	0	szt.	0	0	preparat penetrujący - smarujący z dodatkiem MOS2	
 	towar	3391	LIQUI MOLY LM-40 AEROZOL WIELOFUNKCYJNY 400ML	0	0	szt.	0	0	ALCAR, odpowiednik WD-40	
 	towar	2640	LIQUI MOLY ENGINE FLUSH 300 ML	0	0	szt.	27,56	33,9	Dodatek do oleju silnikowego, którego zadaniem jest oczyszczenie elementów układu smarowania z typowych zanieczyszczeń. Regularne stosowanie Engine Flush zapobiega zapiekaniu się pierścieni tłokowych.	
 	towar	2666	LIQUI MOLY DIESEL SPULUNG 500 ML	0	0	szt.	38,94	47,9	oczyszczacz wtryskiwaczy Diesel	
 	towar	2650	LIQUI MOLY DIESEL PART.FILTER SCHUTZ 250 ML	0	0	szt.	31,63	38,9	Dodatek do ochrony filtra DPF zapobiega powstawaniu sadzy, wydłuża żywotność filtra cząstek stałych.	
 	towar	7110	LIQUI MOLY CATALYTIC-SYSTEM CLEAN 300 ML	0	0	szt.	0	0	Oczyszczacz katalizatora, czyści oraz chroni katalizator w autach z silnikiem benzynowym przed zapychaniem sadzą.Oczyszcza zawory oraz komorę spalania. Poprawia spalanie paliwa. Redukuję emisję CO2. Odpowiedni dla wszystkich silników benzynowych z kataliz	
 	towar	5171	LIQUI MOLI  PRO- LINE DPF 500ML. Płyn do płukania 	0	0	szt.	0	0	Płyn do płukania DPF	
 	towar	B18224	Linki elastyczne 80cmx2szt z metalowymi haczykami	0	0	szt.	3,15	3,87	Bottari	
 	towar	B18226	Linki elastyczne 150cmx2szt z metalowymi haczykami	0	0	szt.	3,77	4,64	Botarri	
 	towar	B18225	Linki elastyczne 100cmx2szt z metalowymi haczykami	0	0	szt.	3,27	4,02	Bottari	
 	towar	B28014	Linka taśmowa 1500kg szelkami dłudość 4 m	0	0	szt.	11,57	14,23	Bottari	
 	towar	BP24660	Linka sznurowa 2500 kg - szekle	0	0	szt.	15,16	18,65	Bottari	
 	towar	1012	LINKA HOLOWNICZA UNIW.	0	0	szt.	0	0		
 	towar	LH/1	LINKA HOLOWNICZA 5T. TAŚMA NA HAK	0	0	szt.	0	0		
 	towar	B28006PL	LINKA HOLOWNICZA 3T Z SZELKAMI - 4 M	0	0	szt.	0	0	Bottari	
 	towar	LH/2	Linka holownicza 2500kg	0	0	szt.	0	0		
 	towar	B28001	LINKA HOLOWNICZA 1,5T Z HAKAMI  - 4 M	0	0	szt.	0	0	Bottari	
 	towar	LH	LINKA HOLOWNICZA	0	0	szt.	0	0		
 	towar	B18228	Linka elastyczna pająk 4x60 cm 	0	0	szt.	5,91	7,27	Bottari. z metalowymi haczykami	
 	towar	LIGHT/SAMPOO	LIGHTNING SHAMPOO 5 L	0	0	szt.	72,7	89,42	neutralny szampon do mycia pojazdów	
 	towar	LICENT300X3,6	LICENT TAŚMA KABLOWA CZARNA 300X3,6 '100SZT	0	0	szt.	0	0	OPASKA ZACISKOWA PLASTIKOWA OP'100 SZT	
 	towar	LICENT200X4,8	LICENT TAŚMA KABLOWA CZARNA 200X4,8 '100SZT	0	0	szt.	0	0	OPASKA ZACISKOWA PLASTIKOWA OP'100 SZT	
 	towar	LICENT150X2,5	LICENT TAŚMA KABLOWA CZARNA 150X2,5 '100SZT	0	0	szt.	0	0	OPASKA ZACISKOWA PLASTIKOWA OP'100 SZT	
 	towar	PAR086895	LETNI PŁYN DO SPRYSKIWACZY SUMMER SPRINT 5L	0	0	szt.	5,88	7,23		
 	towar	PAR086895(P)	LETNI PŁYN DO SPRYSKIWACZY SUMMER SPRINT 5L	0	0	szt.	5,88	7,23	PROMOCJA	
 	towar	263.500	LETNI PŁYN DO SPRYSKIWACZY 5L OCEAN 	0	0	szt.	11,56	14,22	wycofany	
 	towar	K525	LETNI PŁYN DO SPRYSKIWACZY 5L	0	0	szt.	5,25	6,46	K2,NANOPRYSK 5L	
 	towar	POPIS	LETNI PŁYN DO SPRYSKIWACZY 5 L POPIS/ 0448	0	0	szt.	0	0		3402 20 90
 	towar	266.405	LETNI PŁYN DO SPRYSKIWACZY 4L- RED SUMMER	0	0	szt.	6,99	8,6	wycofany	
 	towar	263.405	LETNI PŁYN DO SPRYSKIWACZY 4L- OCEAN	0	0	szt.	6,89	8,47	wycofany, gotowy do użycia	
 	towar	272.405	LETNI PŁYN DO SPRYSKIWACZY 4L- NANO PRO	0	0	szt.	8,88	10,92	gotowy do użycia	3402 20 90
 	towar	272.405/ P	LETNI PŁYN DO SPRYSKIWACZY 4L NANO PRO	0	0	szt.	8,88	10,92	PROMOCJA	3402 20 90
 	towar	261.405	LETNI PŁYN DO SPRYSKIWACZY 4L- JABŁKOWY	0	0	szt.	6,89	8,47	Wycofany, gotowy do użycia	3402 20 90
 	towar	264.405	LETNI PŁYN DO SPRYSKIWACZY 4L INSPIRATIONS	0	0	szt.	5,99	7,37	wycofany 	
 	towar	265.405	LETNI PŁYN DO SPRYSKIWACZY 4L ENERGY	0	0	szt.	5,99	7,37	wycofany 	
 	towar	387.405	LETNI PŁYN DO SPRYSKIWACZY 4L - TROPICAL SUN 	0	0	szt.	6,89	8,47	wycofany	
 	towar	388.405	LETNI PŁYN DO SPRYSKIWACZY 4L - OCEAN	0	0	szt.	7,68	9,45		
 	towar	388.405(1)	LETNI PŁYN DO SPRYSKIWACZY 4L - OCEAN	0	0	szt.	7,48	9,2	PROMOCJA	
 	towar	260.405	LETNI PŁYN DO SPRYSKIWACZY 4L - CYTRYNOWY	0	0	szt.	7,68	9,45	gotowy do użycia	3402 20 90
 	towar	260.405(P)	LETNI PŁYN DO SPRYSKIWACZY 4L - CYTRYNOWY	0	0	szt.	7,68	9,45	gotowy do użycia, PROMOCJA	3402 20 90
 	towar	LP1000	LETNI PŁYN DO SPRYSKIWACZY 1000L 	0	0	szt.	0	0	LIBERIX	
 	towar	LPR50000/5	LETNI PŁYN DO SPRYSKIWACZY - 5L 	0	0	szt.	4,65	5,72	PHENIX,gotowy do użytku	
 	towar	K205	LETAN FOAM 200ML - pianka do skór	0	0	szt.	9,9	12,18		
 	towar	K204	LETAN CLEANER 250 ML	0	0	szt.	9,79	12,04	K2, do czyszczenia skór	
 	towar	K202	LETAN 200 G	0	0	szt.	7,35	9,04	K2. konserwuję , czyści skóre	
 	towar	SC3109/30	LERASEPT SPEZIAL 30L	0	0	szt.	350	378	preparat dezynfekujący	
 	towar	SC3109/10	LERASEPT SPEZIAL 10 KG	0	0	szt.	101,75	125,15	środek dezynfekujący do mycia pianowego, działanie w niskich temp.na drobnoustroje	
 	towar	SCLF/10	LERASEPT FORTE 10KG	0	0	szt.	170	209,1	środek dezynfekujący do mycia pianowego, biobójczy tj. grzyby, bakterie itp	
 	towar	SC320/10	LERAPUR GLAREINIGER 10L	0	0	szt.	88,8	109,22	płyn do szyb 	
 	towar	SC3266/22	LERADES CSR 102 - 22KG	0	0	szt.	162,8	175,82	środek alkaiczny do mycia pianowego z chlorem; przemysł spożywczy	
 	towar	496.300	LEJEK-SONAX	0	0	szt.	0	0		
 	towar	LEJEK/1	LEJEK DO PALIWA	0	0	szt.	0	0		
 	towar	LEJEK	LEJEK	0	0	szt.	0	0		
 	towar	W59/600	LEDER SHINE GT 600 ML	0	0	szt.	30,36	37,34	wycofany	
 	towar	W60/600	LEDER PROT GT 600 ML	0	0	szt.	63,28	77,83	wycofany,   Impregnacja hydrofobowa	
 	towar	W55/600	LEDER CREAM GT 600 ML	0	0	szt.	56,5	69,5		3405 10 00
 	towar	F13/001	LEDER CREAM GT 1L	0	0	szt.	72,15	88,74	wycofany, zabezpieczenie, impregnacja skóry	3405 10 00
 	towar	Q-55	LEDER CREAM 500 ML	0	0	szt.	41,24	50,73	wycofany, Zabezpieczenie i impregnacja skóry	3405 10 00
 	towar	Q-55/025	LEDER CREAM 250 ML	0	0	szt.	41,24	50,73	wycofany, Zabezpieczenie i impregnacja skóry	3405 10 00
 	towar	W77/600	LEDER CLEAN K 600 ML	0	0	szt.	23,72	29,18	doczszczanie wyrobów ze skóry licowej i lakierowanej ,koncentrat Leder clean GT 0,6ML - cennik: 16,48zł netto / detal: 17,88zł netto	3402 20 90
 	towar	F11/1S	LEDER CLEAN GT 1 L 	0	0	szt.	16,13	19,84	wycofany,  spray	3402 20 90
 	towar	W53	LEDER CLEAN GT  600 ML	0	0	szt.	20,67	25,42		
 	towar	T-41/5	LEDER CLEAN 5L	0	0	szt.	0	0	wycofany, do mycia skóry	3402 20 90
 	towar	T-41/1	LEDER CLEAN 1L GT	0	0	szt.	15,36	18,89	stary, do mycia skóry	3402 20 90
 	towar	F10/1	LEDER CLEAN 1L	0	0	szt.	20,41	25,1	wycofany,  koncentrat,mycie skóry	3402 20 90
 	towar	T-41/10	LEDER CLEAN 10L	0	0	szt.	0	0	do mycia skóry	3402 20 90
 	towar	W54/600	LEDER CARE GT 600 ML	0	0	szt.	36,36	44,72		3402 20 90
 	towar	Q-54	LEDER CARE GT 500 ML	0	0	szt.	22,67	27,88	wycofany	3402 20 90
 	towar	Q-31	LEDER CARE GT 450 ML	0	0	szt.	26,75	32,9	wycofany	3402 20 90
 	towar	T40/5	LEDER CARE 5L	0	0	szt.	0	0	wycofany	3402 20 90
 	towar	F12/1	LEDER CARE 1L	0	0	szt.	36,34	44,7	wycofany, do konserwacji skóry	3402 20 90
 	towar	LP500	LEATHER PROTECTOR 500ML	0	0	szt.	10,6	13,04	KEMKO,do nawilżania skóry, 	
 	towar	LP100	LEATHER PROTECTOR 100ML	0	0	szt.	5,69	7	KEMKO,Mleczko do konserwacji skóry	
 	towar	K201	LEATHER CONDITIONING 221ML 	0	0	szt.	24,7	30,38		
 	towar	LEATHER/0,5	LEATHER BALM/0,5	0	0	szt.	25,4	31,24	preparat do konserwacji skóry	3405 10 00
 	towar	SZOROWARKA	Lavor Szorowarka Sprinter / 8.501.0501/8.501.0525	0	0	szt.	0	0		
 	towar	94-024	LATARKA Z BATERIAMI 9 LED ALUMINIOWA	0	0	szt.	0	0		
 	towar	RING/LAT	LATARKA WARSZTATOWA LED	0	0	szt.	0	0		
 	towar	25 C	LATARKA SAMOCHODOWA AKUMULATOROWA	0	0	szt.	21,85	26,88		
 	towar	016	LATARKA CZTEROFUNKCYJNA	0	0	szt.	9,67	11,89		
 	towar	856829	LATARKA	0	0	szt.	0	0	Auchan	
 	towar	LAPIS	Lanca, pistolet	0	0	szt.	0	0		
 	towar	LDT	Lanca, Dysza Turbo 	0	0	kpl.	0	0		
 	towar	LDSP	Lanca, dysza strumienia wody, pistolet	0	0	kpl.	0	0		
 	towar	LDO	Lanca, dysza strumienia wody, osłona dyszy	0	0	szt.	0	0		
 	towar	L/DR	LANCA Z REDUKCJAMI I DYSZĄ WODY	0	0	szt.	0	0		
 	towar	LANCA/KOMPLET	LANCA Z PISTOLETEM-KOMPLET	0	0	szt.	0	0		
 	towar	6.602.0068	LANCA Z IZOLACJA INOX -KEV-1/4" L 700	0	0	szt.	0	0	Lavor	
 	towar	LZD/3	Lanca z dyszą trzech pozycji	0	0	szt.	0	0		
 	towar	LDS	Lanca z dyszą strumienia wody	0	0	kpl.	0	0		
 	towar	LZD/045	Lanca z dyszą obrotową 045	0	0	szt.	0	0	komplet	
 	towar	LZD/K	Lanca z dyszą	0	0	szt.	0	0	komplet	
 	towar	LZD	Lanca z dyszą	0	0	kpl.	0	0		
 	towar	0709905607	Lanca z  szybkozłączem	0	0	szt.	0	0	red. M22-1/4F, " Kr"	
 	towar	WAO.0808	LANCA TELESKOPOWA -5 M	0	0	szt.	135,15	166,23		
 	towar	WAO.0804	LANCA TELESKOPOWA -3 M	0	0	szt.	87,97	108,2		
 	towar	R01MXS-H	LANCA TELESKOPOWA - STAL	0	0	szt.	29	35,67	MAROLEX, bez rączki	
 	towar	LANCA/ORION	Lanca standardowa	0	0	szt.	41,4	50,92	przedłużka czarna 1,2 m , WAT.0800	
 	towar	L/1	Lanca spec z redukcjami	0	0	szt.	0	0	Aburus-Multi Auto	
 	towar	6.002.0209C	LANCA REGULOWANA SZARA S'99	0	0	szt.	51,7	63,59	Lavor	
 	towar	6.602.0044	LANCA REGULOWANA 900mm TYP KEV	0	0	szt.	0	0		
 	towar	0700505033	LANCA PROSTA 900 MM	0	0	szt.	0	0	Fe ZnG1/4M- 1/4 M + REDUKCJA PMD KOŃCÓWKA	
 	towar	LANCA 2000MM M22	LANCA PROSTA  2000 MM	0	0	szt.	0	0	Lavor 	
 	towar	LANCA	LANCA PRO 900/64 TYP KEV Z SZYBKOZŁĄCZEM	0	0	szt.	0	0	6.602.0048 , Lavor	
 	towar	LPR	Lanca PIANY, REDUKCJA	0	0	kpl.	0	0	BIAŁA	
 	towar	LP/LS - Ż	LANCA PIANY ŻÓŁTA	0	0	szt.	0	0	G1/4 F 1,25 MM YELLOW	
 	towar	0702105596	Lanca piany LS3 - 1/4 F	0	0	szt.	0	0	 1,6mm	
 	towar	0702105500	LANCA PIANY LS3	0	0	szt.	0	0	1/4 1,25mm	
 	towar	LP/LS	Lanca piany LS3	0	0	szt.	0	0	M22F 1,25mm	
 	towar	L/LS12	Lanca piany LS12	0	0	szt.	0	0		
 	towar	LANCA/LS	Lanca piany LS 3G 1/4F	0	0	szt.	0	0		
 	towar	0702105501	LANCA PIANY 1/4 F 1,25 mm	0	0	szt.	0	0		
 	towar	LP/1,4	Lanca piany 1,4 mm	0	0	szt.	0	0	PROFI 1	
 	towar	LP/1,6	Lanca piany	0	0	szt.	0	0	1,6mm	
 	towar	SHLNSA-01	LANCA PIANOWA NERTA 120C	0	0	szt.	0	0	inżektor-Nerta	
 	towar	LANCA/PRO+	Lanca ORION 35 cm	0	0	szt.	15	18,45	mała, standardowa, ta co jest oryginalnie w ORIONACH, biała z regulowaną końcówką	
 	towar	LG/1500	LANCA GIĘTA 1500 MM	0	0	szt.	0	0	CW 1/4"M - 1/4"M Fe Zn	
 	towar	LG/1200	LANCA GIĘTA 1200 MM	0	0	szt.	0	0	CW1/4"M-1/4"M Fe Zn	
 	towar	LANCA/PIAS	LANCA DO PIASKOWANIA	0	0	szt.	0	0	Lavor, 250BAR M22MD1421 L/MIN	
 	towar	ST-73 1 L	LANCA DO PIANOWANIA ST73 - POJEMNIK 1 L	0	0	szt.	0	0		
 	towar	IO/5	LANCA DO INŻEKTORA OPRYSKU	0	0	szt.	0	0	części inżektora transnet	
 	towar	WAT.1182	LANCA ALKA LINE 0,5 m blister	0	0	szt.	35,35	43,48		
 	towar	WAT.1312	LANCA ACID LINE 0,5 m blister	0	0	szt.	35,35	43,48		
 	towar	L/900-IN	Lanca 900mm Inox	0	0	szt.	0	0	1/4"M - 1/4"M	
 	towar	L900/CW	LANCA 900CW	0	0	szt.	0	0	Red.M22-1/4F-"Kr"	
 	towar	L/MT3	Lanca 900 MT3	0	0	szt.	0	0	Red. M22	
 	towar	L/MT2	Lanca 900 MT2	0	0	szt.	0	0	Red. M22	
 	towar	0709905612	LANCA 900 HW  - ocynk	0	0	szt.	0	0	red.M22M-1/4F, " kr" 40 L/MIN, 280 BAR,150C,ciepła woda	
 	towar	L/900	Lanca 900 HW	0	0	szt.	0	0	M22 "K"	
 	towar	LWP/75	Lanca 75cm wykonana z plastiku	0	0	szt.	0	0	zakup od pap-tola, cała w plastiku	
 	towar	LP/75	Lanca 75cm inox	0	0	szt.	118,38	145,61		
 	towar	L/75	Lanca 75 cm	0	0	szt.	124,3	152,89	Hydroflex, inox zb. natrysku chemii	
 	towar	L/700	Lanca 700 HW	0	0	szt.	0	0	M22 - " K"	
 	towar	L/60	Lanca 60cm	0	0	szt.	0	0		
 	towar	L/450	Lanca 450mm Inox	0	0	szt.	0	0	1/4"M-1/4"M	
 	towar	0709905562	LANCA 1200 HW	0	0	szt.	0	0	M22, obrotowa "K"	
 	towar	0709905573	Lanca 1200 HW	0	0	szt.	0	0	M22, redukcja  "K"	
 	towar	LANCA/120	LANCA 120 CM - plastikowa	0	0	szt.	148,26	182,36	PARYS,25%r	
 	towar	LP/110	Lanca 110cm plastikowa	0	0	szt.	0	0		
 	towar	LANCA/100	LANCA 100 cm	0	0	szt.	0	0		
 	towar	SPTLS3-03	LANCA 1,2 M CT DŁUGA ZŁĄCZ.	0	0	szt.	0	0	inżektor -Nerta	
 	towar	LANCA/ORION 0,5	LANCA 0,5 m niebieska	0	0	szt.	35,35	43,48	przedłużka niebieska, WAT.0858	
 	towar	LANCA/ORION1	LANCA  1,2 m  nieb	0	0	szt.	20,49	25,2	wycofany, przedłużka niebieska	
 	towar	R010MXS-H	LANCA  - STAL	0	0	szt.	39	47,97	MAROLEX	
 	towar	LANCA WEMAA	Lanca	0	0	szt.	0	0		
 	towar	127	LAMPA STOPU SJ	0	0	szt.	17,1	21,03		
 	towar	101SJ	LAMPA STOP SJ	0	0	szt.	0	0		
 	towar	105	LAMPA STOP SJ	0	0	szt.	0	0		
 	towar	0127	LAMPA OŚWIETLENIA WNĘT.POJAZDU BIAŁA	0	0	szt.	0	0		
 	towar	939	LAMPA MAPNIK SJ	0	0	szt.	19,5	23,99		
 	towar	938	LAMPA MAPNIK SJ	0	0	szt.	0	0		
 	towar	K530	LAMP PROTECT 10ML + APLIKATOR	0	0	szt.	14,74	18,13	zapobiega żółknięciu refrektorów	
 	towar	L3050	LAMP DOCTOR 60G - do regeneracji reflektorów	0	0	szt.	8,91	10,96		
 	towar	LAKIER/SILNIKA	LAKIER OCHRONNY DO SILNIKA 400 ML	0	0	szt.	0	0	Wurth, nr. art:0892790	
 	towar	KPV	Lakier elektroprzewodzący	0	0	szt.	0	0		
 	towar	L349	LAKIER BEZBARWNY AKRYLOWY - 400  ML	0	0	szt.	12,45	15,31	K2, wysoki połysk, odporny na zarysowania	
 	towar	LAKIER	LAKIER 500ML	0	0	szt.	0	0		
 	towar	LACTIBAC/5	LACTIBAC 5 L	0	0	szt.	92	113,16	nie sprawdził się w JBB, zostają przy sw środku z kenoteka.... 28.08.2018 BS  preparat na bazie kwasu mlekowego do dezynfekcjipowierzchni oraz noży na działach uboju	
 	towar	8846-7	LACK-REINIGER 0,5 L	0	0	szt.	0	0		
 	towar	LCR/750	LACER 750ML	0	0	szt.	10,98	13,51	czyści felgi lakierowane 	3402 13 00
 	towar	LCR/25	LACER 25KG	0	0	szt.	355	436,65		3402 13 00
 	towar	LCR/10	LACER 10KG	0	0	szt.	146,5	180,2		3402 13 00
 	towar	LABEL REMOVER/5	LABEL REMOVER 5 L- zmywacz do naklejek	0	0	szt.	112	137,76		
 	towar	ART.AGT-013/P	LABEL KILLER T 300 ML/P	0	0	szt.	0	0	preparat do usuwania etykiet	
 	towar	2277980	KURTKA SONAX SOFTSHELL RED BULL	0	0	szt.	0	0		
 	towar	KUNA/ODSTR	KUNAGONE NA KUNY 1-PAK 	0	0	szt.	0	0		3808 99 10
 	towar	KRETY/ODSTR	KUNAGONE NA KRETY 1-PAK	0	0	szt.	0	0		3808 99 10
 	towar	KOTY/ODSTR	KUNAGONE NA KOTY 2-PAK	0	0	szt.	0	0		3808 99 10
 	towar	DZIKI/ODSTR	KUNAGONE NA DZIKI 10-PAK	0	0	szt.	0	0		3808 99 10
 	towar	T205Z/5	KULER 5L -35C ZIELONY	0	0	szt.	26,85	33,03	K2,Płyn do Chłodnic	
 	towar	T205C	KULER 5L- 35C CZERWONY	0	0	szt.	28,19	34,67	K2, Płyn do chłodnic	
 	towar	T201 R/1	KULER 1L- RÓZOWY G13 	0	0	szt.	9,71	11,94	K2,Płyn do chłodnic 	
 	towar	T211C/1	KULER 1L- KONCENTRAT  CZERWONY	0	0	szt.	10,2	12,55	K2, Płyn do chłodnic ,konc.	
 	towar	T201Z/1	KULER 1L -35C  ZIELONY	0	0	szt.	6,14	7,55	K2,Płyn do Chłodnic	
 	towar	T201C/1	KULER 1L- 35C  CZERWONY G 12	0	0	szt.	7,62	9,37	K2. Płyn do chłodnic G 12	
 	towar	KULA	KULA STALOWA	0	0	szt.	0	0		
 	towar	KUFER	KUFER SHAD SH40	0	0	szt.	0	0		
 	towar	L53804	KUBEK LAKIERNICZY	0	0	szt.	0,67	0,82	K2	
 	towar	KSZTAŁTOWNIK	Kształtownik plastikowy	0	0	szt.	0	0		
 	towar	46542-13	KRZYWKA 13,0	0	0	szt.	119,04	146,42	kpl.	
 	towar	40523	KRZYWKA 12	0	0	szt.	0	0	12, GS do AQ	
 	towar	KRS	KRZESŁO SKŁADANE	0	0	szt.	0	0	czarne	
 	towar	KR0602033	KRYPTON SPRĘŻONE POWIETRZE 400ML	0	0	szt.	0	0		
 	towar	KR0901015	KRYPTON PASTA DO MYCIA RĄK 5L	0	0	szt.	0	0		
 	towar	KWO	Króciec wlotowy otworu wejściowego	0	0	szt.	0	0		
 	towar	KRP/16	KRÓCIEC PROSTY 16 3/8"	0	0	szt.	0	0		
 	towar	9161	KRÓCIEC 9MM	0	0	szt.	0	0		
 	towar	1835	KRÓCIEC 10mm 	0	0	szt.	0	0		
 	towar	9117	KRÓCIEC 1/4" zew. 9mm szybkozłączka	0	0	szt.	0	0		
 	towar	1404	KRÓCIEC 1/4"	0	0	szt.	0	0	zew. szybkozłączka	
 	towar	9125	KRÓCIEC 1/4" 	0	0	szt.	0	0	wew. szybkozłączka do pianownicy 	
 	towar	KRET/400	KRET -GRANULKI 400 G	0	0	szt.	0	0	Chemdom	
 	towar	KREM/N	KREM NIVEA 50 ML	0	0	szt.	0	0		
 	towar	102/20	KREM ELFIX 20L	0	0	szt.	0	0	pasta do mycia rąk	
 	towar	16	KREM DO RENOWACJI SKÓRY 25ML KREMOWY	0	0	szt.	0	0	GALON, RENOVATING CREAM, SAPHIR KREMOWY WŁAŚCIWY KOD 88 SKORUPKA JAJKA	
 	towar	01	KREM DO RENOWACJI SKÓRY 25ML CZARNY	0	0	szt.	0	0	GALON, RENOVATING CREAM, SAPHIR	
 	towar	44	KREM DO RENOWACJI SKÓRY 25ML BEŻOWY	0	0	szt.	0	0	GALON, RENOVATING CREAM, SAPHIR Beżowy KOD 16 - WŁAŚCIWY KOD	
 	towar	KR/100	Krem do rąk regenerujący 100ml	0	0	szt.	0	0		
 	towar	ECO2083	KREM DO RĄK 250ML	0	0	szt.	0	0		
 	towar	KR/130	Krem do rąk 130ml	0	0	szt.	0	0		
 	towar	KR/125	Krem do rąk 125ml	0	0	szt.	0	0		
 	towar	KREM	KREM DO RĄK -  100 ML	0	0	szt.	0	0	GLICERYNOWY	
 	towar	ELFIX1	KREM DO MYCIA RĄK EILFIX 20L	0	0	szt.	0	0		
 	towar	298.641	KREDKA ZIELONA	0	0	szt.	10,69	13,15	wycofany	
 	towar	298.100	KREDKA WIŚNIOWA	0	0	szt.	10,69	13,15	wycofany	
 	towar	298.300	KREDKA SZARA/SREBNA	0	0	szt.	10,69	13,15	wycofany	
 	towar	298.400	KREDKA STALOWA-ANTRACYT	0	0	szt.	10,69	13,15	wycofany	
 	towar	BK98117	KREDKA KOLORYZUJĄCZ CZARNA	0	0	szt.	7,36	9,05	BOTTARI	
 	towar	318.000	KREDKA KOLORYZUJĄCA ZIELONA	0	0	szt.	14,41	17,72	wycofany	
 	towar	318.100	KREDKA KOLORYZUJĄCA SREBRNA	0	0	szt.	14,41	17,72	wycofany	
 	towar	318.300	KREDKA KOLORYZUJĄCA GRANATOWA	0	0	szt.	14,41	17,72	wycofany	
 	towar	318.400	KREDKA KOLORYZUJĄCA CZERWONA	0	0	szt.	14,41	17,72	wycofany	
 	towar	318.700	KREDKA KOLORYZUJĄCA CZARNA	0	0	szt.	14,41	17,72	wycofany	
 	towar	318.600	KREDKA KOLORYZUJĄCA CIEMNO SZARA	0	0	szt.	14,41	17,72	wycofany	
 	towar	318.341	KREDKA KOLORYZUJĄCA BŁĘKITNA	0	0	szt.	14,41	17,72	wycofany	
 	towar	318.500	KREDKA KOLORYZUJĄCA BIAŁA	0	0	szt.	14,41	17,72	wycofany	
 	towar	BK 98119	KREDKA KOLORYZUJĄCA 	0	0	szt.	7,36	9,05	BOTTARI	
 	towar	298.200	KREDKA JASNY GRANAT	0	0	szt.	10,69	13,15	wycofany	
 	towar	298.000	KREDKA JASNOCZERWONA	0	0	szt.	10,69	13,15	wycofany 	
 	towar	298.041	KREDKA CZERWONA-CIEMNA	0	0	szt.	10,69	13,15	wycofany	
 	towar	298.441	KREDKA CZARNA	0	0	szt.	10,69	13,15	wycofany	
 	towar	298.141	KREDKA CIEMNY GRANAT	0	0	szt.	10,69	13,15	wycofany	
 	towar	298.700	KREDKA CIEMNOZIELONA	0	0	szt.	10,69	13,15	wycofany	
 	towar	298.800	KREDKA BRĄZOWA-ZŁOTA	0	0	szt.	10,69	13,15	wycofany	
 	towar	298.500	KREDKA BIAŁA	0	0	szt.	10,69	13,15	wycofany	
 	towar	L820600	KRĄŻEK 150 FOLIA 6+1 600	0	0	szt.	1,33	1,64		
 	towar	L822000	KRĄŻEK 150 FOLIA 6+1 2000	0	0	szt.	1,42	1,75		
 	towar	1165-1+M26	KRANZLE THERM 1165-1, ODKURZACZ PIORĄCY M26	0	0	szt.	0	0	zestaw	
 	towar	KT/1165-1	KRANZLE THERM 1165-1	0	0	szt.	0	0		
 	towar	KT/1160	KRANZLE THERM 1160	0	0	szt.	0	0		
 	towar	799TST	KRANZLE QUADRO 799TST	0	0	szt.	0	0		
 	towar	1200TST	KRANZLE QUADRO 1200TST	0	0	szt.	0	0		
 	towar	1200TS	KRANZLE QUADRO 1200TS	0	0	szt.	0	0		
 	towar	1000TS	KRANZLE QUADRO 1000TS	0	0	szt.	0	0		
 	towar	HD10/120	KRANZLE HD10/120	0	0	szt.	0	0	zestaw	
 	towar	497.341	KRANIK SPUSTOWY	0	0	szt.	12,6	15,5	5L, wycofany	3923 50 90
 	towar	KR0605026	KR 57.20 SZCZELIWO DO GWINTÓW RUROWYCH 50ML	0	0	szt.	0	0	KRYPTON	
 	towar	BE903A/C53	KPL KLUCZY NASADOWYCH BETA	0	0	szt.	0	0		
 	towar	KÓŁKO	KÓŁKO DO ROZPYLACZA 24L	0	0	szt.	21,16	26,03		
 	towar	K2182	KÓŁKO	0	0	szt.	0	0		
 	towar	5.511.1510	KÓŁKA SSAWY- QUICK	0	0	szt.	0	0	Lavor	
 	towar	KZ	Koszyczki do zaworów	0	0	szt.	0	0		
 	usługa	800/1	KOSZTY ZARZĄDU	0	0	szt.	0	0		
 	usługa	KP/P(4)	KOSZT TRANSPORTU Paczka w Ruchu STANDARD	0	0	szt.	0	0	Paczka w Ruchu STANDARD do 2kg. wymiary 20x20x50 cm.	
 	usługa	KP/P(3)	KOSZT TRANSPORTU Paczka w Ruchu MINIPACZKA	0	0	szt.	0	0	Paczka w Ruchu MINIPACZKA do 1kg, wymiary 20x20x30 cm	
 	usługa	KP/P(2)	KOSZT TRANSPORTU Allegro Odbiór w Punkcie	0	0	szt.	0	0	Poczta Polska Allegro Odbiór w Punkcie	
 	usługa	KP/PI	KOSZT TRANSPORTU - PACZKOMAT	0	0	szt.	0	0	PACZKOMATY InPost	
 	usługa	KP2	KOSZT TRANSPORTU	0	0	szt.	145,53	179	PALETA - do 500 123 netto- do 300 117 netto- do 100	
 	usługa	KP/VAT8%	KOSZT TRANSPORTU	0	0	szt.	0	0	WSTAWIĆ JAK KOSZT NA VAT 8%	
 	usługa	KP	KOSZT TRANSPORTU	0	0	szt.	0	0	GOSIA	
 	usługa	KP1	KOSZT TRANSPORTU	0	0	szt.	0	0	KURIER PACZKI - refaktura kosztów transportu	
 	usługa	KNU	KOSZT NAPRAWY URZĄDZENIA	0	0	szt.	0	0		
 	usługa	KD1	KOSZT DOJAZDU SERWISU	0	0	szt.	0	0		
 	towar	KOSZO-POPIELNICA	KOSZO - POPIELNICA	0	0	szt.	0	0		
 	towar	KOSZ/1	KOSZ ZABEZP. UNIWERSALNY	0	0	szt.	0	0		
 	towar	K/U	KOSZ UCHYLNY 7L	0	0	szt.	0	0		
 	towar	KOSZ/U	KOSZ UCHYLNY 25L	0	0	szt.	0	0		
 	towar	ST/D	KOSZ SIATKOWY	0	0	szt.	0	0		
 	towar	KOSZ/S	KOSZ OKRĄGŁY 35L+ SŁUPEK	0	0	szt.	0	0		
 	towar	KNŚ	KOSZ NA ŚMIECI 45 L	0	0	szt.	0	0		
 	towar	KOSZ	KOSZ ŁAZIENKOWY 6L	0	0	szt.	0	0	BARWA,z pedałem	
 	towar	KDF	Kosz do filtra	0	0	szt.	0	0		
 	towar	KWC/TYTAN	KOSTKA DO WC TYTAN Z KOSZYKIEM	0	0	szt.	0	0	Domestos	
 	towar	KWC	KOSTKA DO WC DOMESTOS Z KOSZYKIEM	0	0	szt.	0	0	Domestos	
 	towar	WC	KOSTKA - DO WC	0	0	szt.	0	0	MULTICHEM	3402 20 90
 	towar	KS/P-6553	Kosiarka spalinowa P-6553	0	0	szt.	0	0		
 	towar	KS/P-3750SM	Kosiarka spalinowa P-3750SM	0	0	szt.	0	0		
 	towar	KOW	Korpus otworu wejściowego	0	0	szt.	0	0		
 	towar	KOREK ZAŚLEP.	KOREK ZAŚLEP.	0	0	szt.	0	0	PP 75 MM (szary)	
 	towar	KOREK TAP	KOREK Z KRANIKIEM CONTAINER TAP 25 L	0	0	szt.	23	28,29		
 	towar	420181	KOREK WZIERNIKA OLEJOWEGO-PLASTIKOWY M18x1,5MM	0	0	szt.	15,39	18,93		
 	towar	BP24430	Korek wlewu gazu M14	0	0	szt.	1,58	1,94	Bottari	
 	towar	BP24429	Korek wlewu gazu M10	0	0	szt.	1,58	1,94	Bottari	
 	towar	SXKOREK	KOREK WLEWU DO ROZPYLACZA	0	0	szt.	53,3	65,56		
 	towar	KOREK /G	KOREK GNIAZDA BYPASS	0	0	szt.	0	0		
 	towar	KOREK	KOREK BY-PASS	0	0	szt.	0	0		
 	towar	5411-100	Korek	0	0	szt.	0	0		
 	towar	28181	KOPUŁKA ZASTAWA	0	0	szt.	7,3	8,98		
 	towar	28198	KOPUŁKA UNO/ALFA ROMEO	0	0	szt.	15,8	19,43		
 	towar	28209	KOPUŁKA UNO	0	0	szt.	14	17,22		
 	towar	28750	KOPUŁKA POLONEZ	0	0	szt.	7,5	9,23		
 	towar	28627	KOPUŁKA ŁADA SAMARA	0	0	szt.	0	0		
 	towar	28625	KOPUŁKA ŁADA NIVA	0	0	szt.	0	0		
 	towar	28186	KOPUŁKA APARATU ZAPŁONOWEGO F-126	0	0	szt.	5,5	6,77		
 	towar	FIT/20/10	końcówka zraszająca- gumowana	0	0	szt.	0	0	FITEX	
 	towar	FIT/20	Końcówka zraszająca - prosta	0	0	szt.	0	0	FITEX, do ogrodu	
 	towar	KW/K	KOŃCÓWKA WĘŻA  DN 08 	0	0	szt.	0	0	M22x1,5-"K" krótka	
 	towar	00084	KOŃCÓWKA WĘŻA	0	0	szt.	0	0	tylna obrotowa	
 	towar	KS	Końcówka spieniająca	0	0	szt.	8,12	9,99	dyszka	
 	towar	AH-18	KOŃCÓWKA SIATKA 50 mm	0	0	szt.	0	0		
 	towar	WAT.0883	Końcówka przegubowa VENUS SUPER HD ACID blister	0	0	szt.	15,5	19,07		
 	towar	WAT.0880	Końcówka przegubowa VENUS SUPER ALKA LINE blister	0	0	szt.	15,5	19,07		
 	towar	WAT.0882	Końcówka przegubowa VENUS HD SOLVENT blister	0	0	szt.	16,35	20,11	PRAWIDŁOWY KOD:2023	
 	towar	KPVENUS /CZ	Końcówka przegubowa VENUS - blister	0	0	szt.	0	0	czarna	
 	towar	KPVENUS	Końcówka przegubowa VENUS	0	0	szt.	14,66	18,03	WAT.0879 ,  VENUS	
 	towar	0250	KOŃCÓWKA PODWÓJNA -CC  72622	0	0	szt	13,68	16,83		
 	towar	KEO-51/58	Końcówka obrotowa odkurzacza	0	0	szt.	0	0	DN 51/58	
 	towar	KEO-38/38	Końcówka obrotowa odkurzacza	0	0	szt.	0	0	lanca DN 38/38	
 	towar	KEO-32/36	Końcówka obrotowa odkurzacza 	0	0	szt.	0	0	lanca DN32/36	
 	towar	KK/M22X1,5	KOŃCÓWKA KARCHER GW M22X1,5	0	0	szt.	0	0	wąż 1/4"	
 	towar	00009-02529	KOŃCÓWKA AKCESORII I MAŁEJ SZCZOTKI - ETNA	0	0	szt.	49,11	60,41	Lavor,	
 	towar	61011	KOŃCOWKA ROZPYLACZA Z FILTREM	0	0	szt.	0	0		
 	towar	CARAMBA/60091703	KONTAKT SPRAY 500ML	0	0	szt.	0	0		
 	towar	W125	KONTAKT SPRAY 400ML	0	0	szt.	11,94	14,69		
 	towar	DS11/5	KONSERWACJA KOSTKI BRUKOWEJ 5L	0	0	szt.	0	0	wycofany, Zabezpieczenie przed brudem i wilgocią.	
 	towar	KONEWKA	KONEWKA PLAST. AGRI 7,5L.	0	0	szt.	0	0	czarna	
 	towar	KONDENSATOR	KONDENSATOR KPL 	0	0	szt.	0	0	400.6079.022 MK	
 	towar	BM12/10	Koncentrat myjący BM-12 10L	0	0	szt.	85	104,55		
 	towar	BM12/5	Koncentrat myjący BM-12  5L	0	0	szt.	0	0		
 	towar	8626	KONC.NA KRAN 3/4"	0	0	szt.	0	0		
 	towar	KOM L988G 	KOMPUTER L988G NTT	0	0	szt.	0	0		
 	towar	KOMPRESOR/100	Kompresor Profi 320-10/100 CC 3 HP	0	0	szt.	0	0	Kompresor METABO 100l	
 	towar	K/PROFI	KOMPRESOR PROFI	0	0	szt.	0	0		
 	towar	KOM/PROFI	Kompresor PROFI	0	0	szt.	0	0		
 	towar	KB	KOMPRESOR BASIC 240-8/24	0	0	szt.	0	0		
 	towar	KZM	Komplet zaworów do myjki	0	0	szt.	0	0		
 	towar	0200107072	KOMPLET ZAWORKÓW SPECK SP3 - 6 szt.	0	0	kpl.	0	0		
 	towar	417481	KOMPLET ZAWORKÓW	0	0	szt.	182,41	224,36		
 	towar	KZ/1	KOMPLET ZAWORKÓW	0	0	szt.	0	0	KIT2864 Annovi Rever (6szt)	
 	towar	400621	KOMPLET ZAWORKÓW	0	0	szt.	0	0	QUADRO 800-1200	
 	towar	410491	KOMPLET USZCZELNIEŃ WODNYCH 	0	0	szt.	197,8	243,29		
 	towar	KU/15	Komplet uszczelnień DN 15	0	0	szt.	0	0	KIT 88, INTERPUMP	
 	towar	KU/14	Komplet uszczelnień 14	0	0	szt.	0	0		
 	towar	KU/18	KOMPLET USZCZELNIEŃ  DN 18	0	0	szt.	0	0	(6X3) typ KR1	
 	towar	KU	KOMPLET USZCZELNIEŃ	0	0	szt.	0	0	DN 20 KIT 23 INTERPUMP	
 	towar	KU/20	Komplet uszczelnień 	0	0	szt.	0	0		
 	towar	KU/1	KOMPLET USZCZELNIEŃ	0	0	szt.	0	0	DN18 Speck SP8 (6X3)	
 	towar	SZYBKOZŁĄCZE/KWE	KOMPLET SZYBKOZŁĄCZY TYPU "KEW"	0	0	szt.	0	0	W Efekcie cena brutto katalogowa: 319,47 szybkozłącze 2 szt + 114,39 króciec, cena zakupu brutto dla nas: 255,57 szybkozłacze 2szt + 97,23 króciec	
 	towar	A535410	KOMPLET SZYBKOZŁĄCZEK GWINT WEWNĘTRZNY 1/4	0	0	szt.	0	0		
 	towar	SZTUĆCE	KOMPLET SZTUĆCY	0	0	szt.	0	0		
 	towar	SZKLANKI	KOMPLET SZKLANEK	0	0	szt.	0	0		
 	towar	KOMPLET SPRĘŻYN	KOMPLET SPREŻYN	0	0	szt.	0	0		
 	towar	6.205.0126	KOMPLET RUR STALOWYCH TAURUS/DOMUS D40	0	0	szt.	120	147,6	Lavor	
 	towar	POŚCIEL	KOMPLET POŚCIELI	0	0	szt.	0	0		
 	towar	KK	Komplet parbaksów	0	0	szt.	0	0		
 	towar	0700101999	KOMPLET NAPRAWCZY 	0	0	szt.	0	0	pistolet MV9200	
 	towar	KN	KOMPLET NAPRAWCZY 	0	0	szt.	0	0	do By Pass VB9	
 	towar	60795226	KOMPLET LAKIER-BŁYSK	0	0	szt.	0	0		
 	towar	KIELISZKI	KOMPLET KIELISZKÓW	0	0	szt.	0	0		
 	towar	60795228	KOMPLET GUM-SERWIS	0	0	szt.	0	0		
 	towar	WORWO	KOMPLET FILTRÓW POLI W ZMB02K	0	0	szt.	0	0		
 	towar	512637	KOMPLET fil poli w liv jazz20 lvmb03 5	0	0	szt.	0	0	MULTI AUTO wkład do odkurzacza 	5126 37
 	towar	K/WC	KOMPLET- DO WC MINI	0	0	szt.	0	0	BARWA,ze szczotką	
 	towar	40517	KOMPLET  USZCZELNIEŃ 	0	0	szt.	0	0	QUADRO 800-1200	
 	towar	LENIUCH	Komplet - LENIUCH	0	0	szt.	43,37	53,35	do zamiatania (ceny na platformie dla nas)mamy tylkorabat 12%	
 	towar	5126421	KOMPLET  FILT. PAP.LAVOR A'5	0	0	kpl.	0	0	Popularna, APOLLO	
 	towar	KOMBINEZON WOD	KOMBINEZON WODOODPORNY OT r59	0	0	szt.	0	0	Orapi	
 	towar	KOMBINEZON	Kombinezon roboczy - myjnia	0	0	szt.	0	0		
 	towar	KOM/R2	KOM RURA SZYBER 25CM 150MM	0	0	szt.	0	0		
 	towar	KOM/R	KOM RURA 2MM/150MM 100CM	0	0	szt.	0	0		
 	towar	KOM/K	KOM KOLANO 2MM 150MM/90	0	0	szt.	0	0		
 	towar	H-KZ/300	KOŁO ZAPASOWE 300ML	0	0	szt.	16,99	20,9		4002 19 90
 	towar	KOŁEK	KOŁEK 6X40 - SZYBKI MONTAŻ	0	0	szt.	0	0		
 	towar	WSKAŹNIK/MOCOWANIE	KOLANO DO MOCOWANIA WSKAŹNIKA CIECZY	0	0	szt.	0	0		
 	towar	K/35	KOLANKO 35MM	0	0	szt.	0	0		
 	towar	KOLANKO	KOLANKO 3/8" GZx3/8"GW/2/620265003	0	0	szt.	0	0		
 	towar	KOCH\H9.02\250	KOCH HEAVY CUT H9.02 250 ML	0	0	szt.	0	0	GALON OLEJE,pasta polerska mocno ścierna	
 	towar	KOCH/H9.02/1	KOCH HEAVY CUT H9.02 1L	0	0	szt.	0	0	Galon oleje,pasta polerska mocno ścierna	
 	towar	KLUCZ	KLUCZ IMBUSOWY DŁUGI PREMIUM 7 MM	0	0	szt.	0	0		
 	towar	161-20 228	KLOCKI HAMULCOWE VW 78-83 P AUDI	0	0	szt.	23,8	29,27		
 	towar	502-21 170	KLOCKI HAMULCOWE SAMARA AUDI P	0	0	szt.	56,6	69,62		
 	towar	150-WAMOT	KLOCKI HAMULCOWE ŁADA SAMARA	0	0	szt.	16,4	20,17		
 	towar	586-20	KLOCKI HAMULCOWE FORD SCORPIO 85 P.	0	0	szt.	0	0		
 	towar	404-20 857	KLOCKI HAMULCOWE FORD FIESTA 83 P	0	0	szt.	40,2	49,45		
 	towar	34-20 073	KLOCKI HAMULCOWE FIAT ZASTAWA	0	0	szt.	28,6	35,18		
 	towar	285-152	KLOCKI HAMULCOWE	0	0	szt.	32,79	40,33		
 	towar	KLOCKI	KLOCKI HAMU.ROVER 214	0	0	szt.	0	0		
 	towar	KLIN	KLIN 	0	0	szt.	0	0		
 	towar	323.941	KLIMA POWER CLEANER 100 ML	0	0	szt.	26,98	33,19	czyści układy klimatyzacji, nawiewy i wnętrza pojazdów 323.500-Tropical Sun, 323.200- Apple-fresh, 323.400- Green-Lemon, 232.700 - Cherry Kick, 323.600 - Ocean Frersh	3402 20 90
 	towar	K222	KLIMA FRESH 150 ML	0	0	szt.	8,45	10,39	K2 ; odświeża klimatyzację	
 	towar	T/211C	KLER 1L KONCENTRAT  CZERWONY	0	0	szt.	10,4	12,79	K2, Płyn do chłodnic , konc.	
 	towar	B24117	Klemy do akumulatora STAR 6/12V	0	0	szt.	4,2	5,17	Bottari	
 	towar	B24119	Klemy do akumulatora DE LUX 6/12V	0	0	szt.	4,81	5,92	Bottari	
 	towar	KLEJ/1	Klej UHU SUPER MINI 	0	0	szt.	0	0		
 	towar	KLEJUHUG	KLEJ UHU GLASS 2ml	0	0	szt.	0	0		
 	towar	KLEJ OKEJ	KLEJ OKEJ	0	0	szt.	0	0	5szt - -5% = 26,60zł brutto 10szt - 7% = 26,04zł brutto 15szt - 9% = 25,48zł brutto 20szt - 11% = 24,92zł brutto	
 	towar	LOCTITE 243/50ML	KLEJ LOCTITE 243 50ML	0	0	szt.	0	0	zabezpieczenie gwintów	
 	towar	01/07C/38684	KLEJ DO OPON MARUNI SUPER VALKARN 100ML	0	0	szt.	0	0		
 	towar	BUTAPREN/1	KLEJ BUTAPREN 50 ML	0	0	szt.	0	0	ETRA	
 	towar	BUTAPREN/200	KLEJ BUTAPREN 200ML	0	0	szt.	0	0		
 	towar	BUTAPREN	KLEJ BUTAPREN 	0	0	szt.	0	0		
 	towar	KPF05	Klej błyskawiczny 5g	0	0	szt.	0	0		
 	towar	L285	KLEJ BŁYSKAWICZNY 454 3G	0	0	szt.	0	0		
 	towar	401	Klej błyskawiczny  401 / 3ml	0	0	szt.	0	0		
 	towar	KLEJUHU	KLEJ "UHU"	0	0	szt.	0	0		
 	towar	L338	KLEJ  LOCTITE 406/ 20G	0	0	szt.	0	0		
 	towar	L/1401	KLEJ  LOCTITE 401/ 20G	0	0	szt.	0	0		
 	towar	DOD/BEN	KLEEN-FLO DODATEK DO BENZYNY 150 ML 409	0	0	szt.	0	0		
 	towar	KLEEN FLO	KLEEN FLO SAMOSTART 735 ACE 211G	0	0	szt.	0	0	PETRO - OIL	
 	towar	OLEJ/NAP -NIE	KLEEN -FLO DODATEK DO OLEJU NAPĘDOWEGO 150 ML 991	0	0	szt.	0	0		
 	towar	KLEENFLO/311	KLEEN -FLO ACE SAMOSTART 311 G 735	0	0	szt.	0	0		
 	towar	KLAMRA	KLAMRA Z OSŁONĄ WYŁĄCZNIKA  /43.453/	0	0	szt.	0	0	Keanzle, zimnowodna	
 	towar	43453	KLAMRA Z OSŁONĄ DO WŁĄCZNIKA 	0	0	szt.	10,86	13,36	K155; Kranzle,ciepło-zimnowodna 	
 	towar	283142	KLAMRA TŁOKA (28142)	0	0	szt.	0	0	PULVE LASER	
 	towar	KIT 161	KIT 161	0	0	szt.	0	0		
 	towar	KIT161-NIE	KIT 161	0	0	szt.	0	0		
 	towar	KIT159	KIT 159	0	0	szt.	0	0		
 	towar	KIT 137	KIT 137	0	0	szt.	0	0		
 	towar	KIT 123	KIT 123 INTAKE/DELIVERY VALVE	0	0	szt.	0	0		
 	towar	MO21536	KIJ-TELESKOPOWY- 2 M Z REDUKCJĄ	0	0	szt.	53,59	65,92	2-częściowy	
 	towar	293.72	Kij Zielony 1500 mm - 293	0	0	szt.	0	0	kij do ściągaczki 707.32	
 	towar	299.152Q	Kij z przepływem wody-299	0	0	szt.	114,18	140,44	1540 mm 	
 	towar	ASZ/TIR/K/300	KIJ TELESKOPOWY DO SZCZOTKI TIR- 300 CM	0	0	szt.	0	0	Kufieta	
 	towar	MO21537	KIJ- TELESKOPOWY- 4 M Z REDUKCJĄ	0	0	szt.	109,59	134,8	3-częściowy	
 	towar	297.152	Kij teleskop z przepływem wody-297	0	0	szt.	178,53	219,59	1000-1600mm, aluminium	
 	towar	297.352Q	Kij teleskop z przepływem wody	0	0	szt.	244,56	300,81	1600-2900mm,aluminium ,powinno być 1630-2750 mm, kij z kod.297.352	
 	towar	297.552	Kij teleskop bez przepływu wody-297	0	0	szt.	197,05	242,37	 1630-2750mm,aluminium	
 	towar	KIJ/METAL	KIJ METALOWY 140CM STELLA	0	0	szt.	0	0	MULTICHEM	
 	towar	KD/G-120	KIJ DREWNIANY Z GWINTEM PLASTIKOWYM	0	0	szt.	0	0	Chemdom, gwint plast. 150 cm.	
 	towar	KD/GF	KIJ DREWNIANY Z GWINTEM FREZOWANYM	0	0	szt.	0	0	CHEMDOM, frezowany gwint, 150 CM	
 	towar	292,513,552	Kij drewniany z gwintem	0	0	szt.	26,8	32,96	1350mm	
 	towar	292.515.552	Kij drewniany z gwinem Vikan	0	0	szt.	36,02	44,3	156 CM	
 	towar	K 02-131	KIJ DO SZCZOTKI FI 28x1300	0	0	szt.	0	0	Crawtico, DREWNIANY SZCZOTKA ULICÓWKA Chemdom -150 cm	
 	towar	0756501002	KIJ DO LANCY TELESKOPOWEJ TIR	0	0	szt.	0	0		
 	towar	293.752	Kij bez przepływu wody 1500mm - 293	0	0	szt.	87,88	108,09	 aluminium, 150,5 cm	
 	towar	ASZ/TIR/K/158	KIJ  TELESKOPOWY  DO SZCZOTKI TIR 158 CM	0	0	szt.	22,4	27,55	Kufieta, 90-158 cm	
 	towar	8902/4	KIJ - TELESKOPOWY - 4M	0	0	szt.	64,2	78,97	4 częściowy	
 	towar	8548/2	KIJ - TELESKOPOWY - 2M	0	0	szt.	31,4	38,62	3 częściowy	
 	towar	11188	KIJ - TELESKOPOWY 	0	0	szt.	2,05	2,52	czer./biały	
 	towar	11193	KIJ - KARBOWANY 120CM	0	0	szt.	4,05	4,98	żółty, czerwony, niebieski	
 	towar	11198	KIJ - DREWNOPODOBNY  130 CM	0	0	szt.	0	0	jasny brązowy 	
 	towar	KD/G- NIE	KIJ - DREWNIANY Z GWINTEM	0	0	szt.	0	0	JACK, 150 cm, gwint plastikowy	
 	towar	KD/ŚCIĄGACZY	KIJ - DREWNIANY 170 CM	0	0	szt.	0	0	METALIK, L-1500 DO ŚCIĄGACZY	
 	towar	11100	KIJ - DO SZCZOTKI 180CM TRUCK	0	0	szt.	0	0		
 	towar	1040/135	KIJ - ALUMINIOWY - 135CM	0	0	szt.	0	0	niebieski, wkręcany	
 	towar	1047/140	KIJ - ALUMINIOWY	0	0	szt.	13	15,99	zielony	
 	towar	805535	KETTEN UND SCHALTUNGSPFLEGE	0	0	szt.	9,36	11,51		
 	towar	KEN/VC	KENOTEK VINYL & LEATHER CONDITIONER 1 L.	0	0	szt.	0	0	ETRA ,do pielęgnacji elementów skórzanych	
 	towar	KEN/IC	KENOTEK INTERIOR CLEANER 1L.	0	0	szt.	0	0	ETRA ,do czyszczenia wnętrza	
 	towar	KEN/GC	KENOTEK GLASS CLEANER 1 L	0	0	szt.	0	0	ETRA, MYCIE SZYB I PLASTIKU	
 	towar	K4000/20	KENO 4000 20L	0	0	szt.	240	295,2		
 	towar	KAUCJA/NIE	KAUCJA ZA WYNAJMOWANY LOKAL	0	0	szt.	0	0		
 	towar	30 MIN	KARTY PÓŁGODZINNE	0	0	szt.	0	0		
 	towar	60 MIN	KARTY GODZINNE	0	0	szt.	0	0		
 	towar	M292/20	KARSEN PLUS -  20KG	0	0	szt.	175	215,25	K2,BEZDOTYK-  proszek	
 	towar	RO-78	KAREX RED 1L	0	0	szt.	12,89	15,85		
 	towar	RO-79	KAREX PROCLEAN 1L	0	0	szt.	22,22	27,33		
 	towar	RO-77	KAREX NEUTRAL 1L	0	0	szt.	11,56	14,22		
 	towar	0902	KANISTER 10L	0	0	szt.	26,13	32,14		
 	towar	B33700/701	Kamizelka ostrzegawcza  dziecięca	0	0	szt.	0	0	Bottari , żółta-700 , pomarańczowa- 701	
 	towar	KAM	KAMIZELKA OSTRZEGAWCZA	0	0	szt.	0	0		
 	towar	KAL	KALENDARZ ICE ALERT SREBRNY	0	0	szt.	0	0		
 	towar	A027	Kable rozruchowe 800A / 6.0m	0	0	szt.	0	0	AUTO PLAY	
 	towar	B28072	Kable rozruchowe 600AMP 300cm w torbie z zamkiem	0	0	szt.	0	0	Bottari	
 	towar	A021	Kable rozruchowe 600A / 6.0m	0	0	szt.	0	0	AUTO PLAY	
 	towar	A022	Kable rozruchowe 600A / 4.0m	0	0	szt.	0	0	AUTO PLAY	
 	towar	B33722	Kable rozruchowe 400A 200cm o 8 mm	0	0	szt.	15,07	18,54	Bottari	
 	towar	A0049	Kable rozruchowe 400A / 3.0 m	0	0	szt.	0	0	AUTO PLAY	
 	towar	B38707	Kable rozruchowe 400-2,5 m	0	0	szt.	0	0		
 	towar	WTTO/600	KABINY PRYSZNICOWE SHINE 1 L	0	0	szt.	18,28	22,48		3402 20 90
 	towar	W88/600	KABINY PRYSZNICOWE 600 ML	0	0	szt.	11,37	13,99		3402 20 90
 	towar	KABINY	KABINY PRYSZNICOWE  1 L	0	0	szt.	16,08	19,78		3402 20 90
 	towar	DT02/075S	KABINY NATRYSKOWE 750ML	0	0	szt.	0	0	wycofany	
 	towar	DT02/5	KABINY NATRYSKOWE 5 L	0	0	szt.	70,3	86,47		
 	towar	B30104	Kabel ze złączem MIKRO USB do ład. i transmisji 	0	0	szt.	6,32	7,77	Bottari	
 	towar	KM/400	Kabel zasilający 400mm	0	0	szt.	0	0	do turbinki 0,75	
 	towar	KABEL	KABEL zapłonowy	0	0	szt.	0	0		
 	towar	AMIO4	KABEL USB-C 100CM. 	0	0	szt.	0	0		
 	towar	AMIO3	KABEL MICRO USB 100CM. 	0	0	szt.	0	0		
 	towar	VULCAN NIE	K2 VULCAN 500ML	0	0	szt.	7,91	9,73	K2	
 	towar	L001	K2 ULTRA CUT C3+ 100 G 	0	0	szt.	8,57	10,54	Uniwersalna pasta do polerki mechanicznej, 24k	
 	towar	K001	K2 TURBO -120 g	0	0	szt.	5,61	6,9	K2,TEMPO,  lekkości, pasta woskowa , NANO 	
 	towar	TRUCK CLEEANER/20	K2 TRUCK CLEANER 20 L	0	0	szt.	201,27	247,56		
 	towar	G450	K2 SZCZOTECZKA AURON BRUSH 	0	0	szt.	7,2	8,86	K2, do skóry i tapicerki	
 	towar	K2 PRO SATINA	K2 SATINA PRO 1L	0	0	szt.	18,39	22,62		
 	towar	 QUANTUM	K2 QUANTUM Syntetyczny wosk ochronny + mikrofibra 	0	0	szt.	28,35	34,87		
 	towar	D5041	K2 PURIO 1 L	0	0	szt.	0	0	PŁYN DO CZYSZCZENIA TWORZYW SZTUCZNYCH	
 	towar	K410	K2 POLO PROTECTANT 350 ATOM. MAT.	0	0	szt.	4,83	5,94		
 	towar	M430	K2 OPTI - Mikrofibra do szyb i lusterek 	0	0	szt.	8,1	9,96	K2, 40x40cm 	
 	towar	K507/(1)	K2- NUTA 770 ML  PŁYN DO MYCIA SZYB	0	0	szt.	5,23	6,43	SPRZEDAWAĆ INDYWIDUALNIE BEZ RABATÓW (DROŻSZY ZAKUP PIANKI)	
 	towar	K290	K2 MAGICZNA GĄBKA 	0	0	szt.	1,16	1,43		
 	towar	L346CA	K2 KLIPER CZARNY-lakier do zaci.hamulc.	0	0	szt.	12,25	15,07		
 	towar	W100	K2 KLIMA DOKTOR 500 ML	0	0	szt.	11,5	14,15	Do odkażania klimatyzacji	
 	towar	K2PM408	K2 IRCHA SYNTETYCZNA 66x43 - TUBA	0	0	szt.	14,55	17,9	K2	
 	towar	T312	K2 DIESEL - czyści wtrysk.diesla 50ml.	0	0	szt.	4,45	5,47		
 	towar	T301	K2 DFA-39 1 L	0	0	szt.	19,95	24,54	zimowy dodatek do oleju napdowego, 12k	
 	towar	T310	K2 DFA-39  - 50ml.	0	0	szt.	3,95	4,86		
 	towar	CS/400	K2 CYNK SPRAY 400ML.	0	0	szt.	15,03	18,49		
 	towar	K2	K2 COCPIT MAX 750ml	0	0	szt.	0	0		
 	towar	L3466 ŻO	K2 BRAKE CALIPER ŻÓŁTY -lakier do zaci.ham.	0	0	szt.	13,7	16,85		
 	towar	L346ZL	K2 BRAKE CALIPER ZŁOTY -lakier do zaci.ham.	0	0	szt.	13,7	16,85	12k	
 	towar	L3466 ZI	K2 BRAKE CALIPER ZIELONY -lakier do zaci.ham.	0	0	szt.	13,7	16,85		
 	towar	L346 SR	K2 BRAKE CALIPER SREBNY -lakier do zaci.ham.	0	0	szt.	13,7	16,85		
 	towar	L346 NI	K2 BRAKE CALIPER NIEBIESKI -lakier do zaci.ham.	0	0	szt.	13,7	16,85		
 	towar	L346 CZ	K2 BRAKE CALIPER CZERWONY -lakier do zaci.ham.	0	0	szt.	13,7	16,85	12k	
 	towar	B433	K2 BELSO 400ML	0	0	szt.	10,99	13,52	REGENERATOR PASÓW BEZPIECZ. SPRAY	
 	towar	L710	K2 APLIKATOR GĄBKOWY	0	0	szt.	3,05	3,75		
 	towar	K503	K2  MYJKA DO SZYB -WINDOW CLEANER	0	0	szt.	3,99	4,91	K2,WINDOW CLEANER	
 	towar	T300	K2  DFA-39 0,5 L	0	0	szt.	11,45	14,08	zimowy dodatek do oleju napdowego, 12k, na LITWE PODAĆ cennik 10,45	
 	towar	6550 5785	K (400G) SMAR GRAFITOWY S491	0	0	szt.	0	0	Forch Polska	
 	towar	57700	JK S-SZCZOTKA DO MYCIA SAMOCH.	0	0	szt.	0	0		
 	towar	9768	JK S-KLIN POD KOŁO Z UCHWYTEM	0	0	szt.	0	0		
 	towar	1228	Jann-Worki n/śm LD60L Taś. 30szt.	0	0	opak.	4,5	5,54		
 	towar	WORKI JANN/1	JANN WORKI N/ŚM LD 120L 3x25 super mocne	0	0	szt.	0	0		
 	towar	WORKI/3	JAAN-WORKI N/ŚM HD 60L 5X30szt.	0	0	szt.	0	0		
 	towar	WORKI JAN	JAAN-WORKI N/Ś LD 120L 3X25 super mocne	0	0	op.	0	0		
 	towar	WORKI/4	JAAN-WOR. N/ŚM. EASY 60L 4X20szt.	0	0	szt.	0	0		
 	towar	1920	Izolacja 1920	0	0	szt.	0	0		
 	towar	SH571	IZOCLEANER 1L - preparat do zmywania farb,graffiti	0	0	szt.	23,85	29,34		
 	towar	IS/200	ISOL 200ML	0	0	szt.	8,21	10,1	zabezpiecza, izoluje części elektryczne	
 	towar	IRCHA/MOJE AUTO	IRCHA SYNTETYCZNA 66x43	0	0	szt.	14,55	17,9	MOJJE AUTO	
 	towar	IRCHA2/419.200	IRCHA SYNTETYCZNA 45x54	0	0	szt.	0	0	CARTEC IRCHA SYNTETYCZNA	
 	towar	17 C	IRCHA SYNTETYCZNA	0	0	szt.	6,37	7,84		
 	towar	417.700	IRCHA SYNTETYCZNA	0	0	szt.	15,99	19,67	w pudełku	
 	towar	B32058	Ircha naturalna S 10'	0	0	szt.	12,14	14,93	Bottari, 	
 	towar	B32062	Ircha naturalna M 17 '	0	0	szt.	23,56	28,98	Bottari	
 	towar	SIIRCHA-SZT-DUŻA	IRCHA NATURALNA DUŻA 18,6dm	0	0	szt.	27,98	34,42		
 	towar	B32059	Ircha naturalna 15'	0	0	szt.	11,79	14,5	Bottari	
 	towar	416.300	IRCHA NATURALNA	0	0	szt.	59,98	73,78		4114 10 90
 	towar	IRCHA/MIKRO 	IRCHA MIKRO- LEATHER MAX	0	0	szt.	0	0	Cartec	
 	towar	F16/5	IPA CLEANER 5 L	0	0	szt.	68,53	84,29	odłuszczanie lakieru;szyb; felg	3402 20 90
 	towar	F16/1S	IPA CLEANER 1 L	0	0	szt.	20,68	25,44	odłuszczanie lakieru ; szyb; felg	3402 20 90
 	towar	IO	INŻEKTOR OPRYSKU WST.KPL	0	0	szt.	0	0	25M wąż, Z pistoletem i lancą  teleskopowa 1-2	
 	towar	IO/1	INŻEKTOR OPRYSKU WST.	0	0	szt.	0	0	15M wąż z pistoletem i lancą 60cm	
 	towar	IO/ E	INŻEKTOR - DOSEERPOMP MET VERNEVELAAR	0	0	szt.	0	0	dozownik do chemii z wężem 15m/ 60 cm	
 	towar	DS21/1S	INW-10  1 L	0	0	szt.	20,93	25,74	wycofany,  Spray ,Pielęgnacja stali nierdzewnej MATOWEJ i BŁYSZCZĄCEJ	3402 20 90
 	towar	W87/600	INW - 10	0	0	szt.	21,95	27	Do wind i stali nierdzewnej	3402 20 90
 	towar	SEATA CLEANER/1	INVESTA Seata Cleaner 1 l- śr. do prania tapicerek	0	0	szt.	0	0		
 	towar	RIM CLEANER /5	INVESTA Rim Cleaner 5 l- śr./ do mycia felg alum.	0	0	szt.	0	0		
 	towar	RIM CLEANER/0,75	INVESTA Rim Cleaner 0,75 l śr./ do mycia felg alum	0	0	szt.	0	0		
 	towar	QUICK DETAIL/1	INVESTA Quick Detail 1 l- szybkie odśwież.pojazdu	0	0	szt.	0	0		
 	towar	MULOMIR I/20	INVESTA Mulomir I 20 L-alkaiczny prep/ niepianowy	0	0	szt.	0	0		
 	towar	MULOMIR HD/20	INVESTA Mulomir HD 20 L-alkaiczny preparat pianowy	0	0	szt.	0	0		
 	towar	INSECT CLEANER /5	INVESTA Insect Cleaner 5 l- śr./do usuwania owadów	0	0	szt.	0	0		
 	towar	INSECT CLEANER /1	INVESTA Insect Cleaner 1 l- śr./do usuwania owadów	0	0	szt.	0	0		
 	towar	FLASH TIRE/1	INVESTA Flash Tire 1 l - nabłyszczacz do opon	0	0	szt.	0	0		
 	towar	EENGINEER CLEANER/75	INVESTA Engineer Cleaner 0,75 l-płyn/ do silników	0	0	szt.	0	0		
 	towar	COCPIT CAR/1	INVESTA Cocpit Car 1 l- emulsja do mycia kokpitu	0	0	szt.	0	0		
 	towar	AUTO SPA/5	INVESTA Auto Spa 5 l- szampon/ karoserii samoch.	0	0	szt.	0	0		
 	towar	AUTO GLASS/1	INVESTA Auto Glass 1 l - płyn do mycia szyb	0	0	szt.	0	0		
 	towar	AQUA WAX/5	INVESTA Aqua Wax 5 l- wosk samochodowy	0	0	szt.	0	0		
 	towar	AQUA WAX/1	INVESTA Aqua Wax 1 l- wosk samochodowy	0	0	szt.	0	0		
 	towar	ACTIVE FOAM /5	INVESTA Active foam 5 l - szampon samochodowy	0	0	szt.	0	0		
 	towar	ACTIVE FOAM/20	INVESTA Active foam 20 l - szampon samochodowy	0	0	szt.	0	0		
 	towar	ACTIVE FOAM /10	INVESTA Active foam 10 l - szampon samochodowy	0	0	szt.	0	0		
 	towar	ACTIVE FOAM/1	INVESTA Active foam 1 l - szampon samochodowy	0	0	szt.	0	0		
 	towar	ACID FOAM70/20	INVESTA Acid Foam 70 20 L- skon. kwas. śr. myjący	0	0	szt.	0	0	pianowy	
 	towar	IC/5	INTERIOL CLEANER 5 L	0	0	szt.	69,71	85,74	preparat do czyszczenia  wnętrz, aktualny cennik 2015 -51,15 netto	
 	towar	IC/1	INTERIOL CLEANER 1L	0	0	szt.	15,4	18,94	wycofany	
 	towar	IC/C	INTERIOL CLEANER - C 1L	0	0	szt.	20,33	25,01	Cartec; preparat do czyszczenia wnętrz	
 	towar	626.705	INTENSYWNY ŚRODEK CZYSZCZĄCY - SERIA LIMIT 25 l	0	0	szt.	594,27	730,95	pH zasadowe	
 	towar	LR/1	INTENSIV LACKREINIGER 1L	0	0	szt.	60,98	75,01		
 	towar	LR/05	INTENSIV LACKREINIGER 0,5L	0	0	szt.	31,71	39		
 	towar	INSIDE CLEANER/5	INSIDE CLEANER 5 L	0	0	szt.	75	92,25		3402 13 00
 	towar	INSIDE/1 GT	INSIDE CLEANER 1 L GT	0	0	szt.	16,2	19,93	preparat do czyszczenia wnętrz	3402 13 00
 	towar	INSIDE/1	INSIDE CLEANER 1 L	0	0	szt.	18	22,14	preparat do czyszczenia wnętrz	3402 13 00
 	towar	8889-4	INSEKTENENTFERNER	0	0	szt.	0	0		
 	towar	RO-I/5	Insekten 5kg	0	0	szt.	40	49,2		
 	towar	INSEKT/5	INSEKT REMOVER 5 L	0	0	szt.	79,5	97,79	preparat do usuwania insektów	
 	towar	INSEKT REMOVER/20	INSEKT REMOVER 20 L	0	0	szt.	262	322,26	preparat do usuwania insektów	
 	towar	INSEKT/1	INSEKT REMOVER 1 L	0	0	szt.	17,4	21,4	preparat do usuwania insektów	
 	towar	SC12900/10	INNENREINIGER 10KG	0	0	szt.	110	135,3	mycie plastików, odplamianie, pranie tapicerek	
 	towar	INJ	Injector	0	0	szt.	0	0	2.1 3/8"W, 220 bar 	
 	towar	C131	IMPRESS - 1 L	0	0	szt.	3	3,69	K2, CARSO- szampon sam. 	
 	towar	228.300	IMPREGNAT DO TKANIN 400ML	0	0	szt.	29,98	36,88	wycofany	
 	towar	310.200	IMPREGNAT DO KABRIOLETÓW 300ML	0	0	szt.	49,98	61,48	złe partie wycofane z dystrybucji: 57193, 57122....19.09.2018r.	3809 91 00
 	towar	310.100	IMPREGNAT DO KABRIOLETÓW 250ML	0	0	szt.	33,5	41,21		3809 91 00
 	towar	310.141	IMPREGNAT DO KABRIOLETÓW 250ML	0	0	szt.	54,98	67,63		
 	towar	IM	IMADŁO ŚLUSARSKIE	0	0	szt.	0	0		
 	towar	IDR/10	IDROLAK 105R 10KG	0	0	szt.	248	305,04	wosk osuszająco - nabłyszczający	
 	towar	90720	ICE PROOF FOR DIESEL 1L	0	0	szt.	8	9,84		
 	towar	90702	ICE PROOF FOR DIESEL 125 ML	0	0	szt.	2,59	3,19		
 	usługa	P/S2(1)	I Przegląd serwisowy myjki TX300	0	0	szt.	0	0		
 	towar	BK98969	Hydrowosk PIT STOP 750 ml	0	0	szt.	3,9	4,8	Bottari	
 	towar	BK98137	Hydrowosk G. PRIX 500 ml GRAND PRIX	0	0	szt.	8,1	9,96	Bottari	
 	towar	B32236	HYDROSZCZOTKA - żółta	0	0	szt.	0	0	BOTTARI; żółta, z syntetycznym włosiem	
 	towar	HR/750	HYDROREP 750ML	0	0	szt.	13,5	16,61	wosk na mokro	
 	towar	76845	HYDRAULIK STOSSEL OLKONZENTRAT 325 ML	0	0	szt.	7,47	9,19		
 	towar	HUSO/OLEJ	HUSO Olei do mieszanki100 ml zielony	0	0	szt.	0	0		
 	towar	34364	HT OIL 500ML	0	0	szt.	0	0	smar penetrujacy z dodatkiem PTFE TEM. -40 DO +230	
 	towar	ZESTAW HYPER L	HP HW HYPER L2021 	0	0	szt.	0	0	CENA PROMOCYJNA,  gorącowodna, Turbo lanca, lanca pianowa, 200 bar-2900 psi, 9700W - 400V~50Hz 3 ph	
 	towar	HIP	HOUSE IP	0	0	szt.	0	0		
 	towar	HW/25	HOTWAX 25L	0	0	szt.	331	407,13		
 	towar	HW/5	HOT WAX 5L	0	0	szt.	66,2	81,43		
 	towar	HR 551	HoReCa do łazienek 750 ml -Płyn do mycia łazienek	0	0	szt.	10,93	13,44	SHINE	
 	towar	H-ODH/600	HOLTS ZMYWACZ DO HAMULCÓW 600ML	0	0	szt.	12,68	15,6	23% r	3814 00 90
 	towar	HMTN--18A	HOLTS SMAR MIEDZIANY SPRAY 500ML	0	0	szt.	23,77	29,24		
 	towar	HMTN0301A	HOLTS SILIKON W AERAZOLU 500 ML	0	0	szt.	14,99	18,44		3403 19 80
 	towar	HPRO29/300	HOLTS PASTA MONTAŻOWA DO UKŁADÓW WYDECHOWYCH 300 M	0	0	szt.	13,98	17,2		3214 10 10
 	towar	H-PC/400	HOLTS PASTA CERAMICZNA W SPRAYU 400ML	0	0	szt.	18,39	22,62		
 	towar	HAPP0090A	HOLTS ORIGINAL WAX - twardy wosk w puszcze 150G	0	0	szt.	34,98	43,03		
 	towar	HPR012/600	HOLTS ODRDZEWIACZ  600ML	0	0	szt.	17,99	22,13	20%r	3403 19 80
 	towar	HPR012/500(1)	HOLTS ODRDZEWIACZ  500ML	0	0	szt.	19,85	24,42		3403 19 80
 	towar	H-O/300	HOLTS ODMRAŻACZ DO SZYB 300ML	0	0	szt.	4,81	5,92		
 	towar	HRK1HPR	HOLTS ODKAMIENIACZ CHŁODNICY 250ML	0	0	szt.	9,9	12,18		
 	towar	HHT2YPL	HOLTS KOŁO ZAPASOWE 300ML	0	0	szt.	16,99	20,9		4002 19 90
 	towar	H-DCH/500	HOLTS DO CZYSZCZENIA GAŹNIKA I PRZEPUSTNICY 500ML	0	0	szt.	14,99	18,44		3814 00 90
 	towar	8898-6	HOCHGLANZ POLITUR METALIC	0	0	szt.	0	0		
 	towar	D5100	HIRO - ZESTAW MIKROFIBRA - 30szt.	0	0	szt.	32	39,36		
 	towar	RO-110L/5	HIGIENICZNY PŁYN DO RĄK I POWIERZCHNI	0	0	szt.	0	0		
 	towar	CARAMBA/64190501	HHS SMAR O WYSOKIEJ PRZYCZEPNOŚCI 500ML	0	0	szt.	0	0		3403 19 80
 	towar	HERMOL	HERMOL	0	0	szt.	0	0		
 	towar	HER/10	HERKULAN P301 10L	0	0	szt.	0	0	środek czyszczący na bazie alkoholu	
 	towar	HR571/750	HeReCa do dywanów i mebli tapicerowanych 750 ml	0	0	szt.	0	0		
 	towar	267	Herbata express.a'20 Bastek malinowa 30g	0	0	szt.	0	0		
 	towar	SC HD AKTIV/30	HD AKTIVSCHAUM RUSSISCH 30 KG	0	0	szt.	270	332,1	mycie ciężarowe	
 	towar	518 850	HART ŻARÓWKA  H11 12V 55 W	0	0	szt.	0	0		
 	towar	HR754/25	Hard Cleaner 25l.  Prep.do mycia cystern spoż.	0	0	szt.	0	0		
 	towar	HR753	Hard Cleaner 10 l	0	0	szt.	0	0		
 	towar	HS/1	HandSan	0	0	szt.	0	0		
 	towar	HC/70	HAND CREM 70 L	0	0	szt.	0	0	do mycia rąk	
 	towar	HC/4,5	HAND CREM 4,5 L	0	0	szt.	0	0	do mycia rąk	
 	towar	HC/0,5	HAND CREM 	0	0	szt.	0	0	do mycia rąk	
 	towar	HANDCLY/3	HAND- CLEANER YELLOW 3L	0	0	szt.	51,55	63,41	pasta do mycia rąk 	
 	towar	HAGEN	HAGEN kompresor olejowy 230V 50L 8B	0	0	szt.	0	0	Leroy	
 	towar	59403	H.P.L.S. 125 ML	0	0	szt.	0	0		
 	towar	HGR-1840	GWINTOWNICA 4-ELEMENTOWA	0	0	szt.	0	0		
 	towar	GG2Y	GUN GUM PASTE 200G	0	0	szt.	0	0		
 	towar	DYWANIKI/FIAT PUNTO	Gumowe dywaniki Fiat Punto II - komplet	0	0	szt.	0	0		
 	towar	DYWANIKI/FIAT DUCATO	Gumowe dywaniki Fiat Ducato -komplet	0	0	szt.	0	0		
 	towar	NAKŁADKA	GUMOWA NAKŁADKA NA SPRZĘGŁO	0	0	szt.	0	0	Erfolg	
 	towar	003587	GUMMY SNELL IL-PIU  250ML	0	0	szt.	0	0		
 	towar	W18/600	GUMLAX GT 600 ML	0	0	szt.	13,9	17,1	wycofany	
 	towar	Q-18/1	GUMLAX GT 0,5L	0	0	szt.	12,94	15,92	wycofany	
 	towar	A11/5	GUMLAX 5L	0	0	szt.	176,07	216,57	wycofany	
 	towar	A11/1	GUMLAX 1L	0	0	szt.	38,26	47,06	wycofany	
 	towar	GUM	Gumka włącznika	0	0	szt.	0	0		
 	towar	TT8167	GUMA WYMIENNA DO ZBIERAKÓW 71 CM	0	0	szt.	13,9	17,1		
 	towar	4.508.1041	GUMA TYLNIA 590x3- QUICK	0	0	szt.	0	0	Lavor	
 	towar	GUMA/T	GUMA TYLNA S45	0	0	szt.	0	0		
 	towar	4.508.1618	GUMA TYLNA COMFORT XXS L=1000x30	0	0	szt.	0	0	Lavor	
 	towar	4.508.X467	GUMA TYLNA 870x3 - FREE/SPEED/EASY 50/55/66	0	0	szt.	44	54,12	Lavor	
 	towar	4.508.1177	GUMA TYLNA - POLIURETANOWA DL.870GR.4 - SSAWA V	0	0	szt.	0	0	Lavor	
 	towar	 GUMA ŚCIĄGAJĄCA  	GUMA ŚCIĄGAJĄCA 15 KG	0	0	szt.	0	0		
 	towar	5.509.0010	GUMA SSAWNA-SPRINTER	0	0	szt.	0	0	Lavor	
 	towar	GUMA/P	GUMA PRZEDNIA S45	0	0	szt.	0	0		
 	towar	4.508.1619	GUMA PRZEDNIA COMFORT XXS L=960X30	0	0	szt.	0	0	Lavor	
 	towar	4.508.X468	GUMA PRZEDNIA 830x2,5 - FREE/SPEED/EASY 50/55/66	0	0	szt.	38	46,74	Lavor	
 	towar	4.508.1040	GUMA PRZEDNIA 537x2,5- QUICK	0	0	szt.	0	0	Lavor	
 	towar	4.508.1178	GUMA PRZEDNIA - POLIURETANOWA DL.830 GR3.-SSAWA V	0	0	szt.	0	0	Lavor	
 	towar	GOM	GUMA OCHRONNA MAŁA	0	0	szt.	0	0		
 	towar	GOD	GUMA OCHRONNA DUŻA	0	0	szt.	0	0		
 	towar	GRZYBEK/S	Grzybek zaworu pompyVenus	0	0	szt.	6,44	7,92	Super Viton	
 	towar	GRZYBEK/1	Grzybek zaworu pompy Venus	0	0	szt.	5,64	6,94	WAT.1620	
 	towar	GRZYBEK	Grzybek pompki ORION	0	0	szt.	6,53	8,03	ORION,FPM ,WAT.1054 ,OP10 SZT.	
 	towar	G/II	GRZYBEK	0	0	szt.	0	0		
 	towar	WA	GRZEJNIK	0	0	szt.	0	0	WALIZKA	
 	towar	SP12/1	GRILL CLEAN 1L	0	0	szt.	15,6	19,19		
 	towar	GRILL	GRILL - Model 2015	0	0	szt.	0	0		
 	towar	I06/5	GRES KAM 5L	0	0	szt.	205,54	252,81	wycofany	3402 20 90
 	towar	I06/1	GRES KAM 1L	0	0	szt.	32,59	40,09	doczyszczanie gresów i granitogresów	3402 20 90
 	towar	I06/10	GRES KAM 10L	0	0	szt.	245,94	302,51		3402 20 90
 	towar	NIE	GRATIS	0	0	szt.	0	0		
 	towar	5	GRATIA KREM DO RĄK GLICERYNOWY 75 ML	0	0	szt.	0	0		
 	towar	SP23/5	GRANCLOR 2006 5L	0	0	szt.	71,54	87,99	mycie i dezynfekcja alkaliczna	3808 94 90
 	towar	SP23/1-NIE	GRANCLOR 2006 1L	0	0	szt.	20,54	25,26	NIE	3808 94 90
 	towar	SP23/10-NIE	GRANCLOR 2006 10L	0	0	szt.	131,27	161,46	NIE	3808 94 90
 	towar	SP23/5/VAT8%	GRANCLOR 2006 - 5 L	0	0	szt.	71,54	77,26	Mycie i dezynfekcja zasadowa ( chlor aktywny),VAT 8%	3808 94 10
 	towar	SP23/20/VAT8%	GRANCLOR 2006 - 20 L	0	0	szt.	268,85	290,36	Mycie i dezynfekcja zasadowa ( chlor aktywny),VAT 8%	3808 94 10
 	towar	SP23/20- NIE	GRANCLOR 2006 - 20 L	0	0	szt.	259,76	319,5	Mycie i dezynfekcja zasadowa ( chlor aktywny)	3808 94 10
 	towar	SP23/1/VAT8%	GRANCLOR 2006 - 1 L	0	0	szt.	71,54	77,26	Mycie i dezynfekcja zasadowa ( chlor aktywny),VAT 8%	3808 94 10
 	towar	SP01/20- NIE	GRANCLOR 2000 20 L 	0	0	szt.	170,3	209,47	Mycie i dezynfekcja zasadowa (aktywny chlor)	
 	towar	SP01/1	GRANCLOR 2000 1L	0	0	szt.	13,87	17,06		
 	towar	SP10/20	GRAN STON 20L	0	0	szt.	301,98	371,44	wycofany	3402 20 90
 	towar	SP10/1	GRAN STON 1L	0	0	szt.	42,18	51,88		3402 20 90
 	towar	SP04/1	GRAN STILL 1L	0	0	szt.	50,82	62,51		3402 20 90
 	towar	SP03/5	GRAN SMOG 5L	0	0	szt.	136,06	167,35	mycie komór wędzarniczych, piekarników, kominów	3402 20 90
 	towar	SP03/20	GRAN SMOG 20L	0	0	szt.	507,26	623,93		3402 20 90
 	towar	SP03/1	GRAN SMOG 1L	0	0	szt.	30,24	37,2		3402 20 90
 	towar	SP03/10	GRAN SMOG 10 L	0	0	szt.	268,4	330,13		3402 20 90
 	towar	SP15/1	GRAN SIMO 1L	0	0	szt.	18,54	22,8	wycofany	3402 20 90
 	towar	SP15/10	GRAN SIMO 10 L	0	0	szt.	185,1	227,67		3402 20 90
 	towar	SP14/5	GRAN SHINE 5L	0	0	szt.	114,63	140,99	wycofany,  Płukanie i nabłyszczanie naczyń	3402 20 90
 	towar	SP14/1	GRAN SHINE 1L	0	0	szt.	27,31	33,59	wycofany	3402 20 90
 	towar	SP14/10	GRAN SHINE 10L	0	0	szt.	237,94	292,67	Płukanie i nabłyszczanie naczyń	3402 20 90
 	towar	SP-33/1	GRAN QAT GT 1L.	0	0	szt.	18,7	23	 mycie bieżące i dezynfekcja ( neutralna)	
 	towar	SP18/5	GRAN QAT 5L	0	0	szt.	115,52	142,09	 	
 	towar	SP18/1	GRAN QAT 1L	0	0	szt.	29,89	36,76	mycie i dezynfekcja stołów.blatów,lad i kas	
 	towar	SP39/05	GRAN PRES AGD 500 gr	0	0	szt.	37,7	46,37	proszek do ekspresów	
 	towar	SP39/5	GRAN PRES AGD 5 KG	0	0	szt.	119,03	146,41		
 	towar	SP39/3	GRAN PRES AGD 3 KG	0	0	szt.	129,36	159,11		
 	towar	SP13/1	GRAN OIL 1L	0	0	szt.	18,55	22,82	wycofany	
 	towar	SP26/5	GRAN MILK STRONG 5L	0	0	szt.	0	0	wycofany---Gruntowe usuwanie osadów i przebarwień ; mleczko ścierne	
 	towar	SP26/1	GRAN MILK STRONG 1 L	0	0	szt.	23,2	28,54	Gruntowe usuwanie osadow i przebarwień - mleczko	
 	towar	SP21/1	GRAN MILK 1L	0	0	szt.	19,64	24,16		
 	towar	SP38/05	GRAN KAM AGD 500 G	0	0	szt.	34,12	41,97	odkamienianie ekspresów do kawy	3405 40 00
 	towar	GRAN GLASS	GRAN GLASS 1L	0	0	szt.	18,31	22,52		
 	towar	SP07/5	GRAN DIW 5 L	0	0	szt.	157,53	193,76		3402 20 90
 	towar	SP07/1	GRAN DIW 1L	0	0	szt.	22,25	27,37	wycofany	3402 20 90
 	towar	SP07/10	GRAN DIW 10 L	0	0	szt.	307,74	378,52		3402 20 90
 	towar	SP09/10	GRAN DI-CL10L	0	0	szt.	257,49	316,71		
 	towar	SP09/5	GRAN DI-CL 5L	0	0	szt.	68,1	83,76	wycofany,  Mycie naczyń w zmywarkach (z chlorem)	
 	towar	SP09/1	GRAN DI-CL 1L	0	0	szt.	18,01	22,15	wycofany,  konc. , Mycie naczyń w zmywarkach ( z chlorem)	
 	towar	SP02/20	GRAN DEZ 20L	0	0	szt.	0	0	wycofany	3808 94 10
 	towar	SP02/1	GRAN DEZ 1L	0	0	szt.	12,1	14,88		3808 94 10
 	towar	SP02/10	GRAN DEZ 10L	0	0	szt.	74,92	92,15		3808 94 10
 	towar	SP11/1	GRAN CITO 1L	0	0	szt.	14,09	17,33	wycofany	
 	towar	SP05/1	GRAN BIS 1L	0	0	szt.	14,22	17,49	wycofany	3402 20 90
 	towar	SP05/10	GRAN BIS 10L	0	0	szt.	107,02	131,63		3402 20 90
 	towar	SP24/005-NIE	GRAN ALKA DEZ 5L	0	0	szt.	123,39	151,77		3808 94 10
 	towar	SP24/005	GRAN ALKA DEZ 5L	0	0	szt.	123,39	133,26	VAT -8%	3808 94 10
 	towar	SP24/20	GRAN ALKA DEZ 20L	0	0	szt.	0	0	wycofany, Mycie i dezynfekcja zasadowa (bez chloru)	3808 94 10
 	towar	SP24/1	GRAN ALKA DEZ 1L	0	0	szt.	28,62	35,2		3808 94 10
 	towar	GR/1	GRAFFITIN 1L	0	0	szt.	0	0		
 	towar	G/25	GRABIE PLASTYKOWE DO LIŚCI	0	0	szt.	0	0	KTCX24	
 	towar	40090	GRABIE DRUCIANE - METALOWE ROZKŁADANE	0	0	szt.	0	0	METALIK, rozkładane, RC-13-698	
 	towar	G/35	GRABIE DO LIŚCI Z DRUTU	0	0	szt.	0	0	EGA 6518	
 	towar	15A110	GRABIE DO LIŚCI ROZSUWANE	0	0	szt.	0	0	METALIK,	
 	towar	GZT	GRABIE DO LIŚCI METALOWE-BEZ KIJA	0	0	szt.	0	0	Bez kija (1830)	
 	towar	SCRABBLE	GRA SCRABBLE	0	0	szt.	0	0		
 	towar	GOLDWASH	GOLD WASH 20 L	0	0	szt.	310	381,3		3402 13 00
 	towar	GOLD WASH/200	GOLD WASH - 200L. BECZKA	0	0	szt.	3060	3763,8		3402 13 00
 	towar	GZ	Gniazdo zaworu	0	0	szt.	0	0		
 	towar	GN	Gniazdo zaworowe	0	0	szt.	0	0		
 	towar	NT-5349SA3	GNIAZDO SZYBKOZŁĄCZA 1/2' Z KOŃCÓWKĄ DO WĘŻA3/8	0	0	szt.	0	0	Tubes,mosiądz chromowany	
 	towar	NT-5350SA3	GNIAZDO 1/2 z końc.do węża 1/2	0	0	szt.	0	0	Tubes	
 	towar	SPR/CZ	GŁÓWKA SPRYSKIWACZA CZARNA	0	0	szt.	0	0		
 	towar	GO	Głowica opryskiwacza Orion	0	0	szt.	0	0		
 	towar	GP/6	GŁOWICA DO POMPKI 6MM	0	0	szt.	4,55	5,6		
 	towar	GŁOWICA	GŁOWICA	0	0	szt.	0	0		
 	towar	GR/04	GLUE REMOVER 0,4L	0	0	szt.	0	0	preparat do usuwania kleju	
 	towar	GC/1	GLOSS-CONTROL 1L	0	0	szt.	0	0		
 	towar	GLOBAL SÓL	GLOBAL SÓL DO PRANIA FIRAN 400 G	0	0	szt.	0	0	400 g * 4	
 	towar	GC200	GLINKA POLERSKA 200G	0	0	szt.	30	36,9	KEMKO	
 	towar	450.605	GLINKA NA TARCZĘ 	0	0	szt.	149,4	183,76	25% 	3924 90 00
 	towar	GLINKA	GLINKA DO LAKIERU160 G 	0	0	szt.	0	0	MOJE AUTO, ŻOŁTA ŚREDNIO AGRESYWNA	
 	towar	L700	GLINKA - 200 g	0	0	szt.	69,95	86,04	K2,do czyszczenia lakieru	
 	towar	GLINKA/100	GLINKA - 100 g	0	0	szt.	0	0	GALON, FAT PILLAR CLAY BAR REGULAR 	
 	towar	GLIKOL/PROPYL	GLIKOL PROPYLENOWY ZIELONY -35'C 20L	0	0	szt.	0	0		
 	towar	GM/35	GLIKOL MONOETYLENOWY	0	0	kg	0	0	roztwór 35%	
 	towar	GV500	GLASS VISION 500ML	0	0	szt.	5,93	7,29	KEMKO,Płyn do czyszczenia szyb i lusterek	
 	towar	S07/1	GLASS QUARTZ GT 1 L	0	0	szt.	26,74	32,89		
 	towar	S07/1-P	GLASS QUARTZ 1 L -KONCENTRAT	0	0	szt.	94,09	115,73		
 	towar	SHINY GARAGE	GLASS POLISH PRO + DROP OFF 	0	0	szt.	0	0	GALON	
 	towar	GLASS CLEANER II/1	GLASS CLEANER II 1 L.	0	0	szt.	0	0	Kenotek	
 	towar	S01/5	GLASS 5L	0	0	szt.	71,01	87,34		3402 20 90
 	towar	S01/020	GLASS 20L	0	0	szt.	0	0	wycofany	3402 20 90
 	towar	S01/1	GLASS 1L	0	0	szt.	20,27	24,93		3402 20 90
 	towar	RO-5/06A	Glasreiniger z/at 0,6L	0	0	szt.	2,54	3,12		3402 20 20
 	towar	RO-5/075	Glasreiniger z/at  750ml	0	0	szt.	10,77	13,25		3402 20 20
 	towar	RO-5/5	Glasreiniger 5kg	0	0	szt.	30,51	37,53		3402 20 20
 	towar	RO-5/6	Glasreiniger 5+1kg	0	0	szt.	0	0		
 	towar	BK-1	GLAS CLEAN 1L	0	0	szt.	0	0		
 	towar	BK-2	GLAS CLEAN 10L	0	0	szt.	0	0		
 	towar	SC12590/1/30	GLANZTROCKNER 30 L	0	0	szt.	570	701,1		
 	towar	K656	GERWAZY 50ML	0	0	szt.	2,85	3,51	K2, odmrażacz do zamków	
 	towar	GEN	GENERATOR OZONU	0	0	szt.	0	0		
 	towar	G/2	Gąbka-myjka do mycia samochodu	0	0	szt.	0	0	 	
 	towar	B32269	Gąbka z syntetycznej wełny MORBIDOSA	0	0	szt.	10,47	12,88	Bottari, 4x11x24 cm	
 	towar	CARMOTION/GĄBKA	GĄBKA Z MIKROFIBRY I SIATKI	0	0	szt.	0	0	GALON	
 	towar	428.100	GĄBKA Z MIKROFIBRY- czerwona	0	0	szt.	20,98	25,81	DUŻA	3924 90 00
 	towar	B32108	Gąbka z irchy syntetycznej 	0	0	szt.	6,42	7,9	Bottari ,13x2x7,50 cm	
 	towar	417.241	GĄBKA WYMIENNA -  DO P-BALL	0	0	szt.	12,76	15,69		3924 90 00
 	towar	GW	Gąbka włochacz 19x13x8	0	0	szt.	5,36	6,59		
 	towar	BP24483	Gąbka TAMPONE 14x9,5 cm - żółta	0	0	szt.	4,01	4,93	Bottari	
 	towar	428.000	GĄBKA SAMOCHODOWA -szara	0	0	szt.	9,98	12,28	uniwersalna 	3924 90 00
 	towar	GS	Gąbka samochodowa 19x13x8	0	0	szt.	0	0		
 	towar	SIGABKA	GĄBKA SAMOCHODOWA 	0	0	szt.	4,98	6,13	duża	
 	towar	493.541 	GĄBKA POLERSKA ZIELONA 80 (SZT.)	0	0	szt.	0	0		
 	towar	493.541 (1)	GĄBKA POLERSKA ZIELONA 80 (OP.)	0	0	szt.	0	0		
 	towar	GĄBKA POL/ ŻÓŁTA 	GĄBKA POLERSKA ZGRUBNA ŻÓŁTA - 150 mm x30 mm	0	0	szt.	24,39	30	Cartec, 	
 	towar	GĄBKA POL/SZARA-80	GĄBKA POLERSKA WYKOŃCZENIOWA SZARA - 80 mm x25 mm	0	0	szt.	10,5	12,92	Cartec	
 	towar	GĄBKA POL/SZARA	GĄBKA POLERSKA WYKOŃCZENIOWA SZARA - 15 mm x 30 mm	0	0	szt.	22	27,06	Cartec	
 	towar	0101	GĄBKA POLERSKA TWARDA 150MM	0	0	szt.	0	0	biała	
 	towar	0100	GĄBKA POLERSKA ŚREDNIOTWARDA	0	0	szt.	0	0	pomarańczowa	
 	towar	493.241(P)	GĄBKA POLERSKA SZARA 160	0	0	szt.	27,79	34,18	bardzo miękka; 25%, PROMOCJA 	3924 90 00
 	towar	493.241	GĄBKA POLERSKA SZARA 160	0	0	szt.	30,22	37,17	bardzo miękka; 25% 	3924 90 00
 	towar	GP	GĄBKA POLERSKA M14	0	0	szt.	0	0		
 	towar	493.400(P)	GĄBKA POLERSKA DO MASZYN DUAL ACTION CZERWONA 	0	0	szt.	38,24	47,04	car valet, ścierna, czerwona, do pracy z maszynami orbitalnymi/dual action, otwór na środku zapewnia lepsze chłodzenie,143 	3924 90 00
 	towar	493.341	GĄBKA POLERSKA DO MASZYN DUAL ACTION	0	0	szt.	39,5	48,59	żółta 143 (wykończeniowa) dedykowana do pracy z pastą polerską SonaxProfilline EX04/06. Dzięki otworowi na środku zapewnia wydajniejsze chłodzenie.	3924 90 00
 	towar	493.700(1)	GĄBKA POLERSKA CZERWONA 80 (szt.)	0	0	szt.	0	0		
 	towar	493.700	GĄBKA POLERSKA CZERWONA 80 (op.)	0	0	szt.	0	0		
 	towar	493.100(P)	GĄBKA POLERSKA CZERWONA 	0	0	szt.	37,19	45,74	ścierna , czerwona PROMOCJA	4303 90 00
 	towar	417.341	GĄBKA POLERSKA  -  Z UCHWYTEM P-BALL	0	0	szt.	19,33	23,78	wycofany	
 	towar	493.000	GĄBKA POLERSKA 	0	0	szt.	35,55	43,73	car valet, lekkościerna , zielona ,pomarańczowa ZMIANA CENNIKA OD 08/04/2021r na 30,32zł netto	4303 90 00
 	towar	493.400	GĄBKA POLERSKA	0	0	szt.	41,66	51,24	car valet, ścierna, czerwona, do pracy z maszynami orbitalnymi/dual action, otwór na środku zapewnia lepsze chłodzenie,143 ZMIANA CENNIKA OD 08/04/2021r na 35,00zł netto	3924 90 00
 	towar	493.100	GĄBKA POLERSKA	0	0	szt.	39,9	49,08	car valet , ścierna , czerwona, żółta ZMIANA CENNIKA OD 08/04/2021r na 34,00zł netto	4303 90 00
 	towar	B32258	Gąbka MOSCERINI do usuwania owadów	0	0	szt.	3,98	4,9	Bottari, 12x8x4 cm	
 	towar	G/MF	GĄBKA MAGIC FOAM	0	0	szt.	4,07	5,01		
 	towar	B32254G	GĄBKA KOMBI PROSTOKĄTNA 	0	0	szt.	1,61	1,98	BOTTARI, 15,4 x10,5 X5 cm	
 	towar	GJ/2	GĄBKA JUMBO II	0	0	szt.	11,37	13,99	EASY WASH GABKA JUMBO cennik 12,00 zł netto -20 % rabat, zakup 9,60 netto	
 	towar	36/B C	GĄBKA DO VINYLU, DASH FRESHA	0	0	szt.	1,1	1,35		
 	towar	36/A C	GĄBKA DO VINYLU, DASH  FRESHA - duża	0	0	szt.	2,5	3,08		
 	towar	427.141	GĄBKA DO USUWANIA OWADÓW- zielona	0	0	szt.	6,63	8,15	WYCOFANA INFO 15.02.2024	3924 90 00
 	towar	AMT ST-233	GĄBKA DO USUWANIA OWADÓW ARMOR	0	0	szt.	0	0		
 	towar	427.100	GĄBKA DO USUWANIA INSEKTÓW	0	0	szt.	3,5	4,31	wycofany, żółta	
 	towar	417.100	GĄBKA DO SZYB 2w1	0	0	szt.	8,99	11,06	Antyroszeniowa	3924 90 00
 	towar	428.041	GĄBKA DO SAMOCHODU - żółta	0	0	szt.	6,5	8	wycofany	
 	towar	417.200	GĄBKA DO PLASTIKÓW	0	0	szt.	11,48	14,12	Zielona OKRĄGŁA	6307 10 90
 	towar	37/K	GĄBKA DO OPON	0	0	szt.	3,25	4	KEMKO, czarno-zielona	
 	towar	417.300	GĄBKA DO NAKŁADANIA WOSKU	0	0	szt.	10,48	12,89		3924 90 00
 	towar	B32262	Gąbka do mycia samochodu MOTYL	0	0	szt.	0	0	Bottari , 22,5x11,5x5,5 cm	
 	towar	G/4	GĄBKA DO MYCIA SAMOCHODU CAR J.	0	0	szt.	0	0		
 	towar	G/1	Gąbka do mycia samochodu	0	0	szt.	0	0		
 	towar	M460	GĄBKA DO MYCIA RĘCZNEGO GITARA	0	0	szt.	4,6	5,66		
 	towar	GĄBKA/FALA	GĄBKA DO MYCIA FALA DUŻA	0	0	szt.	4,89	6,01	Auto Play, (27,5x17x7,5)	
 	towar	417.541	GĄBKA DO CZYSZCZENIA FELG	0	0	szt.	13,5	16,61	wycofany	9603 90 99
 	towar	416.000	GĄBKA CZYSZCZĄCA -2 szt.	0	0	szt.	9,19	11,3	usuwa zabrudzenia ze szkła, gumy, plastiku	3924 90 00
 	towar	426.100	GĄBKA 2w1 	0	0	szt.	14,84	18,25	do usuwania insektów - delikatna	
 	towar	GAŚNICA/W	GAŚNICA Z WIESZAKIEM 1 KG.	0	0	szt.	0	0		
 	towar	GAŚNICA	GAŚNICA ALUMIN. 1KG BEZ WIE.	0	0	szt.	0	0		
 	towar	GAŁKA	GAŁKA REGULACUJNA (8)	0	0	szt.	0	0	K-8 10028951	
 	towar	W515	GALANT REFILL 5L 	0	0	szt.	29,9	36,78	K2, Kremowy żel do mycia rąk	
 	towar	W511	GALANT - 500 ML	0	0	szt.	5,35	6,58	wycofany,K2, żel do mycia rąk z pompką	
 	towar	473.852	Gabka wymienna	0	0	szt.	22,64	27,85		
 	towar	F43/0025	G2	0	0	szt.	115,5	142,07	kwarcowe zabezpieczenie powierzchni szklannych:szyb, lusterek,refrektorów ,szyberdachów	3402 20 90
 	towar	FUTERKO POL/80	FUTERKO POLERSKIE JAGNIĘCIE 80 MM	0	0	szt.	16,26	20	Cartec	
 	towar	FUTERKO POL/150	FUTERKO PLERSKIE JAGNIĘCIE 150 MM	0	0	szt.	30	36,9	Cartec	
 	usługa	910	FUNDUSZ REMONTOWY LOKAL	0	0	szt.	0	0		
 	towar	H-05/600	FUGI I SPOINY 600 ML	0	0	szt.	13,69	16,84		3402 20 90
 	towar	FROZEN PRO 25 KG	FROZEN PRO 25 KG	0	0	szt.	475	584,25		
 	towar	00005-02289	FRONT BLADE SQUEEGEE L=960	0	0	szt.	0	0	Lavor pod Dynamis	
 	towar	FRESHTEK/GRANULKI	FRESHTEK GRANULKI DO ODKURZACZA 	0	0	szt.	0	0	LAWENDA I WANILIA Z PORZECZKĄ	
 	towar	MEGA CONC	FR MEGA CONC 25KG - Mycie wstępne	0	0	szt.	245	301,35		
 	towar	K631	FOX - SPRAY ANTYROSZENIOWY 150ML	0	0	szt.	5,35	6,58	K2	
 	towar	FL/750	FORLEGA 750ML	0	0	szt.	11,62	14,29	PLAK czyste felgi	3402 13 00
 	towar	FL/12	FORLEGA 12KG	0	0	szt.	175,75	216,17	czyści alufelgi i części wykonane z aluminium	3402 13 00
 	usługa	FORD1(1)	FORD MONDEO 2001 KOMBI 2.0 TDCI 115 KM MMT6	0	0	szt.	0	0	115 KM MMT6 (WF0WXXGBBWY)	
 	usługa	FORD	Ford Mondeo 2.0 TDCI - samochód ciężarowy 	0	0	szt.	0	0		
 	towar	FORC/750	FORCLEAN 750ML	0	0	szt.	9,8	12,05	czysty silnik	3402 13 00
 	towar	FORCLEAN/10	FORCLEAN 10 KG	0	0	szt.	123	151,29	czysty silnik	3402 13 00
 	towar	FOLIA	FOLIA DO PAKOWANIA	0	0	szt.	0	0	ręczna, czarna	
 	towar	0020	FOLIA ANTYMROZOWA	0	0	szt.	0	0		
 	towar	VAN200	FOEN - VANILLA 200ml	0	0	szt.	0	0		
 	towar	SOU200	FOEN - SOUL 185ml	0	0	szt.	0	0		3307 49 00
 	towar	SAV200/NIE	FOEN - SAVOR 200ml	0	0	szt.	0	0		
 	towar	SAV200	FOEN - SAVOR 185ml	0	0	szt.	0	0		
 	towar	NOS200	FOEN - NO SMOKING 200ml	0	0	szt.	0	0		
 	towar	BOS500	FOEN - MR. BOSS 500ml	0	0	szt.	0	0		
 	towar	LAG200	FOEN - LAGUNA 200ml	0	0	szt.	0	0		
 	towar	JAC500	FOEN - JACK 500ml	0	0	szt.	0	0		
 	towar	JAC200	FOEN - JACK 185ml	0	0	szt.	0	0		
 	towar	HER200/NIE	FOEN - HER & HIS 200ml	0	0	szt.	0	0		
 	towar	HER200	FOEN - HER & HIS 185ml	0	0	szt.	0	0		
 	towar	GRE200	FOEN - GREEN TEA 200ml	0	0	szt.	0	0		
 	towar	GEN500	FOEN - GETLEMAN 500ml	0	0	szt.	0	0		
 	towar	GEN200	FOEN - GETLEMAN 185ml	0	0	szt.	0	0		
 	towar	CAR200	FOEN - CARBON 185ml	0	0	szt.	0	0		3307 49 00
 	towar	BOS200	FOEN - BOSS 185ml	0	0	szt.	0	0		
 	towar	BLA500	FOEN - BLACK 500ml	0	0	szt.	0	0		
 	towar	BLA200	FOEN - BLACK 185ml	0	0	szt.	0	0		3307 49 00
 	towar	AQU200	FOEN - AQUA 200ml	0	0	szt.	0	0		
 	towar	RO-210	FLUSH MAGIC 2 L	0	0	szt.	42	51,66		
 	towar	F/1	Fluidol w aerozolu 500ml	0	0	szt.	0	0		
 	towar	FLOOR/5	FLOOR Płyn uniwersalny - 5 L	0	0	szt.	0	0		
 	towar	FLOOR CLEANER/5	FLOOR CLEANER 5 L 	0	0	szt.	79,5	97,79	środek do mycia bardzo zabrudzonych podłóg	
 	towar	FLOOR CLEANER/20	FLOOR CLEANER 20 L	0	0	szt.	300	369	środek do mycia bardzo zabrudzonych  podłóg	
 	towar	POLERKA 10-8-125	FLEX XCE 10-8-125 POLERKA MIMOŚRODOWA	0	0	szt.	0	0		
 	towar	FINISH 12000	FINISH12000 150 ML	0	0	szt.	32,52	40	Cartec, środek do polerowania na wysoki połysk-halogram free	
 	towar	FL	FILTRY -190 micron FOX	0	0	szt.	0	0		
 	towar	0139701105	FILTR ZAMIENNIK DO "K"	0	0	szt.	0	0	6.414-552	
 	towar	52120023_POWER	FILTR Z WŁÓKNINY WHISPER/SAHARA-5 SZT.	0	0	szt.	0	0	LAVOR	
 	towar	FWP	Filtr wody plastikowy	0	0	szt.	0	0	3/4"F - 3/4"M 120 mesh p	
 	towar	4730-059	FILTR WODY od strony urządzenia	0	0	szt.	45,9	56,46	do myjki	
 	towar	FW	Filtr wody do myjki	0	0	szt.	0	0		
 	towar	5.212.0029	FILTR TYPU CARDRIDGE - VAC18/20/VENTI/TRENTA	0	0	szt.	0	0	Lavor	
 	towar	5.212.0091	FILTR TKANINOWY - STN18/ASH	0	0	szt.	0	0	Lavor (w opk. 3szt.)	
 	towar	FILTR/Z	FILTR S. 2000 ZELMER 	0	0	szt.	0	0		
 	towar	FILTR/POW	Filtr powietrza do odkurzacza	0	0	szt.	0	0	(cartridge)	
 	towar	FILTR/1	Filtr poliestr. - baweł.	0	0	szt.	0	0		
 	towar	6904-206	Filtr płaski NT 361,561,611	0	0	szt.	0	0		
 	towar	6904-156	Filtr płaski do NT 351	0	0	szt.	0	0		
 	towar	5.212.0023	FILTR PAPIEROWY WHISPER/SAHARA op(10 szt)	0	0	szt.	0	0	Lavor	
 	towar	FP	Filtr papierowy R06	0	0	szt.	0	0		
 	towar	FP601	Filtr papierowy 601	0	0	szt.	0	0		
 	towar	FIP	Filtr paliwa	0	0	szt.	0	0		
 	towar	FILTR	FILTR IP	0	0	szt.	0	0		
 	towar	ELMB03	FILTR DO ODKURZACZA POLI W E-LUX E-26	0	0	szt.	0	0	WORWO SYMBOL ELMB03 W OP 5 SZT DO ELEKTROLUX,KARCHER 	
 	towar	FDO	Filtr do odkurzacza	0	0	szt.	0	0		
 	towar	FILTR/ODK	FILTR DO ODKURZACZA	0	0	szt.	0	0	Leroy Merlin	
 	towar	6904-367	Filtr do NT 361/561 i 35/1 45/1	0	0	szt.	0	0		
 	towar	FDL	Filtr do lancy	0	0	szt.	0	0		
 	towar	3.752.0093	FILTR CARDRIGOWY-WHISPER	0	0	szt.	0	0	LAVOR	
 	towar	FIL	FILTR	0	0	szt.	0	0		
 	towar	FENIKS/ŚCIERKA	FENIKS ŚCIERKA DO POLEROWANIA 	0	0	szt.	0	0		
 	towar	FENIKS/GRILL	FENIKS GRILL CLEANER 1L- płyn do grilli i kominków	0	0	szt.	19,58	24,08		
 	towar	FENIKS/GLASS	FENIKS GLASS SUPER SHINE 1L - Płyn do szyb	0	0	szt.	15	18,45		
 	towar	FENIKS/GLASS ANTI	FENIKS GLASS ANTI-FOG 1L - płyn do szyb, antypara	0	0	szt.	17,5	21,53		
 	towar	FENIKS/FURNITURE	FENIKS FURNITURE SHINE 1L - mleczko do mebli	0	0	szt.	23,44	28,83		
 	towar	FENIKS/DISHWASHING	FENIKS DISHWASHING PRIME 1L - płyn do mycia naczyń	0	0	szt.	11,25	13,84		
 	towar	FENIKS/DISHWASH SHIN	FENIKS DISHWASH SHINE 5L -płukanie i nabłyszczanie	0	0	szt.	87,5	107,63		
 	towar	FENIKS/DISHWASH	FENIKS DISHWASH 5L -  mycie naczyń w zmywarkach	0	0	szt.	62,5	76,88		
 	towar	FENIKS/DEGREASER	FENIKS DEGREASER 1L - Płyn do odtłuszczania	0	0	szt.	19,42	23,89		
 	towar	FENIKS/BATHROOM	FENIKS BATHROMM CLEANER 1L - czyszczenie łazienek	0	0	szt.	19,08	23,47		
 	towar	FELIX	FELIX 750ML -Płyn do felg	0	0	szt.	7,87	9,68	K2	
 	towar	FR/5	FELGEN REINIGER 5L	0	0	szt.	85,35	104,98		
 	towar	FR/1	FELGEN REINIGER 1L	0	0	szt.	20,33	25		
 	towar	FAVORAC	FAVORAC 200 ml	0	0	szt.	7,8	9,59		
 	towar	40509	FAST SHINE POLISH 500 ML	0	0	szt.	11,74	14,44		
 	towar	FG/1	FAST GLAZE 1 L 	0	0	szt.	47,97	59		
 	towar	FS/8	FASCO 8KG	0	0	szt.	224	275,52	konserwacja zderzaków	
 	towar	FS/600	FASCO 600ML	0	0	szt.	18,4	22,63	nabłyszcza zderzaki	
 	towar	408.100	FARBA DO SZAREGO PCV 100 ML	0	0	szt.	13,05	16,05	wycofany	
 	towar	409.100	FARBA DO CZARNEGO PCV 100 ML	0	0	szt.	23,98	29,5		3209 10 00
 	towar	FAIRY	FAIRY PLATINUM KAPSUŁKI DO ZMYWAREK	0	0	szt.	0	0		
 	towar	803365	FAHRAD REINIGER	0	0	szt.	0	0		
 	towar	839--5 PP	F.PAL.SKODA FABIA 1.9TDI	0	0	szt.	0	0		
 	towar	1079 K	F.KAB.VW POLOIV	0	0	szt.	0	0		
 	towar	189-1 AP	F. POW. SKODA FABIA DIESEL	0	0	szt.	0	0		
 	towar	EXTERIOR	EXTERIOR CLEAN XL 20 L	0	0	szt.	235,77	290		
 	towar	WP/1 - N	EXPRESS WAX 1L - N	0	0	szt.	37	45,51	WASH POLISH 	
 	towar	K141	EXPRESS PLUS 1L	0	0	szt.	4,99	6,14	K2, szampon z woskiem	
 	towar	K131/1	EXPRESS 1L	0	0	szt.	4,45	5,47	K2	
 	towar	K130	EXPRESS - szmpon samochodowy 500 ml.	0	0	szt.	3,11	3,83	K2	
 	towar	MJ-2	EXOTOL 1L	0	0	szt.	0	0		
 	towar	V053	EVOS UNICORN FLAKON 50ML	0	0	szt.	23,99	29,51	K2, perfumy	
 	towar	V051	EVOS SPARTA FLAKON 50ML	0	0	szt.	23,99	29,51	K2, perfumy	
 	towar	V052	EVOS SAMURAI FLAKON 50ML	0	0	szt.	23,99	29,51	K2, perfumy	
 	towar	V056	EVOS HUNTER FLAKON 50ML	0	0	szt.	23,99	29,51	K2, perfumy	
 	towar	V054	EVOS BOOS FLAKON 50ML	0	0	szt.	23,99	29,51	K2, perfumy	
 	towar	EC 2012/25	EUROCLEANER 2012 25L	0	0	szt.	0	0	Preparat do mycia sam. osob.,dost.,cięż.	
 	towar	EC 2012/5	EURO CLEANER 2012 5L	0	0	szt.	37,25	45,82	Preparat do mycia sam. osob.,dost.	
 	towar	AP522	ES-200 Łagodna piana z nabłyszczaczem 5 L	0	0	szt.	0	0		
 	towar	AP521	ES-200 Łagodna piana z nabłyszczaczem 1 l	0	0	szt.	14,93	18,36		
 	towar	ERC/180	ERC Dodatek do DIESLA 200 ml - 180	0	0	szt.	14,88	18,3	Zimowy -39 C	
 	towar	ERC/170	ERC Dodatek do DIESLA 200 ml - 170	0	0	szt.	16,88	20,76	czyści układ paliwowy	
 	towar	ERC/161	ERC Dodatek do DIESLA 200 ml - 161	0	0	szt.	16,48	20,27		
 	towar	ERC/110	ERC Dodatek do BENZYNY 200 ml - 110	0	0	szt.	16,88	20,76	czyści układ paliwowy 	
 	towar	ERC/101	ERC Dodatek do BENZYNY 200 ml - 101	0	0	szt.	16,88	20,76	power additive	
 	towar	E-POWER/30	E-POWER PLUS 30 KG	0	0	szt.	368,26	452,96	Ekologiczny proszek do myjni samoobsługowej. dozowanie 15g/10 l	
 	towar	W12/600	EN-JEE GT 600 ML	0	0	szt.	14,77	18,17		3402 20 90
 	towar	A27/5	EN-JEE 5L	0	0	szt.	128,92	158,57		3402 20 90
 	towar	A27/20	EN-JEE 20L	0	0	szt.	488,78	601,2	, środek do mycia felg i kołpaków	3402 20 90
 	towar	A27/1	EN-JEE 1L	0	0	szt.	29,14	35,84		3402 20 90
 	towar	A27/10	EN-JEE 10L	0	0	szt.	243,86	299,95		3402 20 90
 	towar	EC500	ENGINE CLEANER 500ML	0	0	szt.	5,4	6,64	KEMKO,preparat do mycia silnika	
 	towar	SH362/5	EMULSJA ANTYADHEZYJNA LEKKA 5 L	0	0	szt.	50	61,5		
 	towar	SH361	EMULSJA ANTYADHEZYJNA LEKKA 1 L	0	0	szt.	11	13,53		
 	towar	EMULGOL	EMULGOL ES-12 B  5 L.	0	0	szt.	0	0	ORLEN, emulsja chłodząca do tokarek	
 	towar	PIILNIK	ELEKTRYCZNY PILNIK DO STÓP	0	0	szt.	0	0		
 	towar	OGRZEWACZ	ELEKTRYCZNY OGRZEWACZ TWISTER KOSPEL 5,5 KW	0	0	szt.	0	0		
 	towar	00058-01537	ELEKTROZAWÓR - 24V DC NC 2-way - FREE B/XXS/..	0	0	szt.	445,51	547,98	Lavor	
 	towar	2.21.007	ELEKTRONICZNY ODŚWIEŻACZ F321	0	0	szt.	0	0	mały	
 	towar	2.21.005	ELEKTRONICZNY ODŚWIEŻACZ F1431D	0	0	szt.	0	0	duży	
 	towar	EDM	Elektroda do myjki	0	0	szt.	0	0		
 	towar	SCL-30	Electromechanical hour meters	0	0	szt.	0	0	Simex, scl-30-g-230vac-60Hz-001, licznik czsu pracy	
 	towar	EC074	EKO SCAN1000 FOOD AREA 25 L.	0	0	szt.	0	0		
 	towar	ECO SCAN 700AI/25	EKO SCAN 700 Ai 25 L Color Green	0	0	szt.	0	0	SHINE	
 	towar	EC072	EKO SCAN 1000 FOOD AREA 5 l	0	0	szt.	73,3	90,16		
 	towar	EC542	EKO ACID CLEANER PLUS 5 L	0	0	szt.	0	0		
 	towar	IN582	Eko Acid Cleaner Activ  5 l	0	0	szt.	0	0		
 	towar	55965	EINSPRITZ REINIGER 325 ML	0	0	szt.	5,6	6,89		
 	towar	MJ-4	EFFEKTOL 1L	0	0	szt.	0	0		
 	towar	ECB/25	ECOBRIL 25KG	0	0	szt.	274	337,02	do usuwania zabrudzeń organicznych	
 	towar	ECO WASH/5	ECO WASH 5 L	0	0	szt.	54,5	67,04		
 	towar	ECO WASH/20	ECO WASH 20 L	0	0	szt.	200	246	preparat do mycia każdego typu pojazdu	3402 13 00
 	towar	ECO WASH/1	ECO WASH 1L	0	0	szt.	12,4	15,25		
 	towar	ECO WASH	ECO WASH - BECZKA	0	0	szt.	1640	2017,2	preparat do mycia każdego typu pojazdu	3402 13 00
 	towar	ECO SUPER ACTIVE	ECO SUPER ACTIVE 20 L 	0	0	szt.	228	280,44		
 	towar	ECO SUPER ACTIVE/1	ECO SUPER ACTIVE 1 L 	0	0	szt.	18,5	22,76		
 	towar	SANIT SHINE	ECO SHINE SANIT SHINE 1 L	0	0	szt.	0	0		
 	towar	MULTISHINE	ECO SHINE MULTISHINE 1 L	0	0	szt.	0	0		
 	towar	GLAS SHINE	ECO SHINE GLASS SHINE 1 L	0	0	szt.	0	0		
 	towar	ECO ALU/205	ECO ALU 5 L	0	0	szt.	67	82,41	nietoksyczny preparat do czyszczenia felg	
 	towar	ECO ALU/20	ECO ALU 20 L	0	0	szt.	250	307,5	nietoksyczny preparat do czyszczenia felg	3402 13 00
 	towar	00726	Dźwignia do ssawy	0	0	szt.	38	46,74	do pistoletu SPT	
 	towar	DYWANIK	DYWANIKI GUMOWE MERCEDES-BENZ VITO 	0	0	szt.	0	0		
 	towar	DF/500	DYWANIKI FOLIOWE JEDNORAZOWE 500 SZT RULON	0	0	szt.	0	0	ODCISK BUTA, 4-5KG	
 	towar	BIAŁE/DYWANIKI250	DYWANIKI FOLIOWE JEDNORAZOWE 250 SZT RULON	0	0	szt.	0	0	ODCISK BUTA	
 	towar	D/500B	DYWANIK SAMOCHODOWY 38X50 BIAŁY	0	0	szt.	0	0		
 	towar	D/500	DYWANIK PAPIEROWY 500SZT.	0	0	szt.	0	0	uniwersalny nadruk; 38X50	
 	towar	DYWANIK/PASAŻER	Dywanik gumowy pasażer Toyota Hilux	0	0	szt.	0	0		
 	towar	DYWANIK/KIEROWCA	Dywanik gumowy kierowca Toyota Hilux	0	0	szt.	0	0		
 	towar	3.103.0056	DYSZA-1/8 15075	0	0	szt.	0	0	LAVOR	
 	towar	DYSZA W.	DYSZA WODY	0	0	szt.	0	0	aburus dla energoutil	
 	towar	DTL	Dysza turbo + lanca	0	0	kpl.	0	0		
 	towar	DT	Dysza turbo	0	0	szt.	0	0		
 	towar	DSW1/8	Dysza strumienia wody 1/8'	0	0	szt.	0	0	65' - 050	
 	towar	08005021415040	Dysza strumienia wody 1/4" 15-040	0	0	szt.	0	0		
 	towar	DSW1/4	DYSZA STRUMIENIA WODY 1/4"	0	0	szt.	0	0	40-070/40-070/40-045	
 	towar	DSW	Dysza strumienia wody	0	0	szt.	0	0	25-045/060/070	
 	towar	DYSZA MF/1	Dysza standard	0	0	szt.	8,54	10,5	WAO.1094	
 	towar	DYSZA MF/2	Dysza rozpylacza N-mała	0	0	szt.	15,23	18,73		
 	towar	DYSZA ROZP	Dysza rotacyjna	0	0	szt.	15,23	18,73	KORPUS ZŁACZKI do wytwarzania piany	
 	towar	WAO.1094	DYSZA REGULOWANA -ZESTAW 10 SZTUK	0	0	szt.	85,4	105,04		
 	towar	DP	Dysza płaska	0	0	szt.	0	0		
 	towar	DPA	Dysza paliwa	0	0	szt.	0	0		
 	towar	DO/060	Dysza obrotowa 060	0	0	szt.	0	0	255 bar	
 	towar	DO/045	Dysza obrotowa 045	0	0	szt.	0	0	255 bar	
 	towar	0802405104	Dysza obrotowa  ROTOJET 255 bar 040	0	0	szt.	0	0		
 	towar	DK1/4	DYSZA KANALIZACYJNA 1/4"F	0	0	szt.	0	0	3*0,7 mm - 045 obrotowy	
 	towar	TPR/50	Dysza dwóch pozycji TPR 50	0	0	szt.	0	0	1/4"F - 1/4"F	
 	towar	DDP/TS	DYSZA DO PIASKOWANIA TS- WIDIA	0	0	szt.	0	0	045-1,5MM	
 	towar	FK	Dysza do piany	0	0	szt.	0	0		
 	towar	DYSZA CHEM	DYSZA DO CHEMII	0	0	szt.	0	0		
 	towar	DYSZA CZARNA	DYSZA CZARNA DO PIANOWNICY	0	0	szt.	0	0		
 	towar	DYSZA	Dysza	0	0	szt.	0	0		
 	towar	0975	DWÓJNIK+PRZEMIENNIK NAPIĘCIA  22807	0	0	szt.	20,68	25,44		
 	towar	L320	DURABIT CZARNY 500ML -do konserwacji podwozia	0	0	szt.	15,95	19,62	12k	
 	towar	L325	DURABIT CZARNY 1L POD PISTOLET	0	0	szt.	29,45	36,22		
 	towar	L326	DURABIT CZARNY 1L POD PĘDZEL	0	0	szt.	14,95	18,39		
 	towar	DUO ACTIVE/5	DUO ACTIVE WASH 5 L	0	0	szt.	89,5	110,09	 piana aktywna	
 	towar	DULUX	DULUX EASYCARE 9L BIAŁY	0	0	szt.	0	0		
 	towar	G-68	DS1 GT 750ml.	0	0	szt.	16,96	20,86	wycofany	3808 94 10
 	towar	U05/1-VAT8%	DS1 GT 1 L.	0	0	szt.	25,81	27,87	VAT -8%	3808 94 10
 	towar	U05/1-NIE	DS1 GT 1 L.	0	0	szt.	24,94	30,68	NIE	3808 94 10
 	towar	U04/1	DS1 1 L	0	0	szt.	66,75	82,1	szybka dezynfekcja w 1 minutę -koncentrat	3808 94 10
 	towar	W68/600	DS 1 GT 600 ML	0	0	szt.	33	40,59		3808 94 10
 	towar	SCDTF/10	DRY TEC FLAVOUR 10L	0	0	szt.	350	430,5	wosk osuszajacy NANO	
 	towar	71869	DRY FUEL 325 ML	0	0	szt.	5,34	6,57		
 	towar	DRIZZLE PROTECT/5	DRIZZLE PROTECT 5L	0	0	szt.	75,86	93,31	wycofany, CJP	3402 90 90
 	towar	DRAGON/25	DRAGON 25KG- piana aktywna	0	0	szt.	589,43	725		
 	towar	DMN/500	DRACO MLECZKO NABŁYSZCZAJĄCE 500ML	0	0	szt.	9,95	12,24	wycofany	
 	towar	DRABINA	DRABINA ALUMINIOWA 	0	0	szt.	0	0	Dwustronna	
 	towar	376	DR. MARCUS- ABSORBER	0	0	szt.	4,33	5,33	(jak zamawiać to: Odour eliminator), ETRA, pochłaniacz zapachu	
 	towar	COCKPIT	DR. MARCUS  COCKPIT 750 ML.	0	0	szt.	0	0	Dr. Marcus	
 	towar	T316	DPF CLEANER 50ML	0	0	szt.	6,88	8,46		
 	towar	W150	DPF CLEANER 500 ML	0	0	szt.	21,99	27,05	Regenator filtra cząstek stałych	
 	towar	D30	Dozownik Transparentny	0	0	szt.	0,16	0,2	 push pull 28/410	
 	towar	24125	Dozownik pneumat.do oleju 24 litry	0	0	szt.	0	0		
 	towar	MJ-7	DOZOWNIK NA BUTELKI 5-25 ml	0	0	szt.	0	0		
 	towar	H600B	Dozownik mydła H-600-B  0,6L	0	0	szt.	0	0		
 	towar	H-1000	Dozownik mydła H-1000 1 L	0	0	szt.	0	0		
 	towar	F-133	Dozownik mydła F-133 biały	0	0	szt.	0	0		
 	towar	2.16.072	DOZOWNIK MYDŁA EVO S.6 1 L	0	0	szt.	0	0	Flesz, biały	
 	towar	3194	Dozownik mydła 3194 / 0,6 L	0	0	szt.	0	0		
 	towar	2227	Dozownik mydła 2227 0,5L	0	0	szt.	47,16	58,01		
 	towar	DM/1	Dozownik mydła 1L	0	0	szt.	0	0	z ramieniem	
 	towar	DSP10	DOZOWNIK DSP10	0	0	szt.	0	0		
 	towar	892222	DOZOWNIK DO MYDŁA HELIX- LUCART	0	0	szt.	0	0	Lucart	
 	towar	2225	Dozownik do mydła 2225 1L	0	0	szt.	58,76	72,27		
 	towar	95367	Dozownik do mydła 0,5L 	0	0	szt.	0	0	Flesz	
 	towar	ECO6839	Dozownik do 3L	0	0	szt.	0	0		
 	towar	DOZ/DP	DOZOWNIK D/PAST 106/DOPE2,5	0	0	szt.	0	0		
 	towar	DW	DOZOWNIK + WIESZAK 	0	0	szt.	0	0	do pasty- przemysłowy śr.	
 	towar	DOZ/M	DOZOWNIK 	0	0	szt.	0	0	do Mydła, biały	
 	towar	DOZ	Dozownik	0	0	szt.	35	43,05	pasty i żelu Majster	
 	usługa	DU	Dostawa urządzenia po przeglądzie serwisowym	0	0	szt.	0	0		
 	usługa	DOPŁATA	DOPŁATA Z TYTUŁU ROZLICZEŃ ZUŻYCIA WODY	0	0	szt.	0	0	za 2014 r.	
 	towar	DOMEST. ZERO KAM	DOMESTOS ZERO KAMIENIA  750 ML	0	0	szt.	0	0	VAT 8%	
 	towar	 DOMESTOS/1,25	DOMESTOS WC 1,25 L	0	0	szt.	0	0		
 	towar	DOMEST./750	DOMESTOS 750ML	0	0	szt.	0	0	VAT 8%, Chemdom	
 	towar	DOMESTOS750/SPRAY	DOMESTOS 750 ML SPRAY	0	0	szt.	0	0		
 	towar	DOMEST./750 (1)	DOMESTOS 750 M L	0	0	szt.	0	0		
 	towar	DOMEST./5	DOMESTOS 5L	0	0	szt.	0	0	VAT 8%, Chemdom	
 	towar	DOMEST./5 NIE	DOMESTOS 5L 	0	0	szt.	0	0	Chemdom	
 	usługa	P/S4	Dojazd i montaż ogrzewacza przepływowego	0	0	szt.	0	0		
 	towar	521.100	Dodatek do paliwa DIESEL 250ml	0	0	szt.	12,5	15,38	wycofany,  Common Rail	
 	towar	516.100	Dodatek do OLEJU SILNIKOWEGO 250ml	0	0	szt.	15,98	19,66		
 	towar	517.100	Dodatek do OLEJU 250ml	0	0	szt.	16,98	20,89	redukuje dymienie	
 	towar	514.100	Dodatek do BENZYNY 250ml	0	0	szt.	11,98	14,74	zwiększa liczbę oktanową	
 	towar	519.100	Dodatek do BENZYNY 250ml	0	0	szt.	10,5	12,92	czyści wtryskiwacze i gaźnik	
 	towar	515.100	Dodatek do BENZYNY 250ml	0	0	szt.	10,5	12,92	wycofany , czyści cały układ paliwowy	
 	towar	BENZ.	DODATEK DO BENZYNY 150ML  KLEEN-FLO	0	0	szt.	0	0	Galon Oleje	
 	towar	518.100	Dodatek czyszczący DIESEL  250ml	0	0	szt.	10,5	12,92	wycofany, czyści wtryskiwacze 	
 	towar	DS08/1	DOCZYSZCZANIE KOSTKI BRUKOWEJ NR.2 1L	0	0	szt.	33,82	41,6		3402 20 90
 	towar	DS07/5	DOCZYSZCZANIE KOSTKI BRUKOWEJ NR.1 5 L	0	0	szt.	139,05	171,03	niebieski	3402 20 90
 	towar	DS07/1	DOCZYSZCZANIE KOSTKI BRUKOWEJ NR.1 1L	0	0	szt.	35,14	43,22	niebieski	3402 20 90
 	towar	0-017	DOCISK SPRZĘGŁA F-126	0	0	szt.	0	0		
 	towar	BO500	DO USUWANIA OWADÓW 500ML	0	0	szt.	7	8,61	KEMKO	
 	towar	513.200	DO USUWANIA NALOTÓW RDZY 500ML	0	0	szt.	37,48	46,1		3402 20 90
 	towar	513.505	DO USUWANIA NALOTÓW RDZY 5 L	0	0	szt.	205	252,15		3402 20 90
 	towar	HR821-750ML	DO MYCIA GRESÓW ORAZ OSADÓW KAMIENIA WODNEGO 750ML	0	0	szt.	12,38	15,23	koncentrat	
 	towar	250.500	DO KONSERWACJI ELEM. GUMOWYCH -  BEZ SILIKONU 5 L	0	0	szt.	276,87	340,55		
 	towar	DMS/400	DMS 400ML	0	0	szt.	9,24	11,37	Płyn do mycia silnika	
 	towar	DMS1508	DMS 1508  8KG	0	0	szt.	167	205,41		
 	towar	DLS125/10	DLS 125 10 KG	0	0	szt.	107,58	132,32		
 	towar	KLEJEPOKSYD	DISTAL KLEJ EPOKSYD	0	0	szt.	0	0		
 	towar	M158/25	DIPER -25 KG	0	0	szt.	226,5	278,6	K2 ...AKTUALIZACJA CENY CENNIKOWEJ  10/04/2015	
 	towar	M158/10	DIPER -10 KG	0	0	szt.	97,5	119,93	K2 ...AKTUALIZACJA CENY CENNIKOWEJ  10/04/2015	
 	towar	M156/5	DIPER - 5 KG	0	0	szt.	45,5	55,97	K2	
 	towar	M804/2	DIPER - 2 KG	0	0	szt.	21,65	26,63	K2	
 	towar	M802/1	DIPER - 1 KG	0	0	szt.	11,25	13,84	K2	
 	towar	DIN-444	DIN-444 - FARBA CYNK JASNY 400 ML 	0	0	szt.	0	0	Pyrmo-Chemia,spr.	
 	towar	DIMER ECO/10	DIMER ECO VERDE 10KG	0	0	szt.	136,98	168,49	dimer eko, tańszy i słabszy	
 	towar	DIM/5	DIMER 5KG	0	0	szt.	91,2	112,18		3402 90 90
 	towar	DIMER4S/750(P)	DIMER 4S DO MYCIA SILNIKA 750 ML	0	0	szt.	9,8	12,05	PROMOCJA, PLAK 	3402 90 90
 	towar	DIMER4S/750	DIMER 4S DO MYCIA SILNIKA 750 ML	0	0	szt.	9,8	12,05	PLAK 	3402 90 90
 	towar	DIM/2	DIMER 2KG	0	0	szt.	39,98	49,18		3402 90 90
 	towar	DIM/2/P	DIMER 2KG	0	0	szt.	39,98	49,18	PROMOCJA	3402 90 90
 	towar	DIM/25	DIMER 25 KG	0	0	szt.	423,68	521,13	wycofany	3402 90 90
 	towar	DIM/20	DIMER 20 KG	0	0	szt.	339	416,97		3402 90 90
 	towar	DIM/1(P)	DIMER 1KG	0	0	szt.	21,8	26,81		3402 90 90
 	towar	DIM/1	DIMER 1KG	0	0	szt.	20,71	25,47		3402 90 90
 	towar	DIM/10	DIMER 10KG	0	0	szt.	182,5	224,48		3402 90 90
 	towar	DIAMOND/5	DIAMOND WASH 5 L	0	0	szt.	84,5	103,94	zapachowy preparat do mycia samochodów ( nano)	3402 13 00
 	towar	DIAMOND WASH/20	DIAMOND WASH 20L	0	0	szt.	320	393,6	zapachowy płyn do mycia samochodów( nano)	3402 13 00
 	towar	DIAMOND/1	DIAMOND WASH 1 L	0	0	szt.	18,3	22,51	zapachowy preparat do mycia samochodów (nano)	3402 13 00
 	towar	DIAMOND/200	DIAMOND WASH - 200L. BECZKA	0	0	szt.	3160	3886,8	zapachowy preparat do mycia sam. nano	3402 13 00
 	towar	DIAMOND 	DIAMOND WASH	0	0	litr	2720	3345,6	beczka	3402 13 00
 	towar	CARE TEXTILE CLEAN/1	DIAMOND CARE TEXTILE CLEANER 1 L	0	0	szt.	13	15,99	KTL Group, czyszczenie tapicerki	
 	towar	CARE RUBBER MATT/5	DIAMOND CARE RUBBER MATT 5 L	0	0	szt.	144	177,12	KLT Group	
 	towar	CARE RUBBER MATT/1	DIAMOND CARE RUBBER MATT 1 L	0	0	szt.	31,2	38,38	KLT Group, preparat do opon	
 	towar	CARE RUBBER FOAM/5	DIAMOND CARE RUBBER FOAM 5 L	0	0	szt.	0	0	KTL Group	
 	towar	CARE RUBBER FOAM/1	DIAMOND CARE RUBBER FOAM 1L	0	0	szt.	36,4	44,77	KTL Group	
 	towar	CARE RIM CLEANER/5	DIAMOND CARE RIM CLEANER 5 L	0	0	szt.	204	250,92	KLT Group 	
 	towar	CARE RIM CLEANER/1	DIAMOND CARE RIM CLEANER 1 L	0	0	szt.	44,2	54,37	KTL Group, preparat do felg	
 	towar	CARE QUICKDETAILER/1	DIAMOND CARE QUICKDETAILER 1 L	0	0	szt.	0	0	KLT Group	
 	towar	CARE QUICKDERAILER/1	DIAMOND CARE QUICKDETAILER 1 L	0	0	szt.	27,3	33,58	KLT Group	
 	towar	CARE-FELGI /5	DIAMOND CARE PREPARAT DO FELG 5 L	0	0	szt.	204	250,92	KLT Group	
 	towar	CARE PLASTIC MATT/1	DIAMOND CARE PLASTIC MATT 1 L	0	0	szt.	31,2	38,38	KLT Group, preparat do plastiku	
 	towar	CARE LIGHT SHAMP/5	DIAMOND CARE LIGHT SHAMPOO 5L	0	0	szt.	144	177,12	KLT Group	
 	towar	CARE LIGHT SHAMPOO/1	DIAMOND CARE LIGHT SHAMPOO 1 L	0	0	szt.	31,2	38,38	KTL Group, szampon	
 	towar	CARE LEATHERCLEANER 	DIAMOND CARE LEATHER CLEANER 1 L	0	0	szt.	48,1	59,16	KLT Group, czyszczenie skóry	
 	towar	CARE KOKPIT/1	DIAMOND CARE KOKPIT MATT 1 L	0	0	szt.	29,9	36,78	KLT Group,	
 	towar	CARE INSEKT REMOV1/1	DIAMOND CARE INSEKT REMOVER 1 L	0	0	szt.	36,4	44,77	KLT Group, usuwanie owadów	
 	towar	CARE INSECT REM/20	DIAMOND CARE INSECT REMOVER 20 L	0	0	szt.	560	688,8	KLT Group	
 	towar	CARE HYDROWAX/5	DIAMOND CARE HYDROWAX 5 L	0	0	szt.	138	169,74	KLT Group	
 	towar	CARE HYDROWAX/20	DIAMOND CARE HYDROWAX 20 L	0	0	szt.	460	565,8	KLT Group	
 	towar	CARE HYDROWAX/1	DIAMOND CARE HYDROWAX 1 L	0	0	szt.	29,9	36,78	KLT Group,Hydrowosk	
 	towar	CARE GLASS CLEANER/5	DIAMOND CARE GLASS CLEANER 5 L	0	0	szt.	75,9	93,36	KLT Group 	
 	towar	CARE GLASS CLEANER/1	DIAMOND CARE GLASS CLEANER 1 L	0	0	szt.	16,44	20,22	KTL Group, czyszczenie szyb	
 	towar	CARE ENGINE CLEANER/	DIAMOND CARE ENGINE CLEANER 1 L	0	0	szt.	35,1	43,17	KTL Group, czyszczenie silnika	
 	towar	CARE DRYER /1	DIAMOND CARE DRYER 1 L	0	0	szt.	28,6	35,18	KTL Group, osuszacz	
 	towar	CARE APC/1	DIAMOND CARE APC 1 L	0	0	szt.	36,4	44,77	KLT Group, 	
 	towar	CARE-PIANA/20	DIAMOND CARE AKTYWNA PIANA 20 L	0	0	szt.	300	369	KLT Group	
 	towar	CARE ACTIVE FOAM /5	DIAMOND CARE ACTIVE FOAM 5L	0	0	szt.	90	110,7	KLT Group	
 	towar	CARE ACTIVE FOAM/1	DIAMOND CARE ACTIVE FOAM 1 L	0	0	szt.	19,5	23,99	KLT Group,Aktywna Piana Detailing	
 	towar	V88NCA	DIAMO NEW CAR zawieszka w kształcie diamentu	0	0	szt.	6,09	7,49		
 	towar	V88LOT	DIAMO LOTUS zawieszka w kształcie diamentu	0	0	szt.	5,54	6,81		
 	towar	V88SCA	DIAMO LOLLIPOP zawieszka w kształcie diamentu	0	0	szt.	6,09	7,49		
 	towar	V88ZHE	DIAMO GREEN TEA zawieszka w kształcie diamentu	0	0	szt.	6,09	7,49		
 	usługa	DM	DIAGNOZA MYJKI	0	0	szt.	0	0		
 	towar	DEX SZLIF	DEX SZLIF 200W 92x230	0	0	szt.	0	0		
 	towar	DT/750	DETAP 750ML	0	0	szt.	9,28	11,41	czysta tapicerka 	3402 90 10
 	towar	DT/400	DETAP 400ML	0	0	szt.	10,66	13,11		3402 90 10
 	towar	DT/10	DETAP 10KG	0	0	szt.	125	153,75		3402 90 10
 	towar	AD-30	DETAILER WOSK NA MOKRO 600 ML	0	0	szt.	9,33	11,48		
 	towar	TFR SZYBKIE MYCIE/06	DETAILER TFR SZYBKIE MYCIE 600 ML	0	0	szt.	13,59	16,72		
 	towar	AD-34	DETAILER TAPICERKA 600 ML	0	0	szt.	10,49	12,9		
 	towar	AD-29	DETAILER SZYBKI POŁYSK 600 ML	0	0	szt.	10,49	12,9		
 	towar	AD-43/770	DETAILER SZAMPON WAX 770 ML	0	0	szt.	10,89	13,39		
 	towar	AD-43	DETAILER SZAMPON WAX 600 ML	0	0	szt.	9,36	11,51		
 	towar	AD-38	DETAILER SKÓRA PIELĘGNACJA 600 ML	0	0	szt.	12,5	15,38		
 	towar	AD-39	DETAILER SKÓRA IMPREGNACJA 300 ML	0	0	szt.	27,47	33,79		
 	towar	AD32	DETAILER QUATRZ SPRAY 600 ML	0	0	szt.	12,86	15,82		
 	towar	AD-47/770	DETAILER QUARTZ SZAMPON 770 ML	0	0	szt.	27,03	33,25		
 	towar	AD-47	DETAILER QUARTZ SHAMPOO 600 ML	0	0	szt.	28,35	34,87		
 	towar	QR/03	DETAILER QUARTZ RELOADER 300ML	0	0	szt.	37,97	46,7	mleczko kwarcowo-ceramiczne, preparat najlepiej stosować co pół roku do rewitalizacji powłok ceramicznych na lakierze lub felgach, ale może być używany także jako samodzielne zabezpieczenie	
 	towar	AD-22	DETAILER OWADY-USUWANIE 600 ML	0	0	szt.	11,33	13,94		
 	towar	AD-25	DETAILER OPONA PLASTIK 600 ML	0	0	szt.	26,03	32,02		
 	towar	AD-41	DETAILER OPONA PLASTIK 300 ML	0	0	szt.	38,88	47,82		
 	towar	AD-24	DETAILER KRWAWA FELGA 600 ML	0	0	szt.	18,23	22,42		
 	towar	AD-36	DETAILER KOKPIT MAT 600 ML	0	0	szt.	11,71	14,4		
 	towar	AD-26	DETAILER CZYSTY SILNIK 600ML	0	0	szt.	10,29	12,66		
 	towar	AD-35	DETAILER CZYSTY KOKPIT 600ML	0	0	szt.	9,68	11,91		
 	towar	AD-33	DETAILER CZYSTA SZYBA 600 ML	0	0	szt.	8,62	10,6		
 	towar	AD-37	DETAILER CZYSTA SKÓRA 600 ML	0	0	szt.	10,26	12,62		
 	towar	AD-23	DETAILER CZYSTA FELGA 600 ML	0	0	szt.	11,94	14,69		
 	towar	AD-40	DETAILER CERAMIC WAX 300 ML	0	0	szt.	35,46	43,62		
 	towar	AD-44	DETAILER CARNAUBA WAX 300 ML	0	0	szt.	33,66	41,4		
 	towar	AD-31	DETAILER CARNAUBA SPRAY 600 ML	0	0	szt.	20,37	25,06		
 	towar	001	DETAILER BIKE CLEANER 600 ML	0	0	szt.	18,27	22,47		
 	towar	BIKE CLEANER-NIE	DETAILER BIKE CLEANER 600 ML	0	0	szt.	0	0		
 	towar	AD-42/770	DETAILER AUTO SZAMPON 770 ML	0	0	szt.	10,33	12,71		
 	towar	AD-42	DETAILER AUTO SZAMPON 600 ML	0	0	szt.	9,25	11,38		
 	towar	DESKA	DESKA DO PRASOWANIA	0	0	szt.	0	0		
 	towar	M420/1	Desinfectin 1L	0	0	szt.	17,28	21,25		
 	towar	4741115	DESALGIN 3 L	0	0	szt.	0	0	Garden	
 	towar	4741112	DESALGIN 1 L	0	0	szt.	0	0	Garden	
 	towar	L365	DERUSTO PLUS 500	0	0	szt.	9,45	11,62		
 	towar	T04/1	DERAST ŻEL 1L	0	0	szt.	31,88	39,21		
 	towar	T02/5	DERAST 5L	0	0	szt.	69	84,87	WYCOFANY	
 	towar	T02/1	DERAST 1L	0	0	szt.	35,93	44,19		3402 20 90
 	towar	T02/010	DERAST 10 L	0	0	szt.	251,62	309,49		
 	towar	DEP	DEPILATOR	0	0	szt.	0	0		
 	towar	DEOW/750	Deopar 750 ml waniliowy	0	0	szt.	15,78	19,41		
 	towar	DEOJ/750	Deopar 750 ml jabłkowy	0	0	szt.	15,78	19,41		
 	towar	DEOB/750	Deopar 750 ml brzoskwiniowy	0	0	szt.	14,32	17,61		
 	towar	DEOP/750	Deopar 750 ml  pomarańczowy	0	0	szt.	15,14	18,62		
 	usługa	DK	Demontaż kotła	0	0	szt.	0	0		
 	towar	P07/5	DEKAM 5L	0	0	szt.	47,59	58,54	usuwa matowe naloty	
 	towar	P07/020	DEKAM 20L	0	0	szt.	0	0	wycofany	
 	towar	P07/1	DEKAM 1L	0	0	szt.	15,64	19,24	usuwa matowe naloty	
 	towar	DEG	DEG Zimowy płyn do spryskiwaczy -20c 4l	0	0	szt.	12,99	15,98		3800 00
 	towar	DEG/250	DEG Odmrażacz do zamka 25ML	0	0	szt.	2,58	3,17	 ETRA, MINI SPRAY	3800 00
 	towar	DEG/500S	DEG Odmrażacz do Szyb 500 ml spray	0	0	szt.	8,58	10,55		3800 00
 	towar	DEG/500	DEG Odmrażacz do Szyb 500 ml	0	0	szt.	7,55	9,29	Atomizer	3800 00
 	towar	DEG/500(P)	DEG Odmrażacz do Szyb 500 ml	0	0	szt.	7,55	9,29	PROMOCJA, Atomizer	3800 00
 	towar	DEG/300	DEG Odmrażacz do szyb 300ml	0	0	szt.	5,98	7,36		3800 00
 	towar	DEG/50	DEG  Odmrażacz do zamka 50 ml	0	0	szt.	4,45	5,47		3800 00
 	towar	A24/1	DECOP 1L	0	0	szt.	17,21	21,17	płyn do rozkonserwowania pojazdów	
 	towar	A24/10	DECOP 10KG	0	0	szt.	139,75	171,89	płyn do rozkonserwowywania pojazdów	
 	towar	DECO/25	DECO 25  KG	0	0	szt.	344	423,12		
 	towar	DC/8	DECABIT 8KG	0	0	szt.	409,72	503,96	usuwa smołę i asfalt, 25 % parys	
 	towar	DC/250	DECABIT 250ML	0	0	szt.	14,8	18,2		
 	towar	SP22/5	DE ZAL 5L	0	0	szt.	122,91	151,18	wycofany	3808 94 90
 	towar	SP22/1	DE ZAL 1 L	0	0	szt.	29,33	36,08	Płyn do dezynfekcji rąk (NOWY CENNIK:24,42netto na 8%0	3808 94 90
 	towar	D03/005	DE FOAM 5L	0	0	szt.	0	0	wycofany	3402 20 90
 	towar	D03/1	DE FOAM 1L	0	0	szt.	27,89	34,3	preparat do likwidacji piany	3402 20 90
 	towar	D03/10	DE FOAM 10 L	0	0	szt.	224,06	275,59		3402 20 90
 	towar	8811-5	DAUER WACHS	0	0	szt.	0	0		
 	towar	DF/5	DASH FRESH 5L	0	0	szt.	158,54	195	preparat do konserwacji tworzyw sztucznych - mat	
 	towar	DF/25	DASH FRESH 25L	0	0	szt.	765,85	942		
 	towar	DF/1	DASH FRESH 1L	0	0	szt.	57,64	70,9	preparat do konserwacji tworzyw sztucznych	
 	towar	DF/05	DASH FRESH 0,5L	0	0	szt.	22,05	27,12		
 	towar	C/XL	CZYŚCIWO XXL1000	0	0	szt.	0	0	Grite ;1w	
 	towar	BLUE/4	Czyściwo XL BLUE 4W	0	0	szt.	0	0	44771	
 	towar	BLUE/3	Czyściwo XL BLUE 3W	0	0	opak.	0	0	46422	
 	towar	46422	Czyściwo XL 3 BLUE 	0	0	opak.	0	0		
 	towar	55D/ PAKIET	CZYŚCIWO UNIWERSALNE 70X40 - 50 SZT.	0	0	szt.	0	0	 Ręcznik N1 40X70, SS-BN0 140-40/70, TOYOTA I INNI cena 29,90 netto	
 	towar	55 D/ROLA	Czyściwo Uniwersalne 30x150mb	0	0	szt.	0	0	czyściwo włókninowe na rolce szer30x150 mb białe, 1,955 kg	
 	towar	55 B	Czyściwo Uniwersalne /K 1,5kg	0	0	szt.	0	0		
 	towar	55 D	Czyściwo Uniwersalne /K	0	0	szt.	0	0	DUŻE	
 	towar	55D/ INDIP200	CZYŚCIWO UNIWERSALNE - ROLA 	0	0	szt.	0	0	 120 mb . wys rolki 30 cm, 20cm x 120 m, białe -stare , nowy zakup -111 mb	
 	towar	55 D/ PAKIET 3 SZT	CZYŚCIWO UNIWERSALNE - PAKIET/3SZT	0	0	szt.	0	0	PAPER&NONWOVEN, Ręcznik włó. PROMO perf. MAXI A100	
 	towar	55 D/ROLA(1)	Czyściwo Uniwersalne	0	0	szt.	0	0	czyściwo włókninowe na rolce szer30x150 mb białe	
 	towar	55 D/P	CZYŚCIWO UNIWERSALNE 	0	0	szt.	0	0		
 	towar	55 D/W	Czyściwo Uniwersalne 	0	0	szt.	0	0	Instytut, pakiet 30szt	
 	towar	604.700	CZYŚCIWO SPECJALNE 	0	0	szt.	209,68	257,91	40 L, do mycia silnych zabrudzeń - posadzki	
 	towar	270	CZYŚCIWO SERWIS-CELULOZA /2W	0	0	szt.	0	0	F270	
 	towar	556	Czyściwo serwis M /1W Blue 	0	0	szt.	0	0		
 	towar	M/32K	CZYŚCIWO SERVIS-M/2x32	0	0	szt.	0	0		
 	towar	217	CZYŚCIWO SERVIS-3W /P	0	0	szt.	32,85	40,41		
 	towar	505	CZYŚCIWO S-CELULOZA 2w	0	0	szt.	0	0		
 	towar	540	CZYŚCIWO S-CELULOZA	0	0	szt.	0	0		
 	towar	C/27 PL	CZYŚCIWO S-C/2x27PL	0	0	szt.	0	0	760- DAFI, gładkie, 7500	
 	towar	C/26	CZYŚCIWO S-C/2X26 F380	0	0	szt.	0	0		
 	towar	C/24	CZYŚCIWO S-C/2X24 F380	0	0	szt.	0	0		
 	towar	SAGA/L-1400	CZYŚCIWO SAGA L-1400	0	0	opak.	0	0	46387	
 	towar	C/25-A	CZYŚCIWO S- C/2x25A	0	0	szt.	0	0	700-DAFI, gładkie, 2w ,6,5 KG	
 	towar	C/25	CZYŚCIWO S - C/2X25	0	0	szt.	0	0	760-DAFI, karbowane, 7000,7,5 kg 	
 	towar	C/STRONG-5	CZYŚCIWO PERF. STRONG 5  KG	0	0	szt.	0	0		
 	towar	C/STRONG-10	CZYŚCIWO PERF. STRONG 10 KG	0	0	szt.	290	356,7	PAKIETY	
 	towar	C/STRONG-OP100 SZT	CZYŚCIWO PERF. STRONG - op 100 szt.	0	0	szt.	0	0	PAPER&NONWOVEN, ręcznik włók. PROMO perf. Maxi A100,  OPAKOWANIE 100 SZT.	
 	towar	800	CZYŚCIWO OVER SOFT 800 2/W	0	0	szt.	0	0		
 	towar	CL/2K-M	CZYŚCIWO NIEBIESKIE ŻYWICOWANE 2/W	0	0	szt.	0	0	MULTICHEM, 4KG, 2-war, 0335 , 28cm 	
 	towar	C/28N	CZYŚCIWO NEUTRAL 2W BIAŁE-208	0	0	szt.	0	0	224/800	
 	towar	C/28C	CZYŚCIWO NEUTRAL 2W	0	0	szt.	26,75	32,9		
 	towar	CON4	Czyściwo MAXI makulatura	0	0	szt.	6,18	7,6		
 	towar	CL/MAK	CZYŚCIWO MAKULATURA  2w  ŻYWICA	0	0	szt.	0	0	2222561, 2w zielony, 100% makulatura,2,70 kg., listek 20cmx28 cm, średnica roli-28cm	
 	towar	MAK/28	CZYŚCIWO MAKULATURA	0	0	szt.	0	0	28cm	
 	towar	851142	CZYŚCIWO LUCART STRONG 3800	0	0	szt.	0	0	Lucart,białe, 100% celuloza, 3-warstw, 200 mb, 800 listków, rozm listka 25x25cm, średnica rolki 28cm, klej+tłoczenie, dopuszczone do kontaktu z żywnością, pakowane po 2 rolki	
 	towar	852247	CZYŚCIWO LUCART SPEEDY WIPER - CEL 2-W BIAŁY	0	0	szt.	0	0	biały, 100% celuloza, 2-warstw, 171 mb, 760 listków, rozm listka 23x22,5cm, śred rolki 24cm, centralne dozowanie(wyciągana tuleja),     klej+tłoczenie, dopuszczony do kontaktu z żywnością, pakow po 2rolki	
 	towar	852218	CZYŚCIWO LUCART EKONATURAL 800	0	0	szt.	21,79	26,8	Lucart, DAFI-12,50,   Lucart,kolor beżowy, 100% celuloza z recyklingu, 2-warstw, 200mb, 800 listków, rozm listka 25x25cm, średnica rolki 24cm, cerntralne dozowanie(wyjmowana tuleja), klej+tłoczenie, dopuszczony kontakt z żywnością, pakow po 2rolki	
 	towar	851218A	CZYŚCIWO LUCART EKONATURAL 1500	0	0	szt.	0	0	Lucart, kolor beżowy, 100%celuloza z recyklingu, 2-warstw., 510mb, 1500 listków, rozm listka 25x34, średnica rolki 38cm, mikrotłoczenie, zgrzewana, nadaje się do kontaktu z żywnością	
 	towar	LUCART	CZYŚCIWO LUCART ECO 800 JOINT	0	0	szt.	0	0		
 	towar	626.700	CZYŚCIWO INTENSYWNE 20L	0	0	szt.	230	282,9	pH zasadowe	
 	towar	C/XXL 	CZYŚCIWO GRITE XXL 	0	0	szt.	0	0	1/W,1200 M, 300 x 360 mm, celuloza	
 	towar	317.505	CZYŚCIWO DO METALIKU 5L	0	0	szt.	80	98,4		
 	towar	309.200	CZYŚCIWO DO KABRIOLETÓW 500ML	0	0	szt.	45,98	56,56		3402 20 90
 	towar	230.500	CZYŚCIWO DO FELG XTREME 5L	0	0	szt.	202,98	249,67	25%	3402 20 90
 	towar	CL/200	CZYŚCIWO CLARINA SERWIS 2/W	0	0	szt.	0	0	celuloza, biała 2KG	
 	towar	CL/2K	CZYŚCIWO CLARINA MEGA 2/W KOLOR	0	0	szt.	0	0	AKU,makulatura 2-warstw  niebieska 3,8kg, 200mb.	
 	towar	CL/2C	CZYŚCIWO CLARINA MEGA 2/W 	0	0	szt.	0	0	AKU,celuloza 3,8kg	
 	towar	C/22	CZYŚCIWO CLARIN MEGA CEL/2w X 22	0	0	szt.	0	0	wycofany, AKU,bezpyłowe, 7 kg, 750 m	
 	towar	CL/32 CM	CZYŚCIWO CELULOZA-MAK.2w  3,2 KG	0	0	szt.	0	0		
 	towar	C/800	CZYŚCIWO CELULOZA PREMIUM 800/ 2W 	0	0	szt.	0	0	100% cel. 1,8 kg.ECOLABEL	
 	towar	C/800XL	CZYŚCIWO CELULOZA 800XL 2W	0	0	szt.	22,76	28	100% cel. 3,4 kg. 	
 	towar	C/500-M	CZYŚCIWO CELULOZA 500 / 2 W	0	0	szt.	0	0	 Multichem, Pratika -eclcolabel paperdi, w opakowaniu 2 szt, celuloza 100% ART.BI8S 1000	
 	towar	C/500	CZYŚCIWO CELULOZA 3W X500	0	0	szt.	0	0	Celtex ,superlux 500, C57576	
 	towar	C/1000	CZYŚCIWO CELULOZA 3w x 1000	0	0	szt.	0	0	Celtex C58578, Superlux 1000	
 	towar	C/800-P	CZYŚCIWO CELULOZA 2W x800-P	0	0	szt.	0	0	Elfi-premium,100%cel.,25-22,5 cm- 800 list., 400m	
 	towar	C/29	CZYŚCIWO CELULOZA 2W x29	0	0	szt.	0	0	FB0005 , 2w 2000 m, 6 kg ., 30 cm list. wys. rolki 26,3 cm  Class Eur	
 	towar	C/230	CZYŚCIWO CELULOZA 2W x230	0	0	szt.	0	0	Papernet 402059, 232m , (760listków)	
 	towar	C/190	CZYŚCIWO CELULOZA 2W x190	0	0	szt.	0	0	404260,  PAPERNET, 190 M., 	
 	towar	CL/23CM	CZYŚCIWO CELULOZA 2w x 2,3	0	0	szt.	0	0	C36461; 2,30kg,lux wiper 900	
 	towar	C/107	CZYŚCIWO CELULOZA 2w x 107	0	0	szt.	0	0	B 75%, gładkie NEW, 7,5 kg	
 	towar	C/200 VELVET	CZYŚCIWO CELULOZA 2W VELVET 200 M 	0	0	szt.	0	0	Multichem,ART.5220109 VELVET CARE ,200 M,800 LIST., LISTEK 65X 260 MM	
 	towar	CL/23	CZYŚCIWO CELULOZA 2w -200m	0	0	szt.	0	0	200 M	
 	towar	C/800H23	CZYŚCIWO CELULOZA 2w - 800 H23	0	0	szt.	0	0	Paperdi  Praktika 2w ,400m ,800 list.	
 	towar	C/27	CZYŚCIWO CELULOZA 2 WX27	0	0	szt.	0	0	Celtex 52522	
 	towar	C/180	CZYŚCIWO CELULOZA 2 Wx180	0	0	szt.	0	0	celtex c52507 , 190 m, MAXI PULL	
 	towar	C/200	CZYŚCIWO CELULOZA 2 w x2000	0	0	szt.	0	0	celtex52522, 600 m,2000 listków, listek	
 	towar	C/191	CZYŚCIWO CELULOZA 2 w x191	0	0	szt.	0	0	premium 700 A 2 (HT)	
 	towar	C/190(1)ETRA	CZYŚCIWO CELULOZA 2 W x190	0	0	szt.	0	0	404260,  PAPERNET, 190 M., 	
 	towar	C/1500(1) ETRA	CZYŚCIWO CELULOZA 2 w x1500	0	0	szt.	0	0	celtex  52450 ,Lux Wiper, 34cm x 24cm	
 	towar	C/1500	CZYŚCIWO CELULOZA 2 w x1500	0	0	szt.	0	0	celtex  52450 ,Lux Wiper, 34cm x 24cm	
 	towar	C/2000	CZYŚCIWO CELULOZA-  C/2000 2warstw.	0	0	szt.	0	0	BL8S200, PAPERDI	
 	towar	CL/32 K	CZYŚCIWO CELULOZA  2w- K	0	0	szt.	21,95	27	klejona, 3,2 kg (2 szt w opak.)	
 	towar	CL/32	CZYŚCIWO CELIULOZA 2W	0	0	szt.	0	0		
 	towar	C/23CM	CZYŚCIWO CEL/MAK 2W 7KG x23CM	0	0	szt.	0	0		
 	towar	CM/1000	CZYŚCIWO CEL/ MAK. 2w - CM/1000	0	0	szt.	0	0	Paperdi  Birillo , 2w , 1000 list.	
 	towar	C/23C	CZYŚCIWO CEL 2W 7KG	0	0	szt.	0	0		
 	towar	BLUE/3W	CZYŚCIWO BLUE 3W	0	0	opak.	0	0	48125	
 	towar	155D	Czyściwo białe 2-w	0	0	szt.	0	0		
 	towar	C/BAW-K	CZYŚCIWO BAWEŁNIANE KOLOROWE OP.20 KG	0	0	szt.	0	0		
 	towar	C/BAW-K ETRA	CZYŚCIWO BAWEŁNIANE KOLOROWE OP.10 KG	0	0	szt.	0	0	ETRA	
 	towar	C/BAW-B	CZYŚCIWO BAWEŁNIANE BIAŁE OP.20 KG	0	0	szt.	0	0		
 	towar	C/BAW-B ETRA	CZYŚCIWO BAWEŁNIANE BIAŁE OP.10 KG	0	0	szt.	0	0	ETRA	
 	towar	C/IIG	CZYŚCIWO 2W IIG - duże	0	0	szt.	0	0		
 	towar	0293	Czyściwo 24101 /P	0	0	szt.	45,9	56,46		
 	towar	C/1400	CZYŚCIWO 1400 M,1W. BIAŁE, MAKULATURA	0	0	szt.	0	0	1400MB	
 	towar	C/28	CZYŚCIWO 	0	0	szt.	0	0	Fi40cm	
 	towar	625.500	CZYŚCIWO 	0	0	szt.	0	0		
 	towar	CKS	CZYŚCIK KUCHENNY - STALOWY 	0	0	szt.	0	0	Chemdom, YORK MAXI	
 	towar	CKS(1)	CZYŚCIK KUCHENNY - SPIRALNY	0	0	szt.	0	0	Multichem -kula York, Chemdom, MEGA MASTER 50G	
 	towar	806.400	CZYŚCI STYKI ELEKTRYCZNE 500ML	0	0	szt.	19,09	23,48	wycofany, professional	
 	usługa	CZZ	Czyszczenie zaworów	0	0	szt.	0	0		
 	towar	DT05/1	CZYSZCZENIE POSADZEK NR.2  1L	0	0	szt.	13,95	17,16	wycofany  pobudowlane	
 	towar	DT04/5	CZYSZCZENIE POSADZEK NR.1- 5L	0	0	szt.	0	0	wycofany	
 	towar	DT04/1	CZYSZCZENIE POSADZEK NR.1  1L	0	0	szt.	16,42	20,2	wycofany,  pobudowlane	
 	usługa	CPD	Czyszczenie pompki dozującej	0	0	szt.	0	0		
 	usługa	CZP	Czyszczenie połączeń elektrycznych w panelu	0	0	szt.	0	0		
 	towar	CSZ/5	Czyste Szambo 5L	0	0	szt.	0	0		
 	towar	CL/BLUE	CZYSCIWO CELULOZA 3w x 8 - BLUE	0	0	szt.	0	0	c59573, superblue1000	
 	usługa	CZYNSZ 	CZYNSZ WG UMOWY NAJMU. 	0	0	szt.	0	0	od 12/02/2020 r. do 11/03/2020 r.	
 	usługa	CZYNSZ /ORLEN	CZYNSZ DZIERŻAWY WG UMOWY	0	0	szt.	0	0	 	
 	usługa	CZYNSZ /DHL	CZYNSZ  WG UMOWY NAJMU 04559/BK0026/WHS	0	0	szt.	0	0	 	
 	usługa	CZYNSZ/2	CZYNSZ  WG UMOWY NAJMU  LOK.26	0	0	szt.	0	0		
 	towar	73084	CZUJNIK TEMPERATURY WODY UNO	0	0	szt.	7	8,61		
 	towar	73000	CZUJNIK TEMPERATURY WODY F-125/F-126/BIS	0	0	szt.	6	7,38		
 	towar	73132	CZUJNIK TEMPERATURY WODY CNQ	0	0	szt.	6,3	7,75		
 	towar	73129	CZUJNIK TEMPERATURY WODY	0	0	szt.	18,7	23		
 	towar	70000	CZUJNIK CIŚNIENIA OLEJU ZASTAWA,ŁADA	0	0	szt.	3,2	3,94		
 	towar	70001	CZUJNIK CIŚNIENIA OLEJU F-126/FSO/POL	0	0	szt.	3,1	3,81		
 	towar	0943-911	CZUJNIK CIŚNIENIA OLEJU	0	0	szt.	4,94	6,08		
 	towar	0943-11	CZUJNIK CIŚNIENIA OLEJU	0	0	szt.	4,94	6,08		
 	towar	70011	CZUJNIK CIŚNIENIA OLEJU	0	0	szt.	5	6,15		
 	towar	PS24974	CZERNIDŁO W SPRYU 750 ML PIT STOP	0	0	szt.	8,63	10,61	Bottari	
 	towar	BK98096	Czernidło do opon BOTTARI 200ml 	0	0	szt.	6,86	8,44	Bottari	
 	towar	CZAJNIK	CZAJNIK BEZPRZEWODOWY	0	0	szt.	0	0		
 	towar	L352	CYNK+ALUMINIUM 400ML	0	0	szt.	14,85	18,27		
 	towar	L350	CYNK W SPRAY 400ML	0	0	szt.	20,8	25,58	12k	
 	towar	4373614	CYLINDEREK HAMULCOWY F-126 FL/TYŁ	0	0	szt.	0	0		
 	towar	MW 15	CRYLOMAG MW 15	0	0	szt.	90	110,7		
 	towar	CR/400	CROSS 400 ML	0	0	szt.	10,25	12,61	wosk na mokro	
 	towar	POL113	CP MLECZKO DO SKÓRY 500ML 	0	0	szt.	7,97	9,8	K2	
 	towar	W74/600	COPPER CLEANER+ 600 ML	0	0	szt.	21,92	26,96	Czyszczenie miedzi i jej stopów	3402 20 90
 	towar	CWE/5	COPOLYMER WACHS ENTFERNER 5L	0	0	szt.	40	49,2	preparat do usuwania wosku: Fiat, Peugeot, Alfa Romeo (rozcieńczenie 1:1 lub 1:5)	
 	towar	CWE/25	COPOLYMER WACHS ENTFERNER 25L	0	0	szt.	0	0	preparat do usuwania wosku: Fiat, Peugeot, Alfa Romeo (rozcieńczenie 1:1 lub 1:5)	
 	towar	CR/5	COPOLYMER REMOVER 5L	0	0	szt.	0	0	preparat do usuwania wosku: Fiat, Peugeot, Alfa Romeo (rozcieńczenie 1:1 lub 1:5)	
 	towar	CR/25	COPOLYMER REMOVER 25L	0	0	szt.	275	338,25	preparat do usuwania wosku: Fiat, Peugeot, Alfa Romeo (rozcieńczenie 1:1 lub 1:5)	
 	towar	COOLPLAY/5	COOPLAY 5L Płyn do chłodnic -35 C	0	0	szt.	20,29	24,96	K2	
 	towar	B401N	COOPER GREASE 20G - Smar miedziowy	0	0	szt.	2,55	3,14		
 	towar	CONTI/RYNNA	CONTI BR 75 MM RYNNA 2 MB	0	0	szt.	0	0		
 	towar	CONTI/HAK	CONTI BR 75 MM HAK PCV	0	0	szt.	0	0		
 	towar	W125 NIE	CONTACT SPRAY 400 ML	0	0	szt.	10,33	12,71		
 	towar	COMP5000/1,3	COMPOUND 5000 1,3 KG	0	0	szt.	0	0		
 	towar	COMP/1	COMPOUND 1L	0	0	szt.	38	46,74		
 	towar	COMP/05	COMPOUND 0,5L	0	0	szt.	27	33,21	preparat do renowacji mocno zniszczonych lakierów	
 	towar	COMP/400	COMPOUND 	0	0	szt.	36,59	45,01		
 	towar	K020CA	COLOR MAX 200 ML	0	0	szt.	6,1	7,5	K2 , K020CA -czarny K020NI -niebieski	
 	towar	L343CP	COLOR FLEX 400 ML- guma w sprayu czrny poł.	0	0	szt.	22,51	27,69	K2, 	
 	towar	PS24853	Cocpitl nabłyszczający 750 ml spray	0	0	szt.	9,79	12,04	Bottari	
 	towar	COCPIT PROTECT/1	COCPIT PROTECT 1 L	0	0	szt.	30,2	37,15		
 	towar	PS24855	Cocpit matt 750 ml spray	0	0	szt.	9,73	11,97	Bottari	
 	towar	283.200	COCPIT MATOWY XTREME 300ML 	0	0	szt.	13,49	16,59	wycofany	3402 20 90
 	towar	283.000	COCPIT MATOWY XTREME 250ML	0	0	szt.	14,23	17,5	wycofany	
 	towar	GP24404	Cocpit mat 400 ML	0	0	szt.	0	0	Bottari, GP24404,GP 24466	
 	towar	GP24167	Cocpit 600 ml nabłyszczający	0	0	szt.	0	0	Bottari, green tea-167, orange-166, papaya-165, vanilia-164	
 	towar	GP24170	Cocpit 600 ml mat	0	0	szt.	0	0	Bottari, spray , car-170.black-169, lemon-168	
 	towar	347.300	COCKPIT O ZAPACHU KOKOSOWYM 400ml	0	0	szt.	12,7	15,62	wycofany	
 	towar	346.300	COCKPIT O ZAPACHU BRZOSKWINIOWYM 400ml	0	0	szt.	12,7	15,62	wycofany	
 	towar	345.300	Cockpit nabłyszczający bez silikonu POMARAŃCZA	0	0	szt.	10,4	12,79	wycofany	
 	towar	351.300	Cockpit nabłyszczający bez silikonu MORELA 400ml	0	0	szt.	10,4	12,79	wycofany 	
 	towar	350.300	Cockpit nabłyszczający bez silikonu JAGODA 400ml	0	0	szt.	10,4	12,79	wycofany 	
 	towar	344.300	Cockpit nabłyszczający bez silikonu JABŁKOWY 400ml	0	0	szt.	10,4	12,79	wycofany	
 	towar	353.300	Cockpit nabłyszczający bez silikonu INSPIRAT 400ml	0	0	szt.	10,4	12,79	wycofany	
 	towar	354.300	Cockpit nabłyszczający bez silikonu ENERGY 400ml	0	0	szt.	10,4	12,79	wycofany	
 	towar	343.300	Cockpit nabłyszczający bez silikonu CYTRYNA 400ml	0	0	szt.	10,4	12,79	wycofany	
 	towar	342.300	Cockpit nabłyszczający bez silikonu  VANILIA 400ml	0	0	szt.	10,4	12,79	wycofany	
 	towar	283.241	COCKPIT MATOWY XTREME 500 ML.	0	0	szt.	19,98	24,58		3402 20 90
 	towar	361.241	COCKPIT MATOWY- TROPICAL SUN 500 ML	0	0	szt.	11,99	14,75	wycofany	3402 20 90
 	towar	359.300	COCKPIT MATOWY JABŁKO 400ML	0	0	szt.	15,4	18,94	wycofany	3402 20 90
 	towar	358.300	COCKPIT MATOWY CYTRYNA 400ML	0	0	szt.	15,4	18,94	wycofany	3402 20 90
 	towar	360.241	COCKPIT MATOWY - VANILIA 500ML	0	0	szt.	14,15	17,4	wycofany	3402 20 90
 	towar	358.241	COCKPIT MATOWY - GREEN LEMON 500 ML	0	0	szt.	15,98	19,66		3402 20 90
 	towar	357.241	COCKPIT MATOWY -  SPORT-FRESH 500ML	0	0	szt.	15,98	19,66		3402 20 90
 	towar	368.241	COCKPIT MATOWY -  HAVANA LOVE 500ML	0	0	szt.	17,99	22,13		3402 20 90
 	towar	354.241	COCKPIT MATOWY -  ENERGY 500ML	0	0	szt.	11,99	14,75	wycofany	
 	towar	STILL WOOL	CO STILL WOOL 454GR.	0	0	szt.	0	0	wata	
 	towar	W04/3	CLOR PLUS 3KG	0	0	szt.	0	0		
 	towar	77-940 P	Clinex-MULTI SPRAY - MANGO 1 L	0	0	szt.	0	0		
 	towar	77-942 P	Clinex-MULTI SPRAY - GREEN TEA 1 L	0	0	szt.	0	0		
 	towar	77-689	Clinex WOOD & PANEL 1 L	0	0	szt.	12,6	15,5	płyn do mycia podłóg drewnianych i paneli , 50 ml/10 l wody	
 	towar	77-699	Clinex W3 BACTI 1 L	0	0	szt.	15,9	17,17	kwaśny preparat dezynfekująco - czyszczący	3808 94 90
 	towar	77-708	Clinex W3 ACTIVE SHIELD 1 L	0	0	szt.	18,5	22,76	Codzienne mycie sanitariatów z aktywną ochroną polimerową	3402 20 90
 	towar	77-614	Clinex TEXTILE FOAM 1 L	0	0	szt.	18,7	23	Pianka do tapicerki	3405 90 90
 	towar	77-515	Clinex- STEEL 1 L	0	0	szt.	14,5	17,84	Preparat do czyszczenia stali nierdzewnej	3402 20 90
 	towar	77-628	Clinex- SHINE STEEL 650  ML	0	0	szt.	33,5	41,21	Preparat czyszcząco-nabłyszczający do stali nierdzewnej	3402 20 90
 	towar	77-901	Clinex- SCENT 500 ML Tasmański czr	0	0	szt.	47	57,81	skoncentrowany odświeżacz powietrza	
 	towar	77-904	Clinex- SCENT 500 ML Paryski wdzięk	0	0	szt.	47	57,81	skoncentrowany odświeżacz powietrza	
 	towar	77-905	Clinex- SCENT 500 ML Magiczna noc	0	0	szt.	47	57,81	skoncentrowany odświeżacz powietrza	
 	towar	77-903	Clinex- SCENT 500 ML Egejski owoc	0	0	szt.	47	57,81	skoncentrowany odświeżacz powietrza	
 	towar	77-342	CLINEX NANO PROTECT SILVER TABLE 1 L	0	0	szt.	27,5	29,7	 P rodukt wycofany Preparat do dezynfekciji blatów i urządzen kuchennych	3808 94 90
 	towar	77-351	Clinex NANO PROTECT SILVER  1L	0	0	szt.	23,2	28,54		3307 49 00
 	towar	77-329	Clinex NANO PROTECT GLASS 1 L	0	0	szt.	13,6	16,73	Płyn do mycia powierzchni szklannych 	3402 20 90
 	towar	77-348	Clinex NANO PROOTECT SILVER ODOUR KILLER-FRESH 1L	0	0	szt.	30	36,9	Neutralizator powietrza	3307 49 00
 	towar	77-348 ETRA	Clinex NANO PROOTECT SILVER ODOUR KILLER-FRESH 1L	0	0	szt.	26	31,98	ETRA, Neutralizator powietrza	3307 49 00
 	towar	77-696	Clinex M3 ACID 1 L	0	0	szt.	17,5	21,53	kwaśny preparat do mycia posadzek 	3402 20 90
 	towar	77-718	Clinex LIQUID SOAP Mydło w płynie 0,5 l	0	0	szt.	5,9	7,26	nawilża i pielęgnuje , migdałowe	3402 20 90
 	towar	40-104	Clinex LEATHER CONDITIONER 1 L	0	0	szt.	57	70,11	Emulsja pielęgmująca do powierzchni skórzanych	
 	towar	40-103	Clinex LEATHER CLEANER 1 L	0	0	szt.	0	0	Płyn do czyszczenia powierzchni skórzanych 	
 	towar	77-719	Clinex HANDWASH - Płyn do mycia naczyń  0,5 L	0	0	szt.	5,6	6,89	do tłusych zabrudzeń ,zielone jabłuszko	3402 20 90
 	towar	 77-071 NIE	Clinex GRILL 1L	0	0	szt.	13,4	16,48	Płyn do mycia grilli i piekarników	3402 20 90
 	towar	77-071	Clinex- GRILL 1 L	0	0	szt.	18,5	22,76	Płyn do my cia grili i piekarników	3402 20 90
 	towar	77-712	Clinex GREASE OFF 1 L	0	0	szt.	19,5	23,99	Preparat do usuwania silnych tłustych zabrudzeń 	3402 20 90
 	towar	77-688	Clinex GLASS FOAM 650 ML	0	0	szt.	8	9,84	Pianka do mycia szyb	3402 20 90
 	towar	77-688 ETRA	Clinex GLASS FOAM 650 ML	0	0	szt.	8,2	10,09	ETRA Pianka do mycia szyb	3402 20 90
 	towar	77-694	Clinex GLASS FOAM 5 L	0	0	szt.	0	0	Pianka do mycia szyb	3402 20 90
 	towar	77-111	Clinex- GLASS 5 L	0	0	szt.	32	39,36	płyn do mycia szyb	
 	towar	77-897	Clinex FLORAL-CITRO 5 L	0	0	szt.	42	51,66	uniwersalny preparat do mycia podłóg, 50-20 ml/10 l wody	3402 20 90
 	towar	77-894	Clinex FLORAL-BLUSH 5 L	0	0	szt.	42	51,66	uniwersalny płyn do mycia podłóg , 50-200ml/10 l wody	3402 20 90
 	towar	77-890	Clinex FLORAL OCEAN 1 L	0	0	szt.	11	13,53		3402 20 90
 	towar	77-887	Clinex FLORAL- FRUIT 1 L	0	0	szt.	9,9	12,18	uniwersalny płyn do mycia podłóg	3402 20 90
 	towar	77-896	Clinex FLORAL- CITRO 1 L	0	0	szt.	11	13,53		3402 20 90
 	towar	77-893	Clinex FLORAL- BLUSH 1 L	0	0	szt.	11	13,53		3402 20 90
 	towar	77-695	Clinex FAST PLAST 1 L	0	0	szt.	16,6	20,42	preparat do mycia plastiku	
 	towar	77-667	Clinex FAST GAST 1 L	0	0	szt.	17,5	21,53	Preparat do usuwania tłustych zabrudzeń	3402 20 90
 	towar	77-005	Clinex DRILL 1L	0	0	szt.	20	24,6	UDRAŻNIANIE RUR	
 	towar	77-501	Clinex- DESTONER 1 L	0	0	szt.	28,5	35,06	Odkamieniacz	
 	towar	77-613	Clinex ANTI-SPOT 250 ML	0	0	szt.	20,5	25,22	Odplamiacz	3405 90 90
 	towar	77-613 ETRA	Clinex ANTI-SPOT 250 ML	0	0	szt.	20,5	25,22	ETRA ,Odplamiacz	3405 90 90
 	towar	77-654	Clinex AIR-NUTA RELAKSU 650 ML	0	0	szt.	19,5	23,99	Odświeżacz powietrza	3307 49 00
 	towar	77-006	Clinex AIR PLUS świeży 650 ml	0	0	szt.	19,5	23,99	Odświeżacz Świeża Bryza	3307 49 00
 	towar	77-007	Clinex AIR PLUS orientalny 650 ml	0	0	szt.	19	23,37	Odświeżacz	3307 49 00
 	towar	77-681	Clinex AIR 5L - odświeżacz powietrza	0	0	szt.	115	141,45		
 	towar	77-944 P	Clinex-  FUGA 0,5 L	0	0	szt.	12,91	15,88		
 	towar	CLEAN 	CLEAR SILICONE 85G	0	0	szt.	8,4	10,33	K2	
 	towar	SZOROWARKA/JEDN.	CLEANFIX FLOOR MAC SZOROWARKA JEDNOTARCZOWA	0	0	szt.	0	0		
 	towar	RO-19CW/5	Cleaner Wosk 5kg	0	0	szt.	0	0		3402 20 20
 	towar	RO-735/5	CLEANER MAGIC SICILIANO 5 L	0	0	szt.	86,67	106,6		
 	towar	RO-735/5 N	CLEANER MAGIC NEKTARYNA 5 L	0	0	szt.	86,67	106,6		
 	towar	RO-17/5	Cleaner 5kg	0	0	szt.	57,74	71,02		3402 20 20
 	towar	RO-17/1	Cleaner 1L	0	0	szt.	16,11	19,82		3402 20 20
 	towar	RO-17/10	Cleaner 10kg	0	0	szt.	108,51	133,47		3402 20 20
 	towar	A45/10	CLEAN Up CarWash	0	0	szt.	134,77	165,77		
 	towar	RO-CMS/5	Clean Magic-S 5L	0	0	szt.	56	68,88	zapachowy płyn do mycia toalet	
 	towar	RO-135 S/5	CLEAN MAGIC SICILIANO 5 L	0	0	szt.	97,53	105,33	VAT 8%	3808 94 10
 	towar	RO135/10	CLEAN MAGIC SICILIANO 10 L	0	0	szt.	161,2	174,1		
 	towar	R-135/10	CLEAN MAGIC SICILIANO 10 L	0	0	szt.	189,87	205,06	VAT 8%	3808 94 10
 	towar	RO-135 S/1	CLEAN MAGIC SICILIANO 1 L	0	0	szt.	24,11	26,04	VAT 8%	3808 94 10
 	towar	RO-CMS/6	Clean Magic S 5+1L	0	0	szt.	0	0	zapachowy płyn do mycia toalet	
 	towar	RO-CMS/10	Clean Magic S 10kg	0	0	szt.	161,2	198,28		
 	towar	RO-135 N/5- NIE	CLEAN MAGIC NEKTARYNA 5L	0	0	szt.	97,53	105,33	VAT 8%	3808 94 10
 	towar	RO-135 N/1	CLEAN MAGIC NEKTARYNA 1 L	0	0	szt.	24,11	26,04	VAT 8%	3808 94 10
 	towar	RO-CM/6	Clean Magic 5+1L	0	0	szt.	0	0		
 	towar	RO-135S	Clean Magic - S 1L	0	0	szt.	16,67	20,5		
 	towar	RO-CM/1	Clean Magic - N 1L.	0	0	szt.	13,78	16,95	zapachowy płyn do mycia toalet 	
 	towar	RO-CM/10	Clean Magic - N 10 L	0	0	szt.	161,2	198,28	zapachowy płyn do mycia toalet	
 	towar	RO-CMM/5	Clean Magic - M 5L	0	0	szt.	56	68,88	zapachowy płyn do  mycia toalet  	
 	towar	RO-135L	Clean Magic - L 5L	0	0	szt.	56	68,88		
 	towar	RO-CMCH/5	Clean Magic - CH 5L	0	0	szt.	56	60,48		
 	towar	RO-CM/5	Clean Magic -  N 5L	0	0	szt.	56	68,88		
 	towar	K611	CLAREN -80C 1L	0	0	szt.	11,99	14,75	12k	
 	towar	K625	CLAREN -22 C 5 L -ZIMOWY PŁYN DO SPRYSKIWACZY	0	0	szt.	20,57	25,3		
 	towar	CL-TW/20	CL TOP WAX 60 20L	0	0	szt.	319	392,37		
 	towar	CL-AF/20	CL ACTIVE FOAM CHERRY 20L	0	0	szt.	0	0		
 	towar	CILLIT BANG/750	CILLIT BANG 750 ML SPRAY	0	0	szt.	0	0		
 	towar	CIF/750	CIF PROFESIONAL 750 ML. 2in1 CLEANER DESINFECTAN	0	0	szt.	0	0	PŁYN DEZYNFEKUJĄCY, GOTOWY DO UŻYCIA Z ROZPYLACZEM	
 	towar	CIF/5	CIF PROFESIONAL 5L. 2in1 CLEANER DESINFECTAN	0	0	szt.	0	0	PŁYN DEZYNFEKUJĄCY, KONCENTRAT	
 	towar	CIF/1	CIF POWER&SHINE PRZECIW KAMIENIOWI 750 ML 	0	0	szt.	0	0	atomizer, usuwa osad z mydła i kamień	
 	towar	CIF	CIF - 750 ML 	0	0	szt.	0	0	,Mleczko 	
 	towar	CIF/540	CIF - 540 G	0	0	szt.	0	0	,Mleczko 	
 	towar	CIF/500	CIF - 500 ML SPR. ŁAZIENKA	0	0	szt.	0	0	AUCHAN,SPRAY	
 	towar	CHLOROFRESH/5	CID LINES CHLOROFRESH 5 L	0	0	szt.	0	0		
 	towar	CHWYTAK NA ŚMIECI	CHWYTAK NA KIJU NA ŚMIECI	0	0	szt.	0	0		
 	towar	CHWASTOX/5L	Chwastox Extra 300SL 5 L	0	0	szt.	0	0		
 	towar	CHWASTOX/1L	Chwastox Extra 300SL 1 L	0	0	szt.	0	0		
 	towar	PS24488	Chusteczki PIT STOP nabłyszczające do kokpitu	0	0	szt.	4,68	5,76	Bottari , zapach-sensation	
 	towar	CHUSTECZKI/KOSM	CHUSTECZKI KOSMETYCZNE  A'90 SZT 	0	0	szt.	0	0	MAKRO ,VELVET 3-warstwowe	
 	towar	CHUSTECZKI/200	CHUSTECZKI KOSMETYCZNE  A'200 SZT 	0	0	szt.	0	0	SELGROS FOXY MEGA 2-warstwowe(wys.9 cm ,dłu.23 cm,szer.11,5 cm)	
 	towar	CHUSTECZKI/150	CHUSTECZKI KOSMETYCZNE  A'150 SZT 	0	0	szt.	0	0	MAKRO ,SOFT&EASY 2-warstwowe(wys.7 cm ,dłu.23 cm,szer.11,5 cm)	
 	towar	CHUSTECZKI	CHUSTECZKI KOSMETYCZNE  A'100	0	0	szt.	0	0	BUNNY SOFTA'100 kartonik, Multichem BUNNY SOFT A;100, kartonik, Multichem  (Papernet 409744, kartonik , 411173)  	
 	towar	GP24531	Chusteczki kokpit matowe 20 szt. GRAND PRIX	0	0	szt.	5,4	6,64	Bottari, lemon&lime	
 	towar	CHDW	Chusteczki do zbierania wosku 2 pc.	0	0	szt.	0	0		
 	towar	PS24491	Chusteczki do tapicer PIT STOP tekstylnych 	0	0	szt.	4,68	5,76	Bottari, zapach -cytryna	
 	towar	PS 24489	Chusteczki do szyb PIT STOP 	0	0	szt.	4,68	5,76	Bottari, do lusterek, refrektorów	
 	towar	GP24533	Chusteczki do szyb 20 szt.	0	0	szt.	5,4	6,64	Bottari	
 	towar	K80877	Chusteczki do rąk 20 szt.	0	0	szt.	5,4	6,64	Bottari, lemon	
 	towar	K80875	Chusteczki do kokpitu 20 szt.	0	0	szt.	5,4	6,64	Bottari. wanilia-75, fresh-78,lemon-89	
 	towar	CHUSTECZKI/K	CHUSTECZKI DO KOKPITU	0	0	szt.	0	0	DR.MARCUS ,20 szt	
 	towar	414.100	Chusteczki do czyszczenia karoserii 	0	0	szt.	0	0	wycofany	
 	towar	CH/C	CHUSTECZKI CZYSZCZĄCE FORNIRA WIPES 100	0	0	szt.	0	0	PL TRADE	
 	towar	1802	CHUSTECZKI CZYSZCZĄCE A' 300 FOX INDDUSTRIAL WIPES	0	0	szt.	0	0	PL TRADE	
 	towar	CHROME/250	CHROME POLISH 250G	0	0	szt.	39,84	49		
 	towar	SH611	CHM CLEANER 1L - preparat do zmywania farb,	0	0	szt.	0	0		
 	towar	809.300	CHŁODZIWO WIERTNICZE 400 ml	0	0	szt.	16,99	20,9	wycofany, professional	
 	usługa	CHŁ/L	CHŁODZIARKA LIEBHERR	0	0	szt.	0	0	ICUS3013-21	
 	towar	SH502-5 L	CHLORMAX 5 L	0	0	szt.	0	0	Wysokopienny, wysokozasadowy preparat do mycia i dezynfekcji na bazie aktywnego chloru. 	
 	towar	CHLOREX/1	CHLOREX 1 L	0	0	szt.	6,42	7,9	do dezynfekcji	
 	towar	CHLOREK/25	CHLOREK WAPNIA 25 KG	0	0	szt.	47,97	59		
 	towar	CHAMPION/CZARNY	CHAMPION HIGH TEMPERATURE 800 C - CZARNY 400 ML	0	0	szt.	0	0	RAL9011	
 	towar	CHAMPION/ALUMINIUM	CHAMPION HIGH TEMPERATURE 800 C - ALUMINIUM 400 ML	0	0	szt.	0	0	RAL 9006	
 	towar	IRCHA1	CHAMOIS LEATHERS PC.	0	0	szt.	29,43	36,2		
 	towar	W148	CHAIN CLEANER - ZMYWACZ DO ŁAŃCUCHA	0	0	szt.	13,45	16,54	12K	
 	towar	CEW	CEWKA ZAWORU	0	0	szt.	0	0		
 	usługa	EHOST	Certyfikat AutoSSL: sonax	0	0	szt.	0	0		
 	towar	350.400	CERAMICZNY DETAILER DO FELG I OPON 750ML	0	0	szt.	46,24	56,88		
 	towar	257.400 (P)	CERAMIC SPRAY COATING 750ML	0	0	szt.	59,32	72,96	PROMOCJA	
 	towar	257.400	CERAMIC SPRAY COATING 750ML	0	0	szt.	59,32	72,96		
 	towar	226.400	CERAMIC PLASTIC SEALING 750ML	0	0	szt.	43,34	53,31	preparat do plastików zewn. nielakierowanych	
 	towar	85235	CERAMIC 1200 400ML	0	0	szt.	0	0	smar ceramiczny	
 	towar	AP531	CD-2 Hydrowosk konserwujący 1 l	0	0	szt.	33,47	41,17		
 	towar	L330	CAVITY WAX 500ML - środek do konserwacji profili 	0	0	szt.	14,9	18,33	12k	
 	towar	OLEJ CASTRO	Castrol Edge Titanium LL 5w30 4 L- olej silnikowy	0	0	szt.	0	0		
 	towar	CASTROL EDGE	CASTROL EDGE 5W-40 TD 4 L	0	0	szt.	0	0		
 	towar	CARSO BLACK	CARSO BLACK 750 ML-COCPIT SPRAY	0	0	szt.	7,69	9,46	K2	
 	towar	CS/25	CAR-SHAMPOO 20% 25L	0	0	szt.	204,78	251,88		
 	towar	CC500	CARPET CLEANER 500ML	0	0	szt.	6	7,38	KEMKO,do prania tapicerki	
 	towar	CPSP/25	CARNET POWDER SPECJAL PERFUMED 25KG	0	0	szt.	275	338,25	proszek do mycia bezdotykowego	
 	towar	CPS/25	CARNET POWDER SPECIAL 25KG	0	0	szt.	0	0		
 	towar	CJP/25	CARNET JUMBO PROTECT 25L (26,75kg)	0	0	szt.	306,84	377,41		
 	towar	CJP/1	CARNET JUMBO PROTECT 1L	0	0	szt.	0	0		
 	towar	CJP/5	CARNET JUMBO PROTECT   5L (5,35kg)	0	0	szt.	65,27	80,28		
 	towar	CJ/5	CARNET JUMBO 5L (5,5kg)	0	0	szt.	77,84	95,74		
 	towar	CJ/25	CARNET JUMBO 25L (27,5kg)	0	0	szt.	321,72	395,72		
 	towar	CJ/1	CARNET JUMBO 1L	0	0	szt.	0	0	wycofany	
 	towar	CS/5	Caresan 5L	0	0	szt.	0	0	konserwuje, nabłyszcza stal nierdzewną	
 	towar	CS/1	CARESAN 1L	0	0	szt.	20,1	24,72	konserwuje, nabłyszcza stal nierdzewną	
 	towar	CS/05	Caresan 0,5L	0	0	szt.	10,94	13,46	konserwuje, nabłyszcza stal nierdzewną	
 	towar	RCC1	CARBURETTOR CLEANER 400ML	0	0	szt.	0	0		
 	towar	C-ODH/500	CARAMBA ZMYWACZ DO HAMULCÓW 500 ml	0	0	szt.	0	0		
 	towar	CARAMBA/PRZEM	CARAMBA INTENS. ŚRODEK CZYSZCZĄCY PRZEMYSŁU 500ML	0	0	szt.	15,1	18,57		
 	towar	609705	CARAMBA DO CZYSZCZENIA UKŁADÓW ZASILANIA	0	0	szt.	0	0	DO ZAWORÓW EGR I TURBOSPRĘŻAREK	
 	towar	CARAMBA/60063708	CARAMBA 70 RELAUNCH 250ML	0	0	szt.	0	0		3403 19 80
 	towar	BR30/25	CAR WAX BR30 25L	0	0	szt.	339,34	417,39		3402 90 10
 	towar	BR30/5	CAR WAX BR.30 5L	0	0	szt.	79,85	98,22	wosk na bazie parafiny	3402 90 10
 	towar	BR30/1	CAR WAX BR.30 1L	0	0	szt.	0	0		3402 90 10
 	towar	CW2000/5	CAR WAX 2000 5L	0	0	szt.	127,93	157,35	wosk polimerowy	3402 90 10
 	towar	CW2000/25	CAR WAX 2000 25L	0	0	szt.	607,45	747,16		3402 90 10
 	towar	CW2000/1	CAR WAX 2000 1L	0	0	szt.	24,12	29,67	wycofany	3402 90 10
 	towar	BL241/750	Car wax & dry Wosk polimerowy 750 ml	0	0	szt.	0	0	z funkcja osuszania	
 	towar	A13/20	CAR TRUCK BLUE 20 L	0	0	szt.	0	0		
 	towar	M-408/20	CAR TRUCK 20 L	0	0	szt.	0	0	do mycia samochodów ciężarowych - LKW	
 	towar	M-408/10	CAR TRUCK 10 L	0	0	szt.	0	0		
 	towar	A33/5	CAR SHINE 5L	0	0	szt.	61,09	75,14	nabłyszczanie karoserii	3402 20 90
 	towar	A33/1S	CAR SHINE 1L	0	0	szt.	23,82	29,3		3402 20 90
 	towar	CS20/5	CAR SHAMPOO 20% 5L (5,1kg)	0	0	szt.	51,91	63,85		
 	towar	CS20/25	CAR SHAMPOO 20% 25L (25,5kg)	0	0	szt.	232,93	286,5		
 	towar	CS20/1	CAR SHAMPOO 20% 1L	0	0	szt.	0	0	wycofany	
 	towar	A16/5	CAR MAX 5 L	0	0	szt.	93,97	115,58		3402 20 90
 	towar	A16/20	CAR MAX 20L TENZI	0	0	szt.	364,82	448,73		3402 20 90
 	towar	A16/1	CAR MAX 1L	0	0	szt.	21,52	26,47		3402 20 90
 	towar	A16/10	CAR MAX 10L	0	0	szt.	185,87	228,62		3402 20 90
 	towar	CB/500	CAR BALSAM MACBRITE 500ML	0	0	szt.	0	0		
 	towar	CV/750	CANDIVETRO 750ML	0	0	szt.	7,98	9,82	czyści szyby 	
 	towar	CV/400	CANDIVETRO 400ML	0	0	szt.	8,38	10,31	pianka	
 	towar	CV/10	CANDIVETRO 10KG	0	0	szt.	78,5	96,56	do mycia szyb i luster	
 	towar	CAMPER TOILET	CAMPER TOILET 1L - super koncentrat	0	0	szt.	0	0		
 	towar	W89/600	CABRIO PROT 600 ML	0	0	szt.	77,15	94,89		3402 20 90
 	towar	F28/025S	CABRIO PROT 250 ML	0	0	szt.	29,71	36,54	wycofany	3402 20 90
 	towar	F28/1S	CABRIO PROT 1L. 	0	0	szt.	0	0	wycofany, Impregnacja hydrobowa, zabezpieczenie przed wilgocią	3402 20 90
 	towar	BY-PASS/K	By-pass kompletny	0	0	szt.	0	0		
 	towar	BT01	BUTELKA PUSTA	0	0	szt.	2,63	3,23		
 	towar	09710	Butelka BO-1/UNZ - 50g biała z paskiem 	0	0	szt.	0	0		
 	towar	08510	Butelka BO-0,5 / UNY-55g biała z paskiem 	0	0	szt.	0	0		
 	towar	BUT/0,10	BUTELKA 100 ML	0	0	szt.	0	0		
 	towar	BUT	BUTELKA 1,0 45G/38	0	0	szt.	0	0	bezbarwna	
 	towar	PR-BT/444	BUG & TAR REMOVER 444ML	0	0	szt.	8,8	10,82	do usuwania owadów i smoły	
 	towar	BRUNOX TRUBO	BRUNOX TURBO- Spray 500ml	0	0	szt.	0	0		
 	towar	BRUNOX	BRUNOX - 400ML	0	0	szt.	0	0		
 	towar	U06/5	BRUDEX 5 L	0	0	szt.	81,33	100,04	Koncentrat, doczyszczanie posadzek	3402 20 90
 	towar	U06/10	BRUDEX 10 L	0	0	szt.	158,22	194,61	koncentrat, doczyszczanie posadzek elastycznych	3402 20 90
 	towar	U06/1	BRUDEX 1 L	0	0	szt.	19,8	24,35	doczyszczanie silnie zabrudzonych posadzek, ścian, urządzeń ,konc.	3402 20 90
 	towar	BRISE/ZAPAS	BRISE AUTOMAT ZAPAS	0	0	szt.	0	0	Chemdom	
 	towar	BRISE /KOMPLET	BRISE AUTOMAT KOMPLET	0	0	szt.	0	0	Chemdom	
 	towar	BPF/5	BRILLIANT POLISH FINISH 5L	0	0	szt.	88,7	109,1	wycofany	
 	towar	BW/1	BRILLANT WAX 1L	0	0	szt.	0	0		
 	towar	BHF/5	BRILANT HOT FINISH 5L	0	0	szt.	83,67	102,91		
 	towar	B$S	BRIGGS$STRATTON 4T 0,6L	0	0	szt.	14,65	18,02	K2, olej do kosiarki	
 	towar	63845	BRENNRAUM UND VENTILREINIGER 325 ML	0	0	szt.	8,23	10,12		
 	towar	DR-01	BRELOCZEK Z POZYTYWKĄ	0	0	szt.	5,74	7,06		
 	towar	19/A C	BRELOCZEK LISA COLLECTION	0	0	szt.	5,85	7,2		
 	towar	18 C	BRELOCZEK DO KLUCZY SREBRNY KENCO	0	0	szt.	14,4	17,71		
 	towar	BREF	BREF- ZAWIESZKA KULKI A"1	0	0	szt.	0	0		3402
 	towar	BREF/3PAK	BREF-  ZAWIESZKA KULKI A'3	0	0	szt.	0	0	OP. 3 SZT	3402
 	towar	BREF/2PAK(1)	BREF-  ZAWIESZKA KULKI A'2	0	0	szt.	0	0	OP. 2 SZT	3402
 	towar	61479	BREAKE AND CLUTCH CLEANER 500 ML	0	0	szt.	10,21	12,56		
 	towar	W105	BRAKE CLEANER 600ML	0	0	szt.	10,89	13,39	K2 ; do czyszczenia hamulców, 12k	
 	towar	1468	BOSMA ŻARÓWKA H7 12V55W 	0	0	szt.	0	0	Groszek, zast. oświetlenie przednich lamp.auta osobowe	
 	towar	1260	BOSMA ŻARÓWKA H3 12V 55W PK22s	0	0	szt.	0	0		
 	towar	1192	BOSMA ŻARÓWKA H1 12V 55W P14,5S	0	0	szt.	0	0	Groszek zast: refrektory główne oraz przeciwmigielne	
 	towar	1529	BOSMA ŻARÓWKA 12V 21W KULKA BA15 S 	0	0	szt.	0	0		
 	towar	1574B-NIE	BOSMA ŻARÓWKA 12V /5W BAY15d	0	0	szt.	0	0		
 	towar	4278	BOSMA ZESTAW12V  H7	0	0	szt.	0	0		
 	towar	BOSMA PY21/W 	BOSMA PY21/W 	0	0	szt.	0	0	1 SZT.KARTONIK,pomarańcza lub biała do kierunkowskazów, 	
 	towar	BOSMA P21W	BOSMA P21W 12V-21W  2 SZT.	0	0	szt.	0	0	Groszek żarówki zast;oświetlenie lamp stopui kierunkowskazów SY MBOL1529 B	
 	towar	BOSMA P21/5W 12 V	BOSMA P21/5W 12V  2 SZT.	0	0	szt.	0	0	Groszek żarówkidwuwłóknowe,światła stopu i pozycyjne SYMBOL1574 B	
 	towar	BOSMA	BOSMA 12V 5W SV8,5 10x36 rurka	0	0	szt.	0,68	0,84	K2, OŚWIETLENIE KABINY; SYMBOL 1680	
 	towar	B02	BOSMA 12V 5W  T10 W5W-2 SZT.	0	0	szt.	0,42	0,52	SYMBOL1949 B, ŚWIATŁA POSTOJOWE,KABINY, PODSWIETLLENIE REJESTRACJI, 	
 	towar	24 66 33-50 91	BORYGO START 1 L	0	0	szt.	0	0	płyn do chłodnic, niebieski	
 	towar	BORYGO/CZRWONY	BORYGO NOWY 1L CZERWONY	0	0	szt.	0	0	płyn do chłodnic czerwony -35C	
 	towar	BORYGO/RÓŻOWY	BORYGO NOWY 1L 	0	0	szt.	0	0	płyn do chłodnic różowy, PREMIUM Extendded Life G12 1 L	
 	towar	24 66 33-50 90(1)	BORYGO ECO 5L	0	0	szt.	0	0	płyn do chłodnic, zielony	
 	towar	24 66 33-50 90	BORYGO ECO 1 L	0	0	szt.	0	0	płyn do chłodnic, zielony,osobowe 	
 	towar	K150	BONO DO PLASTYKÓW ZAWNĘTRZNYCH	0	0	szt.	6,45	7,93		
 	towar	K030/200	BONO BLACK - 250 ml	0	0	szt.	6,86	8,44	K2,czernidło do odnawiania gumy i plastików	
 	towar	B1001	BONDIX -3G	0	0	szt.	1,36	1,67	K2, klej 15 sek. do plastiku, drewna, gumy, 12k	
 	towar	SUCHY SMAR/400	BOLL SUCHY SMAR 400 ML	0	0	szt.	0	0	spray	
 	towar	BOLL STOPPER /400	BOLL STOPPER SPRAY 400 ML	0	0	szt.	0	0	odstraszacz kun	
 	towar	BOLL NEUTRALIZOTOR	BOLL NEUTRALIZATOR RDZY SPRAY 400ML	0	0	szt.	0	0		
 	towar	BOLL LAKIER	BOLL LAKIER AKRYLOWY CZARNY MAT 500ML	0	0	szt.	0	0		
 	towar	BOLL/KLEJ DO SZYB	BOLL KLEJ DO SZYB SAMOCHODOWYCH SPRINT 310ml	0	0	szt.	0	0		
 	towar	BOLL/GĄBKA POM	BOLL GĄBKA MINI M14 + TRZPIEŃ MOCUJĄCY - pomarańcz	0	0	szt.	0	0		
 	towar	BOLL/GĄBKA CZARNA(1)	BOLL GĄBKA MINI M14 + TRZPIEŃ MOCUJĄCY - czarna	0	0	szt.	0	0		
 	towar	BOLL/GĄBKA ŻÓŁTA	BOLL GĄBKA MINI M14 - żółta	0	0	szt.	0	0	żółta	
 	towar	BOLL/GĄBKA POMA	BOLL GĄBKA MINI M14 - pomarańczowa	0	0	szt.	0	0	pomarańczowa	
 	towar	BOLL/GĄBKA CZARNA 1	BOLL GĄBKA MINI M14 - czarna miękka	0	0	szt.	0	0	czarna miękka	
 	towar	BOLL CYNK	BOLL CYNK SPRAY 400ML	0	0	szt.	0	0		
 	towar	K157M	BOLD - Preparat do opon 700ml.	0	0	szt.	16,75	20,6	K2	
 	towar	BOLD-NIE	BOLD - Preparat do opon 600ml.	0	0	szt.	9,8	12,05	K2	
 	towar	K156	BOLD - Preparat do opon 600ml spray	0	0	szt.	15,47	19,03	K2, 12k	
 	towar	M190/5	BOLD - 5 L	0	0	szt.	91,85	112,98	K2,nabłyszcza, konserwuje opony	
 	towar	SP06/07	BOBEREX 750 ml	0	0	szt.	0	0	wycofany	3402 20 90
 	towar	BOBEREX/600	BOBEREX 600 ML	0	0	szt.	10,37	12,76		
 	towar	SP06/5	BOBEREX 5L	0	0	szt.	62,76	77,19		3402 20 90
 	towar	SP06/1	BOBEREX 1L	0	0	szt.	15,39	18,93		3402 20 90
 	towar	SP06/1/P	BOBEREX 1L	0	0	szt.	14,87	18,29	PRÓBKI, zapachowe-13,50 zł.	3402 20 90
 	towar	SP06/10	BOBEREX 10L	0	0	szt.	110,83	136,32	Ręczne mycie naczyń.	
 	towar	A106/1	BOAT CLEANER 1 L	0	0	szt.	40,17	49,41	mycie łodzi	
 	towar	BŁ	BŁOTOCHRON UNIVERSAL	0	0	kpl.	0	0		
 	towar	014488	BLV 36-240 odkurzacz aku. do liści bez aku i ładow	0	0	szt.	0	0	EFEKT	
 	towar	RO-201/5	Blue Magic Aut 5L	0	0	szt.	175,56	215,94	dodatek sanitarny do toalet	3307 49 00
 	towar	RO-BMA/25	Blue Magic Aut 25kg	0	0	szt.	0	0	dodatek sanitarny do toalet	3307 49 00
 	towar	RO-BMA/20	Blue Magic Aut 20L	0	0	szt.	384	472,32	dodatek sanitarny do toalet	3307 49 00
 	towar	RO-BMA/1	Blue Magic Aut 1L	0	0	szt.	13,6	16,73	dodatek sanitarny do toalet	3307 49 00
 	towar	RO-201	Blue Magic Aut  2L	0	0	szt.	0	0		3307 49 00
 	towar	RO-BM/5	Blue Magic 5L	0	0	szt.	164,44	202,26	preparat do toalet wolnostojących 	3307 49 00
 	towar	RO-202/25	Blue Magic 25kg	0	0	szt.	0	0	preparat do toalet wolnostojących 	3307 49 00
 	towar	RO-BM/20	Blue Magic 20L	0	0	szt.	630	774,9	NIE JEST BIODEGRADALNY! preparat do toalet wolnostojących 	3307 49 00
 	towar	RO-BM/1	Blue Magic 1L	0	0	szt.	37,11	45,65	preparat do toalet wolnostojących 	3307 49 00
 	towar	RO-BM/10	Blue Magic 10kg	0	0	szt.	315,56	388,14	preparat do toalet wolnostojących 	3307 49 00
 	towar	 BLUE DIAMOND/5	BLUE DIAMOND 5 L	0	0	szt.	106,53	131,03	bardzo mocno skoncentrowana aktywna piana do wszystkich rodzajów	
 	towar	BS/85	BLACK SILICONE  85G 	0	0	szt.	8,4	10,33	K2; 315 C	
 	towar	00005-02291	BLACK BLADE SQUEEGEE L=1000	0	0	szt.	0	0	Lavor pod Dynamis	
 	towar	RO-BF/1	BIURO FIX 1L	0	0	szt.	18,17	22,35	do mebli i urządzeń biurowych	
 	towar	BP/5	BIO-POLISH 5L	0	0	szt.	98,74	121,45	wosk polimerowy	
 	towar	CARAMBA/6071851	BIAŁY UNIWERSALNY SMAR W SPRAYU 500ML	0	0	szt.	0	0		3403 99 00
 	towar	W121	BIAŁY SMAR Z PTFE 400ML.	0	0	szt.	7,45	9,16		
 	towar	805.300	BIAŁY SMAR W SPRAYU 400ML	0	0	szt.	20,49	25,2	wycofany, professional	
 	towar	0073	BIAŁY SMAR III 500ML	0	0	szt.	0	0		
 	towar	073/1	BIAŁY AUTO SMAR 500 ML	0	0	szt.	0	0		
 	towar	6.608.0068	BĘBEN NA WĄŻ CIŚNIENIOWY- HYPER L	0	0	szt.	0	0	Lavor	
 	towar	CL1515	BEZPIECZNY ZMYWACZ - 500 ML	0	0	szt.	0	0	ENYRUN	
 	towar	CL151	BEZPIECZNY ZMYWACZ  - 0,5 L	0	0	szt.	0	0	ENYRUN, metalowe opakowanie	
 	towar	B30113	Bezpieczniki płaskie mini 10szt.- zestaw	0	0	szt.	0	0	Bottari	
 	towar	B30112	Bezpieczniki płaskie 10 szt - zestaw	0	0	szt.	0	0	Bottari	
 	towar	BZP	BEZPIECZNIK	0	0	szt.	0	0		
 	towar	A17/5	BETORAST 5 L	0	0	szt.	134,6	165,56		3402 20 90
 	towar	A17/20	BETORAST 20L	0	0	szt.	0	0	wycofany ,silnie kwaśny do usuwania rdzy, kamienia, cementu	3402 20 90
 	towar	A17/1	BETORAST 1L	0	0	szt.	15,26	18,77	wycofany,  silnie kwaśny do usuwania rdzy, kamienia, cementu	3402 20 90
 	towar	A17/10	BETORAST 10L	0	0	szt.	259,25	318,88	silnie kwaśny do usuwania rdzy, kamienia, cementu	3402 20 90
 	towar	BETON/1	BETONCLEANER CLASSIC PLUS 1L	0	0	szt.	0	0		
 	towar	SH 311/1	Beton Cleaner Strong  1 l . 	0	0	szt.	0	0	1:10 1: 20 , anytkorozyjny preparat do zmywania zaschniętego betonu.	
 	towar	RO-56HW/5	BEROX-Z 5L	0	0	szt.	112,42	138,28		
 	towar	BENZYNA/EKSTRAKCYJNA	BENZYNA EKSTRAKCYJNA 0,5L	0	0	szt.	0	0		
 	towar	65265	BENZIN ZUSATZ 325 ML	0	0	szt.	0	0		
 	towar	9939837	BENDIX F-126 FL	0	0	szt.	17	20,91		
 	towar	BE	BECZKA	0	0	szt.	0	0		
 	towar	433.500	BEAST DO CZYSZCZENIA FELG 5L	0	0	szt.	199	244,77		
 	towar	433.300	BEAST DO CZYSZCZENIA FELG 1L	0	0	szt.	43,88	53,97		
 	towar	BAT	BATERIA C&B LR6 4 SZT.	0	0	szt.	0	0		
 	towar	00055-00130	BATERIA 12 VGEL-105Ah/C5-6GEL105 FREE/EASY/XXS	0	0	szt.	1410	1734,3	LAVOR	
 	towar	BAT UMYWALKA	BAT UMYWALKA GALEN OBR WYŁ.CHR B/KORK	0	0	szt.	0	0		
 	towar	BG45P	BARANEK GREEN - 45 CM Z PADEM	0	0	szt.	20,1	24,72		
 	towar	BG35P	BARANEK GREEN - 35 CM Z PADEM	0	0	szt.	17,59	21,64		
 	towar	BDS/60	Balsam do skóry 60ml	0	0	szt.	0	0		
 	towar	BDS/50	Balsam do skóry 50 ml	0	0	szt.	0	0		
 	towar	BDS/220	Balsam do skóry 220 ml	0	0	szt.	0	0		
 	towar	BDS/200	Balsam do skóry 200ml	0	0	szt.	0	0		
 	towar	K010	BALSAM - atomizer 700 ML	0	0	szt.	7,91	9,73	K2, Quick polish	
 	towar	BS/1	BaktoSan 1 L	0	0	szt.	0	0		
 	towar	BAC200/25	BAC CID 200 -25 L	0	0	szt.	637,07	783,6	preparat dezynfekujący na bazie aldehydu glutarowego i formaliny; oprysk 1% .cza 5min. ; zamgławianie 20%czas24 h	
 	towar	B REMOVER/25	B REMOWER 25 KG-preparat do usuwania betonu	0	0	szt.	330,08	406		
 	towar	ZMP/S	AZUR ZAPAS DO/MOPA SPRAY	0	0	szt.	0	0	MAKRO	
 	towar	AXE	AXENOL 	0	0	szt.	6,8	8,36	K2, olej do kosiarki, qady, traktorki	
 	towar	AWES/1	AWES ZMYWACZ POWŁOK LAKIEROWANYCH 1L	0	0	szt.	0	0		
 	towar	UL AS3	AUTO-SZCZOTKA	0	0	szt.	0	0		
 	towar	SN 2	AUTOSZAMPON 0,7L	0	0	szt.	0	0		
 	towar	AUTORAD G12+/5	AUTORAD G12+ PŁYN DO CHŁODNIC -35C 5 L  CZERWONY 	0	0	szt.	23,98	29,5		
 	towar	AUTORAD G12+/1	AUTORAD G12+ PŁYN DO CHŁODNIC 1 L KONC. CZERWONY	0	0	szt.	9,18	11,29		
 	towar	MAX-4	AUTOMAX SZAMPON 400g	0	0	szt.	0	0		
 	towar	MAX-3	AUTOMAX EMULSJA REGENERACYJNA 200g	0	0	szt.	0	0		
 	towar	75001	AUTOMATYCZNY WŁĄCZNIK WENTYLATORA CNQ	0	0	szt.	14,5	17,84		
 	towar	8.527.0003	AUTOMAT MYJĄCY SCL FREE EVO 50 E	0	0	szt.	8700	10701	Lavor	
 	towar	SCL XXS-66 BT	AUTOMAT MYJĄCY COMFORT XXS-66 - KOMPLETNY	0	0	szt.	0	0	LAVOR	
 	towar	AC/TT	Automat czyszczący TT	0	0	szt.	0	0	3450S V 34	
 	towar	EC251/1	AUTOCLEANER 1 L-Kwaśny preparat do mycia 	0	0	szt.	0	0	alu minium.inoxu i stali szlachetnych	
 	towar	B3000	AUTOBLAND Bandaż do węży 	0	0	szt.	3,99	4,91	K2; 5cm x 3m	
 	towar	ABW/25	AUTOBELLA WOSK 25KG	0	0	szt.	299,9	368,88		3402 13 00
 	towar	ABW/1	AUTOBELLA WOSK 1L	0	0	szt.	13,65	16,79		3402 13 00
 	towar	ABW/0,5	AUTOBELLA WOSK 0,5 L	0	0	szt.	8,45	10,39		3402 13 00
 	towar	ABW/10	AUTOBELLA WOSK  10L  	0	0	szt.	121	148,83		3402 13 00
 	towar	AB/25	AUTOBELLA 25KG	0	0	szt.	206	253,38	szampon samochodowy	3402 13 00
 	towar	AB/1	AUTOBELLA 1L	0	0	szt.	8,78	10,8		3402 13 00
 	towar	AB/10	AUTOBELLA 10KG	0	0	szt.	84,6	104,06	szampon samochodowy 	3402 13 00
 	towar	AB/05	AUTOBELLA 0,5L	0	0	szt.	5,67	6,97		3402 13 00
 	towar	300.100	AUTO POLITURA DO LAKIERU 250ML	0	0	szt.	15,98	19,66		3405 30 00
 	towar	SC10810/30	AUTO GLANZ SHAMPOO 30KG	0	0	szt.	270	332,1	szampon nadający połysk	
 	towar	SC10810/10	AUTO GLANZ SHAMPOO 10 KG	0	0	szt.	100	123		
 	towar	AUTO FOAM WAX	AUTO FOAM WAX 20 L 	0	0	szt.	800	984		
 	towar	AUTO DRY/20	AUTO DRY 20 L	0	0	szt.	520	639,6	wosk osuszający -osuszacz	
 	towar	300.200	AUTO  POLITURA DO LAKIERU 500ML	0	0	szt.	18,78	23,1	wycofany	3405 30 00
 	towar	G420	AURON zestaw	0	0	szt.	57,56	70,8	(Auron Cleaner+Auron Protectant+szczo	
 	towar	ATC300/5	ATC 350 5L (5,3kg)	0	0	szt.	75,47	92,83		
 	towar	ATC 350/25	ATC 350 25L	0	0	szt.	242,69	298,51		
 	towar	ATC350 /25	ATC 350 25 L	0	0	szt.	242,69	298,51		
 	towar	ATC200/5	ATC 200 5L	0	0	szt.	66,12	81,33	wycofany	
 	towar	ATC200/25	ATC 200 25 L	0	0	szt.	373,76	459,72	Kwas do mycia i renowacji aluminium. Nie zawiera kwasu fluorowodorowego.	
 	towar	ATC100/5	ATC 100 5L	0	0	szt.	83,05	102,15		3402 90 90
 	towar	ATC100/25  NIE!!!	ATC 100 25L	0	0	szt.	373,76	459,72		3402 90 90
 	towar	ATC100/20	ATC 100 20 L	0	0	szt.	306,24	376,68		3402 90 90
 	towar	000049	ATACK PŁYN DO MYCIA FELG 500ML	0	0	szt.	0	0		
 	towar	AROMATIC89	AROMATIC89-Dyfuzorz patyczkami-DORE	0	0	szt.	0	0		
 	towar	AROMATIC/TESTERY(1)	AROMATIC89 Testery zapachów - SATIN TOUCH	0	0	szt.	0	0		
 	towar	AROMATIC/TESTERY	AROMATIC89 Testery zapachów - GOLD MIST	0	0	szt.	0	0		
 	towar	AROMATIC/ZAWIESZKA	AROMATIC89 Papierowa zawieszka zapachowa- MOROCO	0	0	szt.	14,22	17,49		4779 04 40
 	towar	AROMATIC/ZAWIESZKA 3	AROMATIC89 Papierowa zawieszka zapachowa- CONEGON	0	0	szt.	14,22	17,49		4779 04 40
 	towar	AROMATIC /DYFUZOR 2	AROMATIC89- Dyfuzor z patyczkami -BLUE NIGHTINGALE	0	0	szt.	91,84	112,96	50 ML	4779 04 40
 	towar	AROMATIC/ZESTAW TEST	AROMATIC89  Zestaw testerów z atomizerami	0	0	szt.	43,73	53,79		4779 04 40
 	towar	AROMATIC/ŚWIECE T(1)	AROMATIC89  Świece Tealight -INFINITY FLOW	0	0	szt.	39,36	48,41	kolor jasny	4779 04 40
 	towar	AROMATIC/ŚWIECE TEAL	AROMATIC89  Świece Tealight -DORE	0	0	szt.	39,36	48,41	kolor cielisty	4779 04 40
 	towar	AROMATIC/ SPR.DORE/1	AROMATIC89  Perfumowny spray 100 ml- DORE	0	0	szt.	52,48	64,55		4779 04 40
 	towar	AROMATIC/ SPR.CONEGO	AROMATIC89  Perfumowny spray 100 ml- CONEGON	0	0	szt.	52,48	64,55		4779 04 40
 	towar	AROMATIC/ SPR.MOROCO	AROMATIC89  Perfumowny spray 100 ml-  MOROCO	0	0	szt.	52,48	64,55		4779 04 40
 	towar	AROMATIC /DYFUZOR6	AROMATIC89 - Dyfuzor  z patyczkami -INFINITY FLOW	0	0	szt.	91,84	112,96	50 ML	4779 04 40
 	towar	AROMATIC/ZAWIESZKA 4	AROMATIC 89 Papierowa zawieszka zapachowa -FANTASY	0	0	szt.	0	0		
 	towar	BL544-50ML	AROMA LIQUID/VANILLA-50 ML	0	0	szt.	0	0		
 	towar	BL542-50ML	AROMA LIQUID/NEW CAR-50 ML	0	0	szt.	0	0		
 	towar	BL546-50ML	AROMA LIQUID/MILLION DOLLARS-50 ML	0	0	szt.	0	0		
 	towar	AROMA FRESH/750	AROMA FRESH/SZARLOTKA 250 ML	0	0	szt.	0	0	SHINE 	
 	towar	AROMA/VENTIS OCEAN	AROMA CAR VENTIS OCEAN 8ML	0	0	szt.	10,84	13,33	zapach w kratkę, MTMV025859  	
 	towar	AROMA/VENTIS GREEN	AROMA CAR VENTIS GREEN LEMON 8ML	0	0	szt.	10,84	13,33	zapach w kratkę, MTMV025862  	
 	towar	AROMA/VENTIS CHERRY	AROMA CAR VENTIS CHERRY 8ML	0	0	szt.	10,84	13,33	zapach w kratkę, MTMV831402   	
 	towar	AROMA/VENTIS BLOS	AROMA CAR VENTIS BLOSSOM 8ML	0	0	szt.	10,84	13,33	zapach w kratkę, MTMV836346  	
 	towar	AROMA/VENTIS BLACK	AROMA CAR VENTIS BLACK 8ML	0	0	szt.	10,84	13,33	zapach w kratkę, MTMV025854 	
 	towar	AROMA/VANILLA HEX	AROMA CAR VANILLA HEX	0	0	szt.	7,7	9,47		
 	towar	AROMA/VANILLA CITY	AROMA CAR VANILLA CITY CELLULOSE	0	0	szt.	2,77	3,41		
 	towar	AROMA/VANILLA BUTTER	AROMA CAR VANILLA BUTTERFLY	0	0	szt.	5,57	6,85		
 	towar	AROMA CAR DUO WANIL	AROMA CAR SUPREME DUO WANILIA	0	0	szt.	0	0		
 	towar	AROMA CAR DUO LEMON	AROMA CAR SUPREME DUO LEMON	0	0	szt.	0	0		
 	towar	AROMA CAR DUO/AQUA	AROMA CAR SUPREME DUO AQUA	0	0	szt.	10,99	13,52		
 	towar	AROMA CAR BLACK	AROMA CAR SUPREME BLACK	0	0	szt.	0	0		
 	towar	AROMA CAR ANTI TABAC	AROMA CAR SUPREME ANTI TABACO	0	0	szt.	0	0		
 	towar	AROMA/SILVER CARD	AROMA CAR SILVER PRESTIGE CARD	0	0	szt.	3,05	3,75		
 	towar	AROMA/SILVER HEX	AROMA CAR SILVER HEX	0	0	szt.	7,7	9,47		
 	towar	AROMA/QUEEN	AROMA CAR QUEEN CELLULOSE	0	0	szt.	3,05	3,75		
 	towar	AROMA/PINK DIAMOND	AROMA CAR PINK DIAMOND GIRL MUERTOS	0	0	szt.	3,13	3,85		
 	towar	AROMA/PINE-MOHITO	AROMA CAR PINEAPPLE MOHITO CELLULOSE	0	0	szt.	3,05	3,75		
 	towar	AROMA/OUD PEPPER	AROMA CAR OUD&PEPPER MUERTOS	0	0	szt.	3,13	3,85		
 	towar	AROMA/ONYX CARD	AROMA CAR ONYX PRESTIGE CARD	0	0	szt.	3,05	3,75		
 	towar	AROMA/NEW CAR HEX	AROMA CAR NEW CAR HEX	0	0	szt.	7,7	9,47		
 	towar	AROMA/NEW CAR CITY	AROMA CAR NEW CAR CITY CELLULOSE	0	0	szt.	2,77	3,41		
 	towar	AROMA/LEMON HEX	AROMA CAR LEMON HEX	0	0	szt.	7,7	9,47		
 	towar	AROMA/LEMON CITY	AROMA CAR LEMON CITY CELLULOSE	0	0	szt.	2,77	3,41		
 	towar	AROMA/KING	AROMA CAR KING CELLULOSE	0	0	szt.	3,05	3,75		
 	towar	AROMA/GOLD CARD	AROMA CAR GOLD PRESTIGE CARD	0	0	szt.	3,05	3,75		
 	towar	AROMA/MUKHALAT	AROMA CAR FRESH MUKHALAT HEX	0	0	szt.	7,7	9,47		
 	towar	AROMA/FRESH HEX	AROMA CAR FRESH LINEN HEX	0	0	szt.	7,7	9,47		
 	towar	AROMA/FRESH BUTTERFL	AROMA CAR FRESH LINEN BUTTERFLY	0	0	szt.	5,57	6,85		
 	towar	AROMA/FRESH BAG	AROMA CAR FRESH BAG	0	0	szt.	4,49	5,52	MIX ZAPACHÓW, BUBBLE GUM, LEMON, OCEAN, RED FRUITS	
 	towar	AROMA/FRESH BAG(P)	AROMA CAR FRESH BAG	0	0	szt.	4,49	5,52	PROMOCJA. MIX ZAPACHÓW, BUBBLE GUM, LEMON, OCEAN, RED FRUITS	
 	towar	AROMA/DISCO	AROMA CAR DISCO CELLULOSE	0	0	szt.	3,05	3,75		
 	towar	AROMA/CONT-LUMINIERE	AROMA CAR CONTROLLER LUMINIERE CELLULOSE	0	0	szt.	3,05	3,75		
 	towar	4332	AROMA CAR CELLULOSE V-SERIES 	0	0	szt.	3,05	3,75	PROMOCJA STRAWBERRY , HANO MIX	
 	towar	AROMA/BUBBLE CITY	AROMA CAR BUBBLE GUM CITY CELLULOSE	0	0	szt.	2,77	3,41		
 	towar	AROMA/BOOMBOX	AROMA CAR BOOMBOX CELLULOSE	0	0	szt.	3,05	3,75		
 	towar	AROMA/BLUE BUTTERFLY	AROMA CAR BLUEBERRY BUTTERFLY	0	0	szt.	5,57	6,85		
 	towar	AROMA/BLUE DIAMOND	AROMA CAR BLUE DIAMOND GIRL MUERTOS	0	0	szt.	3,13	3,85		
 	towar	AROMA/BLACK CARD	AROMA CAR BLACK PRESTIGE CARD	0	0	szt.	3,05	3,75		
 	towar	AROMA/BLACK HEX	AROMA CAR BLACK HEX	0	0	szt.	7,7	9,47		
 	towar	AROMA/BLACK CITY	AROMA CAR BLACK CITY CELLULOSE	0	0	szt.	2,77	3,41		
 	towar	AROMA/BLACK DOG	AROMA CAR BLACK ANGRY DOG	0	0	szt.	5,41	6,65		
 	towar	M816/1	ARIO PLUS - 1 KG	0	0	szt.	0	0	K2, Automat- szampon niskopieniący	
 	towar	M216/20	ARIO PLUS  - 20 KG	0	0	szt.	111,4	137,02	 niskopieniący	
 	towar	AR/750	ARIGEN 750ml	0	0	szt.	11,31	13,91	neutralizuje zapachy	
 	towar	EX-BACTERIA/5	Arcylmed Ex-Bacteria 5L	0	0	szt.	0	0		3808 94 90
 	towar	EX-BACTERIA/50 ML	Arcylmed Ex-Bacteria 50 ML	0	0	szt.	0	0		3808 94 90
 	towar	RO-AQM/5	Aqua Magic 5kg	0	0	szt.	93,33	114,8		
 	towar	RO-AQM/1	Aqua Magic 1L	0	0	szt.	40	49,2		
 	towar	B28039	Apteczka samochodowa DIN1316 materiałowa	0	0	szt.	30,36	32,79	Bottari 	
 	towar	B28037-APT	APTECZKA SAMOCHODOWA B INTER	0	0	szt.	0	0	Bottari	
 	towar	ASE	APTECZKA SAMOCHODOWA	0	0	szt.	0	0	wg normy EURO	
 	towar	E APTECZKA	Apteczka podróżna VERA-Classic 	0	0	szt.	0	0	ETRA	
 	towar	APTECZKA	APTECZKA FAMILY	0	0	szt.	0	0		
 	towar	B28995	Apteczka ECO plastikowa	0	0	szt.	5,26	5,68	Bottari	
 	towar	0777	APTECZKA CLASSIC	0	0	szt.	0	0	DIN13164PL019/FOTOD	
 	towar	51A	APLIKATOR ŻÓŁTO-CZARNY DO OPON	0	0	szt.	4,9	6,03	Tenzi	
 	towar	417.641	APLIKATOR GĄBKA SUPER MIĘKKA 6SZT	0	0	szt.	54,98	67,63		
 	towar	PO12 (5)	APC OUT 5L	0	0	szt.	131,56	161,82		3402 20 90
 	towar	PO12	APC OUT 1L	0	0	szt.	31,47	38,71		3402 20 90
 	towar	B10/1	APC IN GT 1 L	0	0	szt.	26,71	32,85		3402 20 90
 	towar	B09/5	APC IN 5 L	0	0	szt.	106,43	130,91	wycofany	3402 20 90
 	towar	Q-67	APC IN 250 ML	0	0	szt.	12,08	14,86	wycofany	3402 20 90
 	towar	B-09/1	APC IN  1L	0	0	szt.	27,5	33,83		3402 20 90
 	towar	APARAT	Aparat PRAKTICA	0	0	szt.	0	0		
 	towar	T46/1	ANTYSTAT 1L	0	0	szt.	17,63	21,68		
 	towar	610.705	ANTYSPIENIACZ 25L	0	0	szt.	288	354,24	Seria Limit	
 	towar	355.041	ANTYROSZENIOWY PREPARAT DO SZYB 300ML	0	0	szt.	13,99	17,21	wycofany	
 	towar	355.241	ANTYROSZENIOWY PREP. DO SZYB 500 ML	0	0	szt.	26,5	32,6		
 	towar	M171/1	Antistatin 1L	0	0	szt.	7,56	9,3		
 	towar	0140	ANTI-SEIZE odrdzewiacz 400ml spray	0	0	szt.	0	0		
 	towar	AI/1	ANTI-INSEKT 1 L	0	0	szt.	13,6	16,73		3402 90 90
 	towar	AI-NIE	ANTI-INSECT 	0	0	litr	287,32	353,4	25 L,  do usuwania owadów i zabrudzeń przemysłowych	3402 90 90
 	towar	AI/5	ANTI- INSEKT 5L	0	0	szt.	80,8	99,38	rozcieńczenie: 1:3 - 1:10 w zależności od rozcieńczenia	3402 90 90
 	towar	ANTI INSECT/25	ANTI INSECT 25 L	0	0	szt.	375,4	461,74		3402 90 90
 	towar	T313	ANTI FROST 50ML	0	0	szt.	10,91	13,42	K2,uniwersalny odmrażacz paliwa 	
 	towar	AF/5	ANTI FOAM 5L	0	0	szt.	314	386,22	antyspieniacz	
 	towar	AF/1	Anti Foam 	0	0	szt.	0	0		
 	towar	01494	AMIO ZESTAW ŻARÓWEK H7+H7 	0	0	szt.	0	0		
 	towar	AMIO1	AMIO PROSTOWNIK 12V 12A amperomierz	0	0	szt.	0	0	do ładowania akumulatorów	
 	towar	ŻA/20	AMERICOL ŻÓŁTA 20L	0	0	szt.	227,88	280,29	żel do mycia silnie brudnych rąk	
 	towar	F47/5	ALUX STRONG EXTRA 5L	0	0	szt.	82,43	101,39		
 	towar	F47/20	ALUX STRONG EXTRA 20L	0	0	szt.	0	0	wycofany	
 	towar	F47/10	ALUX STRONG EXTRA 10L	0	0	szt.	170,62	209,86		
 	towar	A08/20	ALUX STRONG 20L	0	0	szt.	363,68	447,33		3402 20 90
 	towar	A08/10	ALUX STRONG 10L	0	0	szt.	191,07	235,02		3402 20 90
 	towar	W13/0,6	ALUX GT 600 ML	0	0	szt.	10,86	13,36	mycie felg aluminiowych	3402 20 90
 	towar	A-173	ALUX GT 1L	0	0	szt.	17,48	21,5		
 	towar	A09/5	ALUX 5L	0	0	szt.	53,78	66,15		3402 20 90
 	towar	A09/20	ALUX 20L	0	0	szt.	194,99	239,84		3402 20 90
 	towar	A09/1	ALUX 1L	0	0	szt.	16,99	20,9		3402 20 90
 	towar	A09/10	ALUX 10L	0	0	szt.	102,7	126,32		3402 20 90
 	towar	Q-13	ALUX 0,5L	0	0	szt.	9,84	12,1	wycofany, mycie i konserwacja felg	3402 20 90
 	towar	ALUMINIUM/25	ALUMINIUM 25 KG-preparat do czyszczenia aluminium	0	0	szt.	440	541,2		
 	towar	0143I/5	Aluminium 0143i	0	0	szt.	0	0		
 	towar	0143I/05	Aluminium 0143i	0	0	szt.	0	0		
 	towar	K003	ALUCHROM PASTA 120G.	0	0	szt.	6,15	7,56	K2, 24k	
 	towar	ALU/5	ALU CLEANER 100 5 L	0	0	szt.	66,5	81,8	preparat do czyszczenia aluminium	3402 90 90
 	towar	ALU/100/20	ALU CLEANER 100 20L	0	0	szt.	240	295,2	preparat do czyszczenia aluminium	3402 90 90
 	towar	5741	Alternator	0	0	szt.	0	0		
 	towar	ALOT/5	ALOT 5 L	0	0	szt.	68,49	84,24	mycie felg	
 	towar	MJ-1	ALLOTOL 1L	0	0	szt.	0	0		
 	towar	MJ-3	ALKOMBI 1L	0	0	szt.	0	0		
 	towar	AL-HR/10	ALFANOL HR 10L	0	0	szt.	0	0		
 	towar	RO-100/1	ALCOFLOR 1 L	0	0	szt.	20,36	25,04		
 	towar	RO-100/5	ALCOFLOOR 5L.	0	0	szt.	74,71	91,89		
 	towar	RO-AF/10	Alcofloor 10l	0	0	szt.	144,62	177,88		
 	towar	K608	ALASKA 750 ML SPRAY ODMRAŻACZ DO SZYB	0	0	szt.	11,02	13,55	K2, 12k	
 	towar	K607	ALASKA 700 ML ODMRAŻACZ SZYB ATOMIZER	0	0	szt.	9,45	11,62	K2, 12k	
 	towar	K603	ALASKA 300 ML SPRAY ODMRAŻACZ DO SZYB	0	0	szt.	5,15	6,33	24k	
 	towar	AP572	ALA-01 Mycie aluminium 5 l	0	0	szt.	51,45	63,28		
 	towar	AP571	ALA-01 Mycie aluminium 1 l	0	0	szt.	12,13	14,92		
 	towar	15666	AKWANOL 1L	0	0	szt.	0	0	Płyn do ukł. pneumatycznych	
 	towar	MYJKA/1	AKUMULATOROWA MYJKA DO SZYB	0	0	szt.	0	0	LEIFH	
 	towar	643.705	AKTYWNY WOSK TWARDY FORMUŁA PLUS 25 L- 643	0	0	szt.	1228,5	1511,06	wycofany 	
 	towar	643.700	AKTYWNY WOSK TWARDY FORMUŁA PLUS 20L	0	0	szt.	578	710,94	wycofany	
 	towar	259.200	AKTYWNY SZAMPON CERAMICZNY XTREME 500ML	0	0	szt.	37,03	45,55	szampon z powłoką ceramiczną	
 	towar	CL820	AKTYWNA PIANKA DO KLIMATYZACJI - 300 ML	0	0	szt.	0	0	ENYRUN	
 	towar	CL800	AKTYWNA PIANKA CZYSZCZĄCA - 750 ML	0	0	szt.	0	0	ENYRUN,	
 	towar	618.300	AKTYWNA PIANA ENERGY KONCENTRAT 1 L	0	0	szt.	49,66	61,08	25%	3402 20 90
 	towar	M100/5	AKTYWNA PIANA - 5 KG	0	0	szt.	32,89	40,45	K2,obfita piana jako wstępne lub szampon, Do wysprzedaży	
 	towar	AKTÓWKA	AKTÓWKA - TECZKA KIEROWCY A5	0	0	szt.	0	0	ETRA, Ekoskóra	
 	towar	K177	AKRA 770 ML	0	0	szt.	9,19	11,3	K2,do mycia silników i części	
 	towar	K175	AKRA 5 L 	0	0	szt.	34,37	42,28	K2, do mycia silnika i części 	
 	towar	IO/3	AKCESORIA TRANSLAV	0	0	szt.	0	0	części inżektora transnet	
 	towar	IO/10	AKCESORIA DO INŻEKTORA	0	0	szt.	0	0	części inżektora Watersystem	
 	towar	65111	AIRBRAKE ANTIFREEZE 1L	0	0	szt.	0	0		
 	towar	RO-206/055	Air Magic z/at  0,55 L	0	0	szt.	26,67	32,8		
 	towar	RO-206/5	Air Magic 5kg	0	0	szt.	202,04	248,51		
 	towar	RO-206/1L	AIR MAGIC 1L - ODŚWIEŻACZ POWIETRZA	0	0	szt.	51,36	63,17	nowa zmieniona pojemność	
 	towar	RO-206/1	Air Magic 1kg	0	0	szt.	51,36	63,17		
 	towar	RO-206/10	Air Magic 10L	0	0	szt.	392,07	482,25	odświeżacz powietrza	3307 49 00
 	towar	RO-206/06	Air Magic 0,6 l  odśw. powietrza	0	0	szt.	37,56	46,2	odświeżacz powietrza	3307 49 00
 	towar	AIR FRESH/1	AIR FRESH 1 L	0	0	szt.	33,2	40,84	odświeżacz powietrza	
 	towar	AIR FRESH/0,5	AIR FRESH 0,5L L	0	0	szt.	25,3	31,12	odświeżacz powietrza	
 	towar	AIR CLIM/200	AIR CLIM 200ML	0	0	szt.	14,98	16,18	DEZYNFEKCJA	
 	towar	AIR CLIM/200 PROMOCJ	AIR CLIM 200ML	0	0	szt.	14,98	16,18	 PROMOCJA, DEZYNFEKCJA	
 	towar	AIR CLIM	AIR CLIM 150ML	0	0	szt.	12,3	15,13	odswieża klimatyzacje CYTRYNA 	
 	towar	AIR CLIM(P)	AIR CLIM 150ML	0	0	szt.	12,3	15,13	odswieża klimatyzacje CYTRYNA 	
 	towar	821.300	ADEZYJNY PREPARAT  SPAWALNICZY 400 ml	0	0	szt.	12,99	15,98	wycofany, professional	
 	towar	ADB000165	ADBL YETI POLNESIAN FOREST 1L - piana aktywna	0	0	szt.	36,5	44,9	K	
 	towar	ADB000356/5	ADBL YETI PEARL 5L- piana aktywna	0	0	szt.	113,74	139,9	K	
 	towar	ADB000356	ADBL YETI PEARL 1L- piana aktywna	0	0	szt.	40,57	49,9	K	
 	towar	ADB000166	ADBL YETI JELLLY BEAN 1L - piana aktywna 	0	0	szt.	36,5	44,9	K, piana aktywna o neutralnym ph	
 	towar	ADBL WHEEL SWORD 	ADBL WHEEL SWORD SZCZOTKA DO FELG DUŻA	0	0	szt.	40,57	49,9	SZCZOTKA DO FELG DUŻA ADBL	
 	towar	ADBL WHEEL DAGGER	ADBL WHEEL DAGGER SZCZOTKA DO FELG MAŁA	0	0	szt.	32,44	39,9	SZCZOTKA DO FELG MAŁA ADBL	
 	towar	ADB000312	ADBL WAX ONE - twardy wosk 	0	0	szt.	48,7	59,9		
 	towar	ADB000605(1)	ADBL VAMPIRE LIQUID 5L - mycie felg i karoserii	0	0	szt.	178,78	219,9	deiroznizer do mycia felg i karoserii o neutralnym ph	
 	towar	ADB000600	ADBL VAMPIRE LIQUID 500ML - mycie felg i karoserii	0	0	szt.	30,81	37,9	G, deiroznizer do mycia felg i karoseri o neutralnym ph	
 	towar	ADB000605	ADBL VAMPIRE LIQUID 1L - mycie felg i karoserii	0	0	szt.	48,7	59,9	G, deiroznizer do mycia felg i karoserii o neutralnym ph	
 	towar	ADB000192(1)	ADBL VAMPIRE LIGHT 5L	0	0	szt.	162,52	199,9	płyn do mycia felg o neutralnym ph	
 	towar	ADB000193	ADBL VAMPIRE LIGHT 500ML	0	0	szt.	30	36,9	G, płyn do mycia felg o neutralnym ph	
 	towar	ADB000192	ADBL VAMPIRE LIGHT 1L	0	0	szt.	46,26	56,9	G, płyn do mycia felg o neutralnym ph	
 	towar	ADBL 2	ADBL TWISTER SOFT 50MM - szczotka do wkrętarki	0	0	szt.	30,81	37,9		
 	towar	ADB000295	ADBL TWISTER SOFT 125MM SZCZOTKA MONTOWANA	0	0	szt.	44,63	54,9	do wkrętarki/wiertarki	
 	towar	ADBL 1	ADBL TWISTER MEDIUM 50MM - szczotka do wkrętarki	0	0	szt.	32,44	39,9		
 	towar	ADB000296	ADBL TWISTER MEDIUM 125MM SZCZOTKA MONTOWANA 	0	0	szt.	52,76	64,9	do wkrętarki/wiertarki	
 	towar	ADB000161(1)	ADBL TIRE DRESSING 1 L	0	0	szt.	130	159,9	wycofany,dressing do opon, do nabłyszczania i zabezpieczenia opon	
 	towar	ADBL TIRE 0,5	ADBL TIRE AND RUBBER CLEANER 500ML	0	0	szt.	0	0	ADBL+trygger- do czyszczenia opon i elementów gumowych	
 	towar	ADBL TIRE 1L	ADBL TIRE ADN RUBBER CLEANER 1L	0	0	szt.	0	0	+trygger- do czyszczenia opon i elementów gumowych	
 	towar	ADB000033	ADBL TICKLER - okrągły aplikator z mikrofibry	0	0	szt.	12,11	14,9		
 	towar	ADB000120	ADBL TAR REMOWER THIXOTROPIC 1 L	0	0	szt.	44,63	54,9	G, do usuwania smoły i kleju	
 	towar	ADB000120(5)	ADBL TAR  REMOVER THIXOTROPIC 5l	0	0	szt.	162,52	199,9	do usuwania smoły i kleju	
 	towar	ADB000115	ADBL TAR  REMOVER THIXOTROPIC 500ML	0	0	szt.	32,44	39,9	G, do usuwania smoły i kleju	
 	towar	ADB000353/5	ADBL TANGY 5L - szampon kwaśny	0	0	szt.	138,13	169,9	K	
 	towar	ADB000352	ADBL TANGY 500ML	0	0	szt.	31,63	38,9	K, szampon kwaśny 	
 	towar	ADB000353	ADBL TANGY 1L - szampon kwaśny	0	0	szt.	53,58	65,9	K	
 	towar	ADB6	ADBL T1 - ręczniki z mikrofibry	0	0	szt.	64,96	79,9		
 	towar	ADB0000090	ADBL SYNTHETIC SPRAY WAX 500ML - wosk na mokro	0	0	szt.	40,57	49,9	G	
 	towar	ADB000635	ADBL SYNTHETIC SPRAY WAX 1L - wosk na mokro	0	0	szt.	64,96	79,9	G	
 	towar	ADB00000074	ADBL SNOWBALL SHAMPOO 500ML	0	0	szt.	19,43	23,9	K, szampon o neutralnym ph	
 	towar	ADB0000062	ADBL SNOWBALL SHAMPOO 1L	0	0	szt.	32,44	39,9	K, szampon o neutralnych ph	
 	towar	ADB000127	ADBL ROUND DETAILING BRUSH ROZM. 8	0	0	szt.	7,24	8,9		
 	towar	ADB000129	ADBL ROUND DETAILING BRUSH ROZM. 16	0	0	szt.	12,11	14,9		
 	towar	ADB000128	ADBL ROUND DETAILING BRUSH ROZM. 12	0	0	szt.	8,86	10,9		
 	towar	ADB1245	ADBL ROLLER SOFT DA 75 CZERWONY	0	0	szt.	13,74	16,9		
 	towar	ADB1245(1)	ADBL ROLLER SOFT DA 150 CZERWONY	0	0	szt.	25,94	31,9		
 	towar	ADB1245(1)(1)	ADBL ROLLER SOFT DA 125 CZERWONY	0	0	szt.	21,87	26,9	POLISH	
 	towar	ADB5	ADBL ROLLER POLISH DA 75 żółty	0	0	szt.	0	0		
 	towar	ADB4	ADBL ROLLER POLISH DA 125 zółty	0	0	szt.	21,87	26,9		
 	towar	ADB3(1)(1)	ADBL ROLLER ONE STEP R 75 pomarańczowy	0	0	szt.	15,37	18,9	R - bez dziurki	
 	towar	ADB3(2)(1)	ADBL ROLLER ONE STEP R 150 pomarańczowy	0	0	szt.	25,94	31,9	R - bez dziurki	
 	towar	ADB3(3)	ADBL ROLLER ONE STEP R 125 pomarańczowy	0	0	szt.	21,87	26,9	R - bez dziurki	
 	towar	ADB3(1)	ADBL ROLLER ONE STEP DA 75 pomarańczowy	0	0	szt.	15,37	18,9		
 	towar	ADB3(2)	ADBL ROLLER ONE STEP DA 150 pomarańczowy	0	0	szt.	25,94	31,9		
 	towar	ADB3	ADBL ROLLER ONE STEP DA 125 pomarańczowy	0	0	szt.	21,87	26,9		
 	towar	ADB1	ADBL ROLLER HARD CUT R 150 niebieski	0	0	szt.	25,94	31,9	R - bez dziurki	
 	towar	ADB1(2)	ADBL ROLLER HARD CUT R 125 niebieski	0	0	szt.	21,87	26,9	R - bez dziurki	
 	towar	ADB2	ADBL ROLLER HARD CUT DA 75 niebieski	0	0	szt.	15,37	18,9		
 	towar	ADB1(1)	ADBL ROLLER HARD CUT DA 150 niebieski	0	0	szt.	25,94	31,9		
 	towar	ADB43567(1)(1)	ADBL ROLLER FINISH R 150 czarny	0	0	szt.	25,94	31,9	R- bez dziurki	
 	towar	ADB43567(1)	ADBL ROLLER FINISH R 125 czarny	0	0	szt.	21,87	26,9	R- bez dziurki	
 	towar	ADB43567	ADBL ROLLER FINISH DA 150 czarny	0	0	szt.	25,94	31,9		
 	towar	ADB43567(2)	ADBL ROLLER FINISH DA 125 czarny	0	0	szt.	21,87	26,9		
 	towar	ADB223355(1)	ADBL ROLLER FINAL FINISH R 150 jasny zielony	0	0	szt.	25,94	31,9	R - bez dziurki	
 	towar	ADB223355	ADBL ROLLER FINAL FINISH R 125 jasny zielony	0	0	szt.	20,24	24,9	R - bez dziurki	
 	towar	ADB2233444(1)	ADBL ROLLER EVO R 125 ZIELONY	0	0	szt.	24,31	29,9	R- bez dziurki 	
 	towar	ADB2233444	ADBL ROLLER EVO DA 125 ZIELONY	0	0	szt.	21,87	26,9		
 	towar	ADB1121(2)(2)	ADBL ROLLER CUT R 75 BIAŁY	0	0	szt.	15,37	18,9	R - bez dziurki, twardy	
 	towar	ADB1121(2)(1)	ADBL ROLLER CUT R 150 BIAŁY	0	0	szt.	25,94	31,9	R - bez dziurki, twardy	
 	towar	ADB1121(2)	ADBL ROLLER CUT R 125 BIAŁY	0	0	szt.	21,87	26,9	R - bez dziurki, twardy	
 	towar	ADB1121(3)	ADBL ROLLER CUT DA 75 BIAŁY	0	0	szt.	15,37	18,9	twardy	
 	towar	ADB1121(1)	ADBL ROLLER CUT DA 150 BIAŁY	0	0	szt.	25,94	31,9	twardy	
 	towar	ADB1121	ADBL ROLLER CUT DA 125 BIAŁY	0	0	szt.	21,87	26,9	twardy	
 	towar	ADB000004	ADBL QUICK WAX 500ML 	0	0	szt.	46,26	56,9	G	
 	towar	ADB000030	ADBL QUICK WAX 1L - wosk do zabezpieczania lakieru	0	0	szt.	71,46	87,9	G	
 	towar	ADB000250	ADBL QD1 QUICK DETAILER 500ML	0	0	szt.	36,5	44,9	G	
 	towar	ADB0000085	ADBL QD1 QUICK DETAILER 1L	0	0	szt.	52,76	64,9	G	
 	towar	ADB000117	ADBL PUFFY TOWEL XL - mikrofibra do osuszania	0	0	szt.	56,83	69,9		
 	towar	ADB000318	ADBL PUFFY TOWEL LIGHT - mikrofibra do wosków	0	0	szt.	24,31	29,9	41x41cm, 600G	
 	towar	ADB000027	ADBL PUFFY TOWEL - mikrofibra do docierania wosku	0	0	szt.	28,37	34,9	41x41cm	
 	towar	ADB000308	ADBL PINKY - bezszwowe ręczniki z mikrofibry	0	0	szt.	73,09	89,9	różowa, zestaw - 10szt	
 	towar	ADB000309	ADBL NEON - bezszwowe ręczniki z mikrofibry	0	0	szt.	56,83	69,9	zielona, zestaw - 10szt	
 	towar	ADB000114	ADBL MR GRAY TOWEL- ręcznik mikrofibra	0	0	szt.	28,37	34,9	40x60cm	
 	towar	ADB000161	ADBL MP TIRE MOUSSE 200 ML	0	0	szt.	32,44	39,9	wycofany,dressing do opon	
 	towar	ADB132	ADBL MATT MAX 500ML - matowy dressing do tworzyw	0	0	szt.	40,57	49,9	G	
 	towar	ADB132(1)	ADBL MATT MAX 1L - matowy dressing do tworzyw	0	0	szt.	64,96	79,9	G	
 	towar	ADB000249	ADBL MAGIC MIST QD1 200ML	0	0	szt.	18,62	22,9	odświeżacz	
 	towar	ADB000248	ADBL LEATHER KIT - zestaw do czyszczenia skór	0	0	szt.	121,87	149,9		
 	towar	LEATHERCONDITIONER	ADBL LEATHER CONDITIONER 500ML	0	0	szt.	64,96	79,9	ŚRODEK DO KONSERWACJI I ZABEZPIECZANIA SKÓRY +SPRYSKIWACZ	
 	towar	ADB000243/NIE	ADBL LEATHER CLEANER 500ML + PIANOWNICA 	0	0	szt.	36,5	44,9	czyszczenie skór	
 	towar	ADB000001	ADBL LEATHER CLEANER 500ML	0	0	szt.	36,5	44,9	G, 	
 	towar	ADB000241	ADBL LEA - biała mikrofibra do czyszczenia skóry	0	0	szt.	12,11	14,9		
 	towar	ADB000259	ADBL IPA 1L - odtłuszczacz	0	0	szt.	43,82	53,9	K	
 	towar	ADB000178	ADBL INTERIOR WOW LIMITED EDITION 500ML	0	0	szt.	40,57	49,9	K, perfumowany dressing do tworzyw sztucznych	
 	towar	ADB000178(1)(1)	ADBL INTERIOR WOW LIMITED EDITION  5 L	0	0	szt.	224,08	275,62	K, perfumowany dressing do tworzyw sztucznych.winyl czy gumę, satynowe wykończenie	
 	towar	ADB000178(1)	ADBL INTERIOR WOW LIMITED EDITION  1 L	0	0	szt.	64,96	79,9	K, perfumowany dressing do tworzyw sztucznych	
 	towar	ADB000000103	ADBL INTERIOR WOW 500ML	0	0	szt.	40,57	49,9	G, bananowy dressing do tworzyw sztucznych , satynowe wykończenie	
 	towar	ADB000000103(1)	ADBL INTERIOR WOW 1L - bananowy dressing	0	0	szt.	64,96	79,9	G, bananowy dressing do tworzyw sztucznych	
 	towar	ADB000170/5	ADBL INTERIOR QD UNLIMITED 5L	0	0	szt.	107,24	131,91	G, quick detailer do wnętrza	
 	towar	ADB000170	ADBL INTERIOR QD UNLIMITED 500ML	0	0	szt.	30,81	37,9	G, quick detailer do wnętrza	
 	towar	ADB000535	ADBL INTERIOR QD 500ML	0	0	szt.	30,81	37,9	G, quick detailer do wnętrza	
 	towar	ADB0000035	ADBL INTERIOR QD 1L	0	0	szt.	42,2	51,9	G, quick detailer do wnetrza	
 	towar	ADB000175	ADBL INTERIOR CLEANER 500ML	0	0	szt.	24,31	29,9	G, do czyszczenia wnętrza	
 	towar	ADB000174	ADBL INTERIOR CLEANER 1L	0	0	szt.	28,37	34,9	G, do czyszczenia wnętrza	
 	towar	ADB000288	ADBL HYBRID GLASS 500ML	0	0	szt.	33,25	40,9	G, płyn do mycia szyb z niewidzialną wycieraczką	
 	towar	ADB000289	ADBL HYBRID GLASS 1L	0	0	szt.	44,63	54,9	G, płyn do mycia szyb z niewidzialną wycieraczką	
 	towar	ADB000000800	ADBL GLASS POLISH 200ML- pasta do polerowania szyb	0	0	szt.	54,38	66,89		
 	towar	ADB00000081/ULTRA	ADBL GLASS CLEANER ULTRA1 L	0	0	szt.	32,44	39,9	G, płyn do mycia szyb	
 	towar	ADB00000080	ADBL GLASS CLEANER 500ML	0	0	szt.	24,31	29,9	G, płyn do mycia szyb	
 	towar	ADB00000081	ADBL GLASS CLEANER 1L	0	0	szt.	32,44	39,9	G, płyn do mycia szyb	
 	towar	ADB00000081(1)(2)	ADBL GLASS CLEANER (2) 5L	0	0	szt.	76,34	93,9	płyn do mycia szyb KOLOR, wzmocniona wersja - zwiększenie ilości rozpuszczalników przez co jest lepsze odtłuszczanie. Zwiększone odparowywanie	
 	towar	ADB00000081(1)(1)	ADBL GLASS CLEANER (2) 500ML	0	0	szt.	24,31	29,9	G, płyn do mycia szyb KOLOR, wzmocniona wersja - zwiększenie ilości rozpuszczalników przez co jest lepsze odtłuszczanie. Zwiększone odparowywanie	
 	towar	ADB00000081(1)	ADBL GLASS CLEANER (2) 1L	0	0	szt.	32,44	39,9	G, płyn do mycia szyb KOLOR, wzmocniona wersja - zwiększenie ilości rozpuszczalników przez co jest lepsze odtłuszczanie. Zwiększone odparowywanie	
 	towar	ADBL FROST EATER	ADBL FROST EATER 500ML	0	0	szt.	17,88	21,99	+trigger, Odmrażacz do szyb	
 	towar	ADBL DETAILING SWABS	ADBL DETAILING SWAPS - PATYCZKI 	0	0	szt.	6,42	7,9	PATYCZKI DO CZYSZCZENIA CIĘŻKO DOSTĘPNYCH MIEJSC	
 	towar	ADB000088	ADBL CERAMITT - rękawica do mycia 	0	0	szt.	44,63	54,9		
 	towar	ADB000285	ADBL CERAMIC QD 500ML	0	0	szt.	44,63	54,9	G, syntetyczny quick detailer do lakieru	
 	towar	ADB000286	ADBL CERAMIC QD 1L	0	0	szt.	69,84	85,9	G, syntetyczny quick detailer do lakieru	
 	towar	ADB000173	ADBL BONNET 500ML	0	0	szt.	20,24	24,9	G, czyszczenie podsufitki i tapicerki materiałowej	
 	towar	ADB000333	ADBL BONNET 1L	0	0	szt.	24,31	29,9	G, czyszczenie podsufitki i tapicerki materiałowej	
 	towar	ADBL BLACKOUTER	ADBL BLACKOUTER 500ML	0	0	szt.	56,83	69,9		
 	towar	ADBL BLAK WATER	ADBL BLACK WATER 500 ML-do konserwacji gumy i opon	0	0	szt.	30	36,9	+ trigger	
 	towar	ADB000210	ADBL BEETLE JUICE SQUEEZER 500ML	0	0	szt.	20,24	24,9	G, usuwanie insektów z karoserii	
 	towar	ADB00000086	ADBL BEETLE JUICE SQUEEZER 1L	0	0	szt.	30	36,9	G, usuwanie insektów z karoserii	
 	towar	ADB000050	ADBL APC -Typhoon  5L	0	0	szt.	97,48	119,9	K, skoncentrowany srodek do czyszczenia	
 	towar	ADB000040	ADBL APC 500ML	0	0	szt.	22,68	27,9	K, skoncentrowany środek do czyszczenia	
 	towar	ADB000045	ADBL APC 1L	0	0	szt.	37,04	45,56	K, skoncentrowany srodek do czyszczenia	
 	towar	SCHMIK-01	ADAPTER INŻEKTOR  PIAN. URZ. KARCHER 	0	0	szt.	0	0	inżektor- Nerta	
 	towar	MH-240019	ADAPTER GZ M22X1,5 / GZ 1/2'	0	0	szt.	0	0		
 	towar	ZS-7019	ADAPTER GW/GW 1/2" BSP	0	0	szt.	0	0	CA-308004	
 	towar	AV	Adapter do pompy Venus	0	0	szt.	2,5	3,08		
 	towar	IO/6	ADAPTER - INŻEKTOR OPRYSKU	0	0	szt.	0	0	WEGA, inżektor taki jak z Easy Wash	
 	towar	HAN03788	AD BLUE 5 L/WAB BLUE	0	0	szt.	0	0	WAB BLUE 5L WABA	
 	towar	AD BASIC/25	AD BASIC ACTIVATOR 25 L	0	0	szt.	0	0	SHINE	
 	towar	ACTIVE/25	ACTIVE DIAMOND FOAM 25L	0	0	szt.	420,95	517,77	preparat do mycia bezdotykowego	3402 90 90
 	towar	AFP/25- NIE	ACTIF FOAM PERFUMED 25L	0	0	szt.	339,98	418,18		
 	towar	83930	ACRYSOL 500ML	0	0	szt.	0	0		
 	towar	EX-BACTERIA/0,5	Acrylmed Ex-Bacteria 0,5L	0	0	szt.	0	0		3808 94 90
 	towar	SC160/10	ACORDOL REINIGER 160  10KG	0	0	szt.	105	129,15	kwas do aluminium	
 	towar	ACINET100/5	ACINET100 5 L	0	0	szt.	80,4	98,89		
 	towar	ACID FOAM HMS/1	ACID FOAM HMS 1 L kwaśna piana do mycia aut	0	0	szt.	0	0		
 	towar	ACETON 5 L	ACETON 5 L	0	0	szt.	0	0		
 	towar	ACE/1	ACE - WYBIELACZ 1L	0	0	szt.	0	0	Chemdom	
 	towar	95111	AC-211  1L	0	0	szt.	0	0		
 	towar	W525	ABRA PASTA 5L- pasta do rąk	0	0	szt.	44,22	54,39	K2	
 	towar	W521(1)	ABRA PASTA  500ML - do mycia rąk	0	0	szt.	6,27	6,77	8%, K2	
 	towar	W521	ABRA PASTA  500ML - do mycia rąk	0	0	szt.	6,27	7,71	K2	
 	towar	W525 N	ABRA PASTA  5 L - do mycia rąk	0	0	szt.	0	0	8%, K2	
 	towar	ABE MYDŁO KOLOR/5	ABE 5 L Mydło w płynie KOLOR 	0	0	szt.	0	0		
 	towar	991	991 - Wielofunkcyjny dodat. uszl. do ON 150 ml.	0	0	szt.	0	0	PETRO-OIL	
 	towar	409	409 - Wielofunkcyjny dodat. uszl. benzynę 150 ml.	0	0	szt.	0	0	PETRO- OIL	
 	towar	K20705	07 PENETRUS 50ML	0	0	szt.	3,95	4,86		
 	towar	0715	07 PENETRUS 150 ML	0	0	szt.	7,65	9,41	preparat wielozadaniowy usuwa wodę,smaruje,konserwuje	
 	towar	6.002.0246	 LANCA - KOMPLET	0	0	szt.	169,5	208,49	Lavor ,ZAKUP WRAZ KOSZTEM TRANSPORTU -179,76 BRUTTO, 146,15 NETTO	
